ProductID,ProductName,Category,Type,Price,Stock,LeadTime,ManagedBy,Brand,Description
TNhb-4983,iPhone 13 Pro,Smartphone,Smartphone,405.43,120,10,IT,Apple,The iPhone 13 Pro by Apple combines quality and performance for everyday use.
EeGw-2311,The Silent Patient,Books,EBook,629.8,84,3,IT,Penguin,The The Silent Patient by Penguin combines quality and performance for everyday use.
TMCG-0242,Lego Star Wars,Toy,Toy,179.92,19,2,IT,Playmobil,The Lego Star Wars by Playmobil combines quality and performance for everyday use.
gIiQ-2116,Nike Air Hoodie,Clothing,T-Shirt,166.69,46,2,UE,Zara,The Nike Air Hoodie by Zara combines quality and performance for everyday use.
cJWa-0807,IKEA MALM Bed,Furniture,Table,364.46,138,3,IT,Pottery Barn,The IKEA MALM Bed by Pottery Barn combines quality and performance for everyday use.
lWZz-9346,West Elm Andes Sofa,Furniture,Table,189.94,86,4,UE,Wayfair,The West Elm Andes Sofa by Wayfair combines quality and performance for everyday use.
gRXB-6769,CB2 Peekaboo Table,Furniture,Chair,644.72,178,1,IT,CB2,The CB2 Peekaboo Table by CB2 combines quality and performance for everyday use.
FHDB-7612,Pottery Barn Armchair,Furniture,Chair,417.94,38,6,IT,CB2,The Pottery Barn Armchair by CB2 combines quality and performance for everyday use.
PrAk-5848,Wayfair Coffee Table,Furniture,Chair,935.35,183,7,IT,IKEA,The Wayfair Coffee Table by IKEA combines quality and performance for everyday use.
aBYF-1453,Apple AirPods Pro,Electronics,Smartphone,41.0,157,2,UE,Bose,The Apple AirPods Pro by Bose combines quality and performance for everyday use.
PZkY-5733,Herman Miller Aeron,Furniture,Chair,934.08,22,3,IT,West Elm,The Herman Miller Aeron by West Elm combines quality and performance for everyday use.
MFjW-4530,Adidas Essentials Tee,Clothing,T-Shirt,965.24,26,5,IT,Levi's,The Adidas Essentials Tee by Levi's combines quality and performance for everyday use.
KnIO-4202,Crate & Barrel Bookshelf,Furniture,Chair,461.36,173,3,UE,IKEA,The Crate & Barrel Bookshelf by IKEA combines quality and performance for everyday use.
XuQi-1451,Sony WH-1000XM4,Electronics,Hi-tech,127.76,57,6,IT,Sony,The Sony WH-1000XM4 by Sony combines quality and performance for everyday use.
BXBD-2124,Barbie Dreamhouse,Toy,Toy,463.59,177,7,IT,Lego,The Barbie Dreamhouse by Lego combines quality and performance for everyday use.
hQOf-3394,Atomic Habits,Books,EBook,495.14,145,4,IT,Simon & Schuster,The Atomic Habits by Simon & Schuster combines quality and performance for everyday use.
zaCb-2951,Bose SoundLink,Electronics,Smartphone,14.43,119,9,UE,Anker,The Bose SoundLink by Anker combines quality and performance for everyday use.
hYGp-7829,The Midnight Library,Books,EBook,627.27,39,3,IT,Penguin,The The Midnight Library by Penguin combines quality and performance for everyday use.
tAWl-3059,Article Timber Sofa,Furniture,Chair,924.03,43,4,IT,Pottery Barn,The Article Timber Sofa by Pottery Barn combines quality and performance for everyday use.
lmCx-8612,Hot Wheels Mega Garage,Toy,Toy,625.25,196,3,UE,Fisher-Price,The Hot Wheels Mega Garage by Fisher-Price combines quality and performance for everyday use.
cNHs-9823,NERF Elite 2.0,Toy,Toy,655.15,108,8,IT,Lego,The NERF Elite 2.0 by Lego combines quality and performance for everyday use.
JUty-1496,Burrow Nomad Couch,Furniture,Table,993.28,145,9,IT,West Elm,The Burrow Nomad Couch by West Elm combines quality and performance for everyday use.
UuJy-2778,Amazon Echo Dot,Electronics,Smartphone,102.52,175,10,UE,Sony,The Amazon Echo Dot by Sony combines quality and performance for everyday use.
gjvV-5791,Sapiens,Books,EBook,135.54,147,6,IT,Simon & Schuster,The Sapiens by Simon & Schuster combines quality and performance for everyday use.
suOu-7663,Levi's 511 Jeans,Clothing,Jacket,755.19,171,6,IT,Zara,The Levi's 511 Jeans by Zara combines quality and performance for everyday use.
cYGL-4043,Play-Doh Kitchen,Toy,Toy,428.15,140,3,,Playmobil,The Play-Doh Kitchen by Playmobil combines quality and performance for everyday use.
IFMD-9485,Blu Dot Strut Desk,Furniture,Table,432.35,84,6,,Wayfair,The Blu Dot Strut Desk by Wayfair combines quality and performance for everyday use.
ieuz-8185,Educated,Books,EBook,440.25,14,2,IT,Penguin,The Educated by Penguin combines quality and performance for everyday use.
CfGy-8724,Where the Crawdads Sing,Books,EBook,559.79,61,4,IT,Random House,The Where the Crawdads Sing by Random House combines quality and performance for everyday use.
JkYE-9181,IKEA MALM Bed,Furniture,Table,280.15,69,10,IT,IKEA,The IKEA MALM Bed by IKEA combines quality and performance for everyday use.
RfpW-0883,West Elm Andes Sofa,Furniture,Table,184.76,79,2,IT,CB2,The West Elm Andes Sofa by CB2 combines quality and performance for everyday use.
xbeQ-5457,Fisher-Price Laugh & Learn,Toy,Toy,820.85,125,1,UE,Playmobil,The Fisher-Price Laugh & Learn by Playmobil combines quality and performance for everyday use.
QFlZ-8238,CB2 Peekaboo Table,Furniture,Chair,88.98,182,10,UE,West Elm,The CB2 Peekaboo Table by West Elm combines quality and performance for everyday use.
gyuN-0507,Zara Slim Blazer,Clothing,T-Shirt,561.33,136,1,IT,H&M,The Zara Slim Blazer by H&M combines quality and performance for everyday use.
fUTs-1829,North Face Puffer Jacket,Clothing,Jacket,826.28,125,6,IT,Zara,The North Face Puffer Jacket by Zara combines quality and performance for everyday use.
QIDP-4657,H&M Cotton Shirt,Clothing,Jacket,692.25,183,10,IT,Levi's,The H&M Cotton Shirt by Levi's combines quality and performance for everyday use.
DhcP-9264,Becoming,Books,EBook,49.09,61,1,IT,HarperCollins,The Becoming by HarperCollins combines quality and performance for everyday use.
JezU-6048,Uniqlo Ultra Light Down,Clothing,T-Shirt,611.25,132,8,IT,Puma,The Uniqlo Ultra Light Down by Puma combines quality and performance for everyday use.
tkLW-4029,Google Nest Hub,Electronics,TV,43.38,45,2,IT,Bose,The Google Nest Hub by Bose combines quality and performance for everyday use.
joyz-4282,The Alchemist,Books,EBook,633.26,173,2,UE,HarperCollins,The The Alchemist by HarperCollins combines quality and performance for everyday use.
kesf-3214,Generic Office Chair,Misc,TV,436.83,87,5,IT,Logitech,The Generic Office Chair by Logitech combines quality and performance for everyday use.
PjPH-0464,Samsung Galaxy Buds,Electronics,Hi-tech,80.17,1,5,,Bose,The Samsung Galaxy Buds by Bose combines quality and performance for everyday use.
iSdd-1425,Puma Track Pants,Clothing,T-Shirt,502.5,178,10,UE,Puma,The Puma Track Pants by Puma combines quality and performance for everyday use.
FqqV-5844,Anker SoundCore,Electronics,Smartphone,503.35,32,9,IT,Bose,The Anker SoundCore by Bose combines quality and performance for everyday use.
dbQE-0005,Dune,Books,EBook,136.36,38,3,IT,Bloomsbury,The Dune by Bloomsbury combines quality and performance for everyday use.
oLnE-4952,1984,Books,EBook,873.19,92,7,IT,Penguin,The 1984 by Penguin combines quality and performance for everyday use.
vBQD-6291,Calvin Klein Boxers,Clothing,Jacket,368.51,106,5,UE,Puma,The Calvin Klein Boxers by Puma combines quality and performance for everyday use.
vsRH-2960,Tommy Hilfiger Polo,Clothing,Jacket,363.53,185,2,UE,Puma,The Tommy Hilfiger Polo by Puma combines quality and performance for everyday use.
CqnW-1495,The Silent Patient,Books,EBook,958.29,147,10,IT,HarperCollins,The The Silent Patient by HarperCollins combines quality and performance for everyday use.
VssK-1055,UNO Card Game,Toy,Toy,679.44,39,2,IT,Playmobil,The UNO Card Game by Playmobil combines quality and performance for everyday use.
JRVf-4313,Jenga Classic,Toy,Toy,344.89,107,3,,Lego,The Jenga Classic by Lego combines quality and performance for everyday use.
GSmB-5775,Nike Air Hoodie,Clothing,T-Shirt,217.82,175,3,IT,H&M,The Nike Air Hoodie by H&M combines quality and performance for everyday use.
BvMp-9178,Pottery Barn Armchair,Furniture,Chair,310.72,27,1,IT,IKEA,The Pottery Barn Armchair by IKEA combines quality and performance for everyday use.
JEDL-6798,Adidas Essentials Tee,Clothing,T-Shirt,961.14,183,6,IT,Adidas,The Adidas Essentials Tee by Adidas combines quality and performance for everyday use.
olFd-0300,Atomic Habits,Books,EBook,316.1,18,6,IT,Random House,The Atomic Habits by Random House combines quality and performance for everyday use.
fboh-5937,Levi's 511 Jeans,Clothing,Jacket,997.56,130,2,UE,Nike,The Levi's 511 Jeans by Nike combines quality and performance for everyday use.
Qudx-2448,Fitbit Charge 5,Electronics,Smartphone,139.37,89,6,UE,Apple,The Fitbit Charge 5 by Apple combines quality and performance for everyday use.
pFXC-0459,Garmin Forerunner,Electronics,Smartphone,772.87,20,1,,Sony,The Garmin Forerunner by Sony combines quality and performance for everyday use.
itrC-5597,Wayfair Coffee Table,Furniture,Chair,644.14,79,1,IT,IKEA,The Wayfair Coffee Table by IKEA combines quality and performance for everyday use.
Sxre-2030,The Midnight Library,Books,EBook,971.83,131,4,IT,Bloomsbury,The The Midnight Library by Bloomsbury combines quality and performance for everyday use.
QuUl-8749,Kindle Paperwhite,Electronics,TV,976.93,54,3,IT,Bose,The Kindle Paperwhite by Bose combines quality and performance for everyday use.
tyeC-2254,Sapiens,Books,EBook,450.24,137,1,IT,Random House,The Sapiens by Random House combines quality and performance for everyday use.
srps-7972,Connect 4,Toy,Toy,247.4,196,10,IT,Fisher-Price,The Connect 4 by Fisher-Price combines quality and performance for everyday use.
xLCp-0759,Apple AirPods Pro,Electronics,Smartphone,596.59,57,2,IT,Amazon,The Apple AirPods Pro by Amazon combines quality and performance for everyday use.
qdZH-9877,Herman Miller Aeron,Furniture,Chair,980.39,41,2,,West Elm,The Herman Miller Aeron by West Elm combines quality and performance for everyday use.
Pwga-7746,Educated,Books,EBook,115.14,164,2,IT,Simon & Schuster,The Educated by Simon & Schuster combines quality and performance for everyday use.
nmSW-6668,Crate & Barrel Bookshelf,Furniture,Chair,64.66,173,10,IT,IKEA,The Crate & Barrel Bookshelf by IKEA combines quality and performance for everyday use.
pQxM-8871,Where the Crawdads Sing,Books,EBook,534.52,200,9,IT,HarperCollins,The Where the Crawdads Sing by HarperCollins combines quality and performance for everyday use.
EmjK-9178,Becoming,Books,EBook,384.93,198,8,UE,Random House,The Becoming by Random House combines quality and performance for everyday use.
bhAn-0398,The Alchemist,Books,EBook,318.59,133,3,,Penguin,The The Alchemist by Penguin combines quality and performance for everyday use.
mKgk-2456,Monopoly Classic,Toy,Toy,810.68,45,8,IT,Mattel,The Monopoly Classic by Mattel combines quality and performance for everyday use.
iANi-3516,Lego Star Wars,Toy,Toy,402.67,179,5,UE,Playmobil,The Lego Star Wars by Playmobil combines quality and performance for everyday use.
mgMq-8367,Dune,Books,EBook,196.83,63,1,IT,Random House,The Dune by Random House combines quality and performance for everyday use.
gipK-3736,Article Timber Sofa,Furniture,Chair,830.09,147,7,IT,IKEA,The Article Timber Sofa by IKEA combines quality and performance for everyday use.
Qckn-7988,Barbie Dreamhouse,Toy,Toy,403.03,196,5,IT,Lego,The Barbie Dreamhouse by Lego combines quality and performance for everyday use.
XXGf-8148,1984,Books,EBook,633.2,10,3,UE,HarperCollins,The 1984 by HarperCollins combines quality and performance for everyday use.
Qcfv-0534,The Silent Patient,Books,EBook,201.47,82,7,IT,Simon & Schuster,The The Silent Patient by Simon & Schuster combines quality and performance for everyday use.
ByEE-7591,Atomic Habits,Books,EBook,437.29,19,1,IT,HarperCollins,The Atomic Habits by HarperCollins combines quality and performance for everyday use.
uaKQ-3184,Burrow Nomad Couch,Furniture,Table,359.12,48,3,IT,Pottery Barn,The Burrow Nomad Couch by Pottery Barn combines quality and performance for everyday use.
KaAC-7684,The Midnight Library,Books,EBook,660.52,89,3,IT,Simon & Schuster,The The Midnight Library by Simon & Schuster combines quality and performance for everyday use.
yNlO-5615,Sapiens,Books,EBook,271.88,22,8,UE,Simon & Schuster,The Sapiens by Simon & Schuster combines quality and performance for everyday use.
ZmiX-0179,Blu Dot Strut Desk,Furniture,Table,84.27,8,5,IT,CB2,The Blu Dot Strut Desk by CB2 combines quality and performance for everyday use.
KjCa-8653,Sony WH-1000XM4,Electronics,TV,550.3,99,1,IT,Amazon,The Sony WH-1000XM4 by Amazon combines quality and performance for everyday use.
YQtf-4263,Bose SoundLink,Electronics,Hi-tech,164.25,47,10,IT,Amazon,The Bose SoundLink by Amazon combines quality and performance for everyday use.
jpYY-1718,Amazon Echo Dot,Electronics,TV,27.43,113,10,UE,Sony,The Amazon Echo Dot by Sony combines quality and performance for everyday use.
jHXL-6684,Google Nest Hub,Electronics,TV,888.3,67,2,,Apple,The Google Nest Hub by Apple combines quality and performance for everyday use.
PtAZ-7396,Zara Slim Blazer,Clothing,Jacket,995.67,135,2,UE,H&M,The Zara Slim Blazer by H&M combines quality and performance for everyday use.
qJVw-4883,IKEA MALM Bed,Furniture,Table,545.99,149,9,IT,IKEA,The IKEA MALM Bed by IKEA combines quality and performance for everyday use.
xPlc-7505,North Face Puffer Jacket,Clothing,T-Shirt,745.54,123,3,IT,Nike,The North Face Puffer Jacket by Nike combines quality and performance for everyday use.
ffQc-3545,Educated,Books,EBook,283.58,19,3,IT,Penguin,The Educated by Penguin combines quality and performance for everyday use.
ENPS-8428,H&M Cotton Shirt,Clothing,Jacket,37.82,181,7,IT,Nike,The H&M Cotton Shirt by Nike combines quality and performance for everyday use.
ykBI-9130,Uniqlo Ultra Light Down,Clothing,Jacket,91.28,128,9,IT,Nike,The Uniqlo Ultra Light Down by Nike combines quality and performance for everyday use.
Uxje-5116,West Elm Andes Sofa,Furniture,Chair,14.68,107,5,IT,IKEA,The West Elm Andes Sofa by IKEA combines quality and performance for everyday use.
cZvj-4585,Puma Track Pants,Clothing,T-Shirt,617.82,79,4,IT,Levi's,The Puma Track Pants by Levi's combines quality and performance for everyday use.
pSMh-5512,CB2 Peekaboo Table,Furniture,Chair,868.73,187,2,IT,IKEA,The CB2 Peekaboo Table by IKEA combines quality and performance for everyday use.
rPXg-4909,Hot Wheels Mega Garage,Toy,Toy,510.14,184,6,IT,Lego,The Hot Wheels Mega Garage by Lego combines quality and performance for everyday use.
gceD-3109,Calvin Klein Boxers,Clothing,Jacket,788.58,93,10,IT,Puma,The Calvin Klein Boxers by Puma combines quality and performance for everyday use.
iENE-7522,Pottery Barn Armchair,Furniture,Chair,492.17,121,3,IT,Pottery Barn,The Pottery Barn Armchair by Pottery Barn combines quality and performance for everyday use.
nOVR-9039,Tommy Hilfiger Polo,Clothing,T-Shirt,483.85,68,3,IT,Zara,The Tommy Hilfiger Polo by Zara combines quality and performance for everyday use.
TmyU-6402,Wayfair Coffee Table,Furniture,Table,460.37,153,1,IT,Pottery Barn,The Wayfair Coffee Table by Pottery Barn combines quality and performance for everyday use.
XDBQ-4296,HarperCollins iPhone 14,Smartphone,Smartphone,55.59,26,6,IT,HarperCollins,The HarperCollins iPhone 14 by HarperCollins combines quality and innovation.
oeGs-1408,Adidas The Silent Patient,Books,Books,486.14,2,9,IT,Adidas,The Adidas The Silent Patient by Adidas combines quality and innovation.
vmpd-4281,Sony Bookshelf Unit,Furniture,Furniture,879.87,4,3,UE,Sony,The Sony Bookshelf Unit by Sony combines quality and innovation.
Iasw-3028,Penguin Ashley Dining Table,Furniture,Furniture,476.52,187,3,IT,Penguin,The Penguin Ashley Dining Table by Penguin combines quality and innovation.
tfDs-4665,Levi's OnePlus Nord,Smartphone,Smartphone,470.48,102,4,IT,Levi's,The Levi's OnePlus Nord by Levi's combines quality and innovation.
XSba-5044,Puma Xiaomi Redmi,Smartphone,Smartphone,542.56,101,10,UE,Puma,The Puma Xiaomi Redmi by Puma combines quality and innovation.
GczD-7517,H&M Lego City,Toy,Toy,858.13,81,4,UE,H&M,The H&M Lego City by H&M combines quality and innovation.
xoBO-8722,Wayfair Zara T-Shirt,Clothing,Clothing,985.78,63,11,UE,Wayfair,The Wayfair Zara T-Shirt by Wayfair combines quality and innovation.
PvTg-5870,HarperCollins 1984,Books,Books,864.0,47,14,UE,HarperCollins,The HarperCollins 1984 by HarperCollins combines quality and innovation.
ywKB-1028,Lego Atomic Habits,Books,Books,237.2,117,3,UE,Lego,The Lego Atomic Habits by Lego combines quality and innovation.
UcDI-8276,Logitech To Kill a Mockingbird,Books,Books,713.91,74,3,IT,Logitech,The Logitech To Kill a Mockingbird by Logitech combines quality and innovation.
ZQfl-4916,Logitech H&M Jacket,Clothing,Clothing,775.74,156,5,UE,Logitech,The Logitech H&M Jacket by Logitech combines quality and innovation.
zRqm-0854,Pottery Barn Zara T-Shirt,Clothing,Clothing,930.96,187,7,UE,Pottery Barn,The Pottery Barn Zara T-Shirt by Pottery Barn combines quality and innovation.
vohE-7079,Playmobil Wayfair Sofa,Furniture,Furniture,613.74,36,13,UE,Playmobil,The Playmobil Wayfair Sofa by Playmobil combines quality and innovation.
wdGz-1632,Apple iPhone 14,Smartphone,Smartphone,752.58,134,10,IT,Apple,The Apple iPhone 14 by Apple combines quality and innovation.
ePKR-4957,Pottery Barn Xiaomi Redmi,Smartphone,Smartphone,243.35,129,6,IT,Pottery Barn,The Pottery Barn Xiaomi Redmi by Pottery Barn combines quality and innovation.
eCOK-1045,Apple Zara T-Shirt,Clothing,Clothing,441.76,192,6,UE,Apple,The Apple Zara T-Shirt by Apple combines quality and innovation.
EbUt-8201,Amazon H&M Jacket,Clothing,Clothing,895.89,50,3,UE,Amazon,The Amazon H&M Jacket by Amazon combines quality and innovation.
OWXm-0653,Random House Wayfair Sofa,Furniture,Furniture,623.03,29,1,IT,Random House,The Random House Wayfair Sofa by Random House combines quality and innovation.
gnfN-7797,Mattel 1984,Books,Books,531.28,109,6,UE,Mattel,The Mattel 1984 by Mattel combines quality and innovation.
PanJ-8205,Logitech Ashley Dining Table,Furniture,Furniture,224.89,95,3,UE,Logitech,The Logitech Ashley Dining Table by Logitech combines quality and innovation.
NHzy-8532,CB2 Wayfair Sofa,Furniture,Furniture,917.22,197,9,UE,CB2,The CB2 Wayfair Sofa by CB2 combines quality and innovation.
JtSd-3044,Logitech Desk Lamp,Furniture,Furniture,604.69,69,1,IT,Logitech,The Logitech Desk Lamp by Logitech combines quality and innovation.
jakc-2462,Bloomsbury Desk Lamp,Furniture,Furniture,188.08,131,7,IT,Bloomsbury,The Bloomsbury Desk Lamp by Bloomsbury combines quality and innovation.
vWqc-6040,IKEA iPhone 14,Smartphone,Smartphone,655.91,20,12,IT,IKEA,The IKEA iPhone 14 by IKEA combines quality and innovation.
MJSw-6446,Levi's IKEA MALM Bed,Furniture,Furniture,490.21,147,4,IT,Levi's,The Levi's IKEA MALM Bed by Levi's combines quality and innovation.
DklY-0292,Mattel Atomic Habits,Books,Books,128.55,135,13,IT,Mattel,The Mattel Atomic Habits by Mattel combines quality and innovation.
iGVT-6874,Amazon Dune,Books,Books,788.5,171,6,IT,Amazon,The Amazon Dune by Amazon combines quality and innovation.
ZqEB-9821,HarperCollins Adidas Tracksuit,Clothing,Clothing,774.14,38,5,UE,HarperCollins,The HarperCollins Adidas Tracksuit by HarperCollins combines quality and innovation.
Jxtk-3761,Nike Playmobil Castle,Toy,Toy,779.39,36,1,UE,Nike,The Nike Playmobil Castle by Nike combines quality and innovation.
TWXV-2553,CB2 Xiaomi Redmi,Smartphone,Smartphone,806.25,191,3,IT,CB2,The CB2 Xiaomi Redmi by CB2 combines quality and innovation.
PWcO-1614,Bose 1984,Books,Books,38.92,80,5,UE,Bose,The Bose 1984 by Bose combines quality and innovation.
qGSJ-5042,Wayfair Atomic Habits,Books,Books,484.92,68,10,IT,Wayfair,The Wayfair Atomic Habits by Wayfair combines quality and innovation.
YWgc-9233,Wayfair Pixel 7,Smartphone,Smartphone,134.79,170,13,UE,Wayfair,The Wayfair Pixel 7 by Wayfair combines quality and innovation.
lUKW-1494,IKEA Levi's Jeans,Clothing,Clothing,591.74,190,8,UE,IKEA,The IKEA Levi's Jeans by IKEA combines quality and innovation.
vwqY-9123,West Elm The Silent Patient,Books,Books,886.72,8,4,IT,West Elm,The West Elm The Silent Patient by West Elm combines quality and innovation.
fqEQ-2706,Puma Bookshelf Unit,Furniture,Furniture,723.39,188,3,IT,Puma,The Puma Bookshelf Unit by Puma combines quality and innovation.
rkAy-1447,IKEA IKEA MALM Bed,Furniture,Furniture,306.21,195,11,IT,IKEA,The IKEA IKEA MALM Bed by IKEA combines quality and innovation.
UTHc-7192,Playmobil H&M Jacket,Clothing,Clothing,356.96,115,7,UE,Playmobil,The Playmobil H&M Jacket by Playmobil combines quality and innovation.
tgXn-1989,Zara Playmobil Castle,Toy,Toy,287.32,173,8,UE,Zara,The Zara Playmobil Castle by Zara combines quality and innovation.
uNpB-4427,Apple Pixel 7,Smartphone,Smartphone,11.14,75,8,IT,Apple,The Apple Pixel 7 by Apple combines quality and innovation.
tpWT-2293,Bloomsbury Lego City,Toy,Toy,678.73,137,5,IT,Bloomsbury,The Bloomsbury Lego City by Bloomsbury combines quality and innovation.
ovyO-4646,Bloomsbury Galaxy S22,Smartphone,Smartphone,90.28,1,11,IT,Bloomsbury,The Bloomsbury Galaxy S22 by Bloomsbury combines quality and innovation.
nfla-7821,H&M OnePlus Nord,Smartphone,Smartphone,947.62,137,8,UE,H&M,The H&M OnePlus Nord by H&M combines quality and innovation.
RTAV-0450,Adidas iPhone 14,Smartphone,Smartphone,678.02,136,13,UE,Adidas,The Adidas iPhone 14 by Adidas combines quality and innovation.
iKyh-2108,Bloomsbury 1984,Books,Books,106.2,130,7,IT,Bloomsbury,The Bloomsbury 1984 by Bloomsbury combines quality and innovation.
kIiv-9225,Amazon Hot Wheels,Toy,Toy,304.69,128,9,UE,Amazon,The Amazon Hot Wheels by Amazon combines quality and innovation.
fsbN-2236,Lego IKEA MALM Bed,Furniture,Furniture,699.31,54,1,UE,Lego,The Lego IKEA MALM Bed by Lego combines quality and innovation.
UVvD-5188,Logitech Xiaomi Redmi,Smartphone,Smartphone,99.95,173,4,IT,Logitech,The Logitech Xiaomi Redmi by Logitech combines quality and innovation.
agPv-0427,Penguin Galaxy S22,Smartphone,Smartphone,596.79,66,8,IT,Penguin,The Penguin Galaxy S22 by Penguin combines quality and innovation.
qoLt-8081,IKEA H&M Jacket,Clothing,Clothing,637.04,51,5,UE,IKEA,The IKEA H&M Jacket by IKEA combines quality and innovation.
SmIE-0155,HarperCollins Ashley Dining Table,Furniture,Furniture,266.33,148,11,IT,HarperCollins,The HarperCollins Ashley Dining Table by HarperCollins combines quality and innovation.
vtEt-5026,Lego Barbie Dreamhouse,Toy,Toy,338.03,198,4,IT,Lego,The Lego Barbie Dreamhouse by Lego combines quality and innovation.
agpB-1320,Bose Hot Wheels,Toy,Toy,405.68,120,11,UE,Bose,The Bose Hot Wheels by Bose combines quality and innovation.
SSww-4500,Pottery Barn Ashley Dining Table,Furniture,Furniture,526.04,6,12,IT,Pottery Barn,The Pottery Barn Ashley Dining Table by Pottery Barn combines quality and innovation.
bbWf-7248,Simon & Schuster Adidas Tracksuit,Clothing,Clothing,39.07,3,9,IT,Simon & Schuster,The Simon & Schuster Adidas Tracksuit by Simon & Schuster combines quality and innovation.
sdCI-2235,Playmobil iPhone 14,Smartphone,Smartphone,659.16,166,14,UE,Playmobil,The Playmobil iPhone 14 by Playmobil combines quality and innovation.
ijhl-1028,Bose Nike Hoodie,Clothing,Clothing,274.58,45,10,UE,Bose,The Bose Nike Hoodie by Bose combines quality and innovation.
IWWf-7284,Wayfair Bookshelf Unit,Furniture,Furniture,33.97,126,13,UE,Wayfair,The Wayfair Bookshelf Unit by Wayfair combines quality and innovation.
FuAI-4511,Nike iPhone 14,Smartphone,Smartphone,781.09,50,5,IT,Nike,The Nike iPhone 14 by Nike combines quality and innovation.
Hdke-2014,Wayfair Nike Hoodie,Clothing,Clothing,174.17,186,13,UE,Wayfair,The Wayfair Nike Hoodie by Wayfair combines quality and innovation.
tTXr-0240,Wayfair The Silent Patient,Books,Books,170.07,130,4,UE,Wayfair,The Wayfair The Silent Patient by Wayfair combines quality and innovation.
PGlx-1361,Levi's Adidas Tracksuit,Clothing,Clothing,803.57,79,12,IT,Levi's,The Levi's Adidas Tracksuit by Levi's combines quality and innovation.
GCNR-3111,Logitech NERF Blaster,Toy,Toy,619.21,147,2,IT,Logitech,The Logitech NERF Blaster by Logitech combines quality and innovation.
csan-4123,Levi's Atomic Habits,Books,Books,949.19,111,9,UE,Levi's,The Levi's Atomic Habits by Levi's combines quality and innovation.
grbP-6447,West Elm Dune,Books,Books,441.13,178,13,IT,West Elm,The West Elm Dune by West Elm combines quality and innovation.
AaTf-0364,West Elm iPhone 14,Smartphone,Smartphone,167.58,159,9,UE,West Elm,The West Elm iPhone 14 by West Elm combines quality and innovation.
ggeG-6022,H&M NERF Blaster,Toy,Toy,475.38,90,14,IT,H&M,The H&M NERF Blaster by H&M combines quality and innovation.
oWBu-0529,Sony H&M Jacket,Clothing,Clothing,470.22,102,2,IT,Sony,The Sony H&M Jacket by Sony combines quality and innovation.
AZFV-6954,Logitech Xiaomi Redmi,Smartphone,Smartphone,428.69,150,9,IT,Logitech,The Logitech Xiaomi Redmi by Logitech combines quality and innovation.
kpaW-9444,CB2 Levi's Jeans,Clothing,Clothing,538.24,137,2,IT,CB2,The CB2 Levi's Jeans by CB2 combines quality and innovation.
BUtY-0287,Adidas H&M Jacket,Clothing,Clothing,55.67,195,14,IT,Adidas,The Adidas H&M Jacket by Adidas combines quality and innovation.
lVwo-9345,Pottery Barn Pixel 7,Smartphone,Smartphone,879.26,192,7,IT,Pottery Barn,The Pottery Barn Pixel 7 by Pottery Barn combines quality and innovation.
ZZTy-7843,Logitech NERF Blaster,Toy,Toy,760.64,151,2,UE,Logitech,The Logitech NERF Blaster by Logitech combines quality and innovation.
YsGR-2105,Sony H&M Jacket,Clothing,Clothing,616.76,59,10,UE,Sony,The Sony H&M Jacket by Sony combines quality and innovation.
xSAM-1067,Puma Dune,Books,Books,351.67,29,1,UE,Puma,The Puma Dune by Puma combines quality and innovation.
dBYW-3610,Pottery Barn Levi's Jeans,Clothing,Clothing,76.08,163,12,UE,Pottery Barn,The Pottery Barn Levi's Jeans by Pottery Barn combines quality and innovation.
vOpc-4800,Lego Atomic Habits,Books,Books,588.71,82,1,UE,Lego,The Lego Atomic Habits by Lego combines quality and innovation.
dIln-4894,Levi's Playmobil Castle,Toy,Toy,29.93,20,10,IT,Levi's,The Levi's Playmobil Castle by Levi's combines quality and innovation.
OyUn-8499,Simon & Schuster H&M Jacket,Clothing,Clothing,734.22,182,1,IT,Simon & Schuster,The Simon & Schuster H&M Jacket by Simon & Schuster combines quality and innovation.
ktcS-4635,West Elm Wayfair Sofa,Furniture,Furniture,432.2,169,12,IT,West Elm,The West Elm Wayfair Sofa by West Elm combines quality and innovation.
ISHk-8224,Pottery Barn The Silent Patient,Books,Books,856.78,149,14,UE,Pottery Barn,The Pottery Barn The Silent Patient by Pottery Barn combines quality and innovation.
BuoC-4106,CB2 IKEA MALM Bed,Furniture,Furniture,757.15,46,11,IT,CB2,The CB2 IKEA MALM Bed by CB2 combines quality and innovation.
pvoj-3048,Puma Adidas Tracksuit,Clothing,Clothing,381.6,88,14,IT,Puma,The Puma Adidas Tracksuit by Puma combines quality and innovation.
lywR-4565,Logitech Zara T-Shirt,Clothing,Clothing,27.9,132,3,UE,Logitech,The Logitech Zara T-Shirt by Logitech combines quality and innovation.
ZkZz-4138,Simon & Schuster The Silent Patient,Books,Books,338.08,158,4,IT,Simon & Schuster,The Simon & Schuster The Silent Patient by Simon & Schuster combines quality and innovation.
PlDY-3544,Penguin Wayfair Sofa,Furniture,Furniture,412.61,122,6,IT,Penguin,The Penguin Wayfair Sofa by Penguin combines quality and innovation.
hmtT-0674,Levi's Levi's Jeans,Clothing,Clothing,897.63,30,14,IT,Levi's,The Levi's Levi's Jeans by Levi's combines quality and innovation.
UPtq-5424,Mattel Nike Hoodie,Clothing,Clothing,328.21,110,4,UE,Mattel,The Mattel Nike Hoodie by Mattel combines quality and innovation.
foOY-4886,Lego To Kill a Mockingbird,Books,Books,740.38,13,13,IT,Lego,The Lego To Kill a Mockingbird by Lego combines quality and innovation.
HtIL-6684,Puma Desk Lamp,Furniture,Furniture,949.4,32,7,UE,Puma,The Puma Desk Lamp by Puma combines quality and innovation.
Mzyu-6214,Penguin The Silent Patient,Books,Books,716.01,90,10,UE,Penguin,The Penguin The Silent Patient by Penguin combines quality and innovation.
SRXj-7849,Amazon OnePlus Nord,Smartphone,Smartphone,404.68,125,11,IT,Amazon,The Amazon OnePlus Nord by Amazon combines quality and innovation.
wbgH-9520,Puma Hot Wheels,Toy,Toy,95.45,45,1,IT,Puma,The Puma Hot Wheels by Puma combines quality and innovation.
SraG-9268,West Elm NERF Blaster,Toy,Toy,580.13,33,7,UE,West Elm,The West Elm NERF Blaster by West Elm combines quality and innovation.
GgeV-8137,Nike Zara T-Shirt,Clothing,Clothing,411.18,168,11,IT,Nike,The Nike Zara T-Shirt by Nike combines quality and innovation.
Nqgf-0282,Adidas Desk Lamp,Furniture,Furniture,375.77,155,10,IT,Adidas,The Adidas Desk Lamp by Adidas combines quality and innovation.
mYkt-1096,Mattel Desk Lamp,Furniture,Furniture,850.86,79,9,IT,Mattel,The Mattel Desk Lamp by Mattel combines quality and innovation.
RoFL-7190,HarperCollins Nike Hoodie,Clothing,Clothing,344.46,46,9,IT,HarperCollins,The HarperCollins Nike Hoodie by HarperCollins combines quality and innovation.
KYWd-9066,Bloomsbury Levi's Jeans,Clothing,Clothing,416.56,81,13,IT,Bloomsbury,The Bloomsbury Levi's Jeans by Bloomsbury combines quality and innovation.
CwFa-4193,Pottery Barn Dune,Books,Books,84.58,7,12,UE,Pottery Barn,The Pottery Barn Dune by Pottery Barn combines quality and innovation.
suHC-6581,Fisher-Price The Silent Patient,Books,Books,770.37,11,10,IT,Fisher-Price,The Fisher-Price The Silent Patient by Fisher-Price combines quality and innovation.
Dgpl-7373,West Elm 1984,Books,Books,208.4,123,11,UE,West Elm,The West Elm 1984 by West Elm combines quality and innovation.
LeSE-0981,Nike IKEA MALM Bed,Furniture,Furniture,620.16,109,13,IT,Nike,The Nike IKEA MALM Bed by Nike combines quality and innovation.
VvKN-6061,Mattel Dune,Books,Books,135.85,62,4,IT,Mattel,The Mattel Dune by Mattel combines quality and innovation.
yBNb-2739,Lego Hot Wheels,Toy,Toy,70.35,141,3,IT,Lego,The Lego Hot Wheels by Lego combines quality and innovation.
YHWh-6260,Wayfair Barbie Dreamhouse,Toy,Toy,258.5,126,3,UE,Wayfair,The Wayfair Barbie Dreamhouse by Wayfair combines quality and innovation.
BtNF-7340,Lego The Silent Patient,Books,Books,689.52,114,14,IT,Lego,The Lego The Silent Patient by Lego combines quality and innovation.
zsts-1174,H&M OnePlus Nord,Smartphone,Smartphone,304.18,81,6,UE,H&M,The H&M OnePlus Nord by H&M combines quality and innovation.
Vqny-6238,Mattel To Kill a Mockingbird,Books,Books,644.9,22,9,UE,Mattel,The Mattel To Kill a Mockingbird by Mattel combines quality and innovation.
ZKMc-7594,HarperCollins Hot Wheels,Toy,Toy,719.82,194,7,IT,HarperCollins,The HarperCollins Hot Wheels by HarperCollins combines quality and innovation.
brtQ-4827,Anker OnePlus Nord,Smartphone,Smartphone,804.55,113,8,IT,Anker,The Anker OnePlus Nord by Anker combines quality and innovation.
MQUa-4511,CB2 Galaxy S22,Smartphone,Smartphone,592.83,112,6,IT,CB2,The CB2 Galaxy S22 by CB2 combines quality and innovation.
UgbW-5490,HarperCollins Hot Wheels,Toy,Toy,849.6,50,4,IT,HarperCollins,The HarperCollins Hot Wheels by HarperCollins combines quality and innovation.
PwKe-1284,HarperCollins The Silent Patient,Books,Books,699.81,13,9,IT,HarperCollins,The HarperCollins The Silent Patient by HarperCollins combines quality and innovation.
oNZK-2254,West Elm Atomic Habits,Books,Books,108.64,149,9,UE,West Elm,The West Elm Atomic Habits by West Elm combines quality and innovation.
TGYG-3603,Wayfair Zara T-Shirt,Clothing,Clothing,85.88,133,8,UE,Wayfair,The Wayfair Zara T-Shirt by Wayfair combines quality and innovation.
CyBj-4409,Nike Adidas Tracksuit,Clothing,Clothing,406.56,148,4,UE,Nike,The Nike Adidas Tracksuit by Nike combines quality and innovation.
KDSV-2034,Wayfair NERF Blaster,Toy,Toy,791.6,151,6,UE,Wayfair,The Wayfair NERF Blaster by Wayfair combines quality and innovation.
KLsK-5532,Bose Zara T-Shirt,Clothing,Clothing,352.26,79,13,IT,Bose,The Bose Zara T-Shirt by Bose combines quality and innovation.
CDBM-6990,CB2 Lego City,Toy,Toy,264.89,135,6,UE,CB2,The CB2 Lego City by CB2 combines quality and innovation.
Zncd-4459,Pottery Barn Bookshelf Unit,Furniture,Furniture,135.38,2,4,UE,Pottery Barn,The Pottery Barn Bookshelf Unit by Pottery Barn combines quality and innovation.
bkWY-5223,Adidas NERF Blaster,Toy,Toy,223.82,155,10,IT,Adidas,The Adidas NERF Blaster by Adidas combines quality and innovation.
KKOR-0398,Apple Atomic Habits,Books,Books,985.07,191,14,IT,Apple,The Apple Atomic Habits by Apple combines quality and innovation.
vgXK-6816,Puma Atomic Habits,Books,Books,589.49,138,1,UE,Puma,The Puma Atomic Habits by Puma combines quality and innovation.
PLxU-1556,Nike H&M Jacket,Clothing,Clothing,907.41,109,11,IT,Nike,The Nike H&M Jacket by Nike combines quality and innovation.
jNho-6323,H&M Playmobil Castle,Toy,Toy,100.01,63,3,IT,H&M,The H&M Playmobil Castle by H&M combines quality and innovation.
cyKe-2096,Simon & Schuster Barbie Dreamhouse,Toy,Toy,401.43,53,14,UE,Simon & Schuster,The Simon & Schuster Barbie Dreamhouse by Simon & Schuster combines quality and innovation.
Izrl-0107,Playmobil Galaxy S22,Smartphone,Smartphone,176.97,8,10,IT,Playmobil,The Playmobil Galaxy S22 by Playmobil combines quality and innovation.
JqDP-1756,IKEA Pixel 7,Smartphone,Smartphone,484.79,60,14,UE,IKEA,The IKEA Pixel 7 by IKEA combines quality and innovation.
xGNH-4155,Adidas Ashley Dining Table,Furniture,Furniture,867.86,140,14,IT,Adidas,The Adidas Ashley Dining Table by Adidas combines quality and innovation.
dhrj-6583,Random House iPhone 14,Smartphone,Smartphone,94.86,62,7,IT,Random House,The Random House iPhone 14 by Random House combines quality and innovation.
fZsV-9686,Lego Pixel 7,Smartphone,Smartphone,128.61,59,11,UE,Lego,The Lego Pixel 7 by Lego combines quality and innovation.
jjSL-1707,Amazon Bookshelf Unit,Furniture,Furniture,222.2,191,11,IT,Amazon,The Amazon Bookshelf Unit by Amazon combines quality and innovation.
uQuG-1094,Amazon Nike Hoodie,Clothing,Clothing,698.71,188,9,UE,Amazon,The Amazon Nike Hoodie by Amazon combines quality and innovation.
zNxF-9588,Adidas Wayfair Sofa,Furniture,Furniture,428.72,21,13,UE,Adidas,The Adidas Wayfair Sofa by Adidas combines quality and innovation.
vRjN-5715,Pottery Barn iPhone 14,Smartphone,Smartphone,293.46,58,10,IT,Pottery Barn,The Pottery Barn iPhone 14 by Pottery Barn combines quality and innovation.
PmHp-4531,Apple Ashley Dining Table,Furniture,Furniture,932.99,89,10,UE,Apple,The Apple Ashley Dining Table by Apple combines quality and innovation.
erwP-0248,Nike 1984,Books,Books,345.93,64,2,IT,Nike,The Nike 1984 by Nike combines quality and innovation.
Jhug-4317,Playmobil Barbie Dreamhouse,Toy,Toy,734.62,43,9,UE,Playmobil,The Playmobil Barbie Dreamhouse by Playmobil combines quality and innovation.
sLMC-4519,Puma Desk Lamp,Furniture,Furniture,732.02,91,7,UE,Puma,The Puma Desk Lamp by Puma combines quality and innovation.
Hpku-6435,H&M Lego City,Toy,Toy,665.57,171,8,IT,H&M,The H&M Lego City by H&M combines quality and innovation.
RMPb-2169,CB2 Ashley Dining Table,Furniture,Furniture,925.24,67,9,IT,CB2,The CB2 Ashley Dining Table by CB2 combines quality and innovation.
VCJI-4061,Adidas Barbie Dreamhouse,Toy,Toy,779.02,2,2,IT,Adidas,The Adidas Barbie Dreamhouse by Adidas combines quality and innovation.
bbUw-7713,Mattel Atomic Habits,Books,Books,68.51,60,3,UE,Mattel,The Mattel Atomic Habits by Mattel combines quality and innovation.
kyac-2134,Nike 1984,Books,Books,427.5,102,5,IT,Nike,The Nike 1984 by Nike combines quality and innovation.
VIzZ-9030,Adidas Levi's Jeans,Clothing,Clothing,228.41,107,2,UE,Adidas,The Adidas Levi's Jeans by Adidas combines quality and innovation.
ipAF-4185,Logitech OnePlus Nord,Smartphone,Smartphone,153.67,60,11,IT,Logitech,The Logitech OnePlus Nord by Logitech combines quality and innovation.
xyRZ-7393,Levi's Xiaomi Redmi,Smartphone,Smartphone,904.88,67,8,IT,Levi's,The Levi's Xiaomi Redmi by Levi's combines quality and innovation.
ppgy-9103,Mattel OnePlus Nord,Smartphone,Smartphone,300.81,43,6,UE,Mattel,The Mattel OnePlus Nord by Mattel combines quality and innovation.
XhED-8700,Levi's Dune,Books,Books,46.09,46,6,UE,Levi's,The Levi's Dune by Levi's combines quality and innovation.
Rbpm-3370,Simon & Schuster Pixel 7,Smartphone,Smartphone,819.44,15,6,UE,Simon & Schuster,The Simon & Schuster Pixel 7 by Simon & Schuster combines quality and innovation.
fnGh-3460,Sony IKEA MALM Bed,Furniture,Furniture,584.66,182,13,IT,Sony,The Sony IKEA MALM Bed by Sony combines quality and innovation.
WxOg-6349,Bose H&M Jacket,Clothing,Clothing,105.14,3,9,UE,Bose,The Bose H&M Jacket by Bose combines quality and innovation.
vetH-4551,Bose OnePlus Nord,Smartphone,Smartphone,887.23,60,5,UE,Bose,The Bose OnePlus Nord by Bose combines quality and innovation.
gbrl-2743,Random House NERF Blaster,Toy,Toy,54.67,72,5,UE,Random House,The Random House NERF Blaster by Random House combines quality and innovation.
fIky-1469,Playmobil Lego City,Toy,Toy,319.13,161,2,IT,Playmobil,The Playmobil Lego City by Playmobil combines quality and innovation.
FJyb-3264,Lego Dune,Books,Books,877.69,69,11,IT,Lego,The Lego Dune by Lego combines quality and innovation.
cxpv-8497,Mattel 1984,Books,Books,432.35,47,14,IT,Mattel,The Mattel 1984 by Mattel combines quality and innovation.
lvDE-8600,Logitech Playmobil Castle,Toy,Toy,230.76,107,3,IT,Logitech,The Logitech Playmobil Castle by Logitech combines quality and innovation.
Lcvd-4527,HarperCollins Playmobil Castle,Toy,Toy,718.17,129,8,IT,HarperCollins,The HarperCollins Playmobil Castle by HarperCollins combines quality and innovation.
nmCN-0363,West Elm Playmobil Castle,Toy,Toy,25.21,177,8,IT,West Elm,The West Elm Playmobil Castle by West Elm combines quality and innovation.
QnMp-0323,Puma iPhone 14,Smartphone,Smartphone,801.71,44,2,IT,Puma,The Puma iPhone 14 by Puma combines quality and innovation.
jeay-2051,Penguin Xiaomi Redmi,Smartphone,Smartphone,956.44,160,13,IT,Penguin,The Penguin Xiaomi Redmi by Penguin combines quality and innovation.
zOIM-1228,Sony To Kill a Mockingbird,Books,Books,425.1,165,10,UE,Sony,The Sony To Kill a Mockingbird by Sony combines quality and innovation.
LsRW-8014,Wayfair Barbie Dreamhouse,Toy,Toy,257.97,3,5,IT,Wayfair,The Wayfair Barbie Dreamhouse by Wayfair combines quality and innovation.
xzYD-3396,Simon & Schuster Nike Hoodie,Clothing,Clothing,278.83,9,12,UE,Simon & Schuster,The Simon & Schuster Nike Hoodie by Simon & Schuster combines quality and innovation.
DLNf-6181,Mattel Bookshelf Unit,Furniture,Furniture,769.38,67,4,IT,Mattel,The Mattel Bookshelf Unit by Mattel combines quality and innovation.
qpWm-9443,HarperCollins iPhone 14,Smartphone,Smartphone,891.54,58,10,UE,HarperCollins,The HarperCollins iPhone 14 by HarperCollins combines quality and innovation.
KkTs-3568,Zara Adidas Tracksuit,Clothing,Clothing,523.29,94,4,IT,Zara,The Zara Adidas Tracksuit by Zara combines quality and innovation.
IvZP-0811,Lego Pixel 7,Smartphone,Smartphone,912.53,64,9,UE,Lego,The Lego Pixel 7 by Lego combines quality and innovation.
xPkF-7672,H&M Atomic Habits,Books,Books,688.96,10,4,UE,H&M,The H&M Atomic Habits by H&M combines quality and innovation.
tezw-7833,Random House iPhone 14,Smartphone,Smartphone,226.42,103,7,UE,Random House,The Random House iPhone 14 by Random House combines quality and innovation.
yVmM-1719,H&M Pixel 7,Smartphone,Smartphone,680.04,9,13,IT,H&M,The H&M Pixel 7 by H&M combines quality and innovation.
jyfG-9151,Mattel Levi's Jeans,Clothing,Clothing,370.82,142,6,UE,Mattel,The Mattel Levi's Jeans by Mattel combines quality and innovation.
Ofiz-7554,Puma Dune,Books,Books,564.08,33,9,IT,Puma,The Puma Dune by Puma combines quality and innovation.
ZwRg-4550,Apple OnePlus Nord,Smartphone,Smartphone,214.56,170,9,UE,Apple,The Apple OnePlus Nord by Apple combines quality and innovation.
SIwP-3538,H&M iPhone 14,Smartphone,Smartphone,189.08,77,4,UE,H&M,The H&M iPhone 14 by H&M combines quality and innovation.
wuMd-8078,Mattel Ashley Dining Table,Furniture,Furniture,989.13,116,8,UE,Mattel,The Mattel Ashley Dining Table by Mattel combines quality and innovation.
JSOz-3610,Lego Hot Wheels,Toy,Toy,442.16,128,8,UE,Lego,The Lego Hot Wheels by Lego combines quality and innovation.
Qwcw-3003,Sony 1984,Books,Books,666.61,88,14,IT,Sony,The Sony 1984 by Sony combines quality and innovation.
hdlU-3327,CB2 Dune,Books,Books,404.97,64,7,UE,CB2,The CB2 Dune by CB2 combines quality and innovation.
ZfDj-0986,Bose 1984,Books,Books,312.92,35,6,IT,Bose,The Bose 1984 by Bose combines quality and innovation.
nlMM-1804,HarperCollins 1984,Books,Books,325.93,98,6,UE,HarperCollins,The HarperCollins 1984 by HarperCollins combines quality and innovation.
qYDZ-3873,Bloomsbury Ashley Dining Table,Furniture,Furniture,402.42,158,14,IT,Bloomsbury,The Bloomsbury Ashley Dining Table by Bloomsbury combines quality and innovation.
MosG-4531,Puma Barbie Dreamhouse,Toy,Toy,107.05,195,7,IT,Puma,The Puma Barbie Dreamhouse by Puma combines quality and innovation.
hOtu-3543,Simon & Schuster Desk Lamp,Furniture,Furniture,359.19,103,3,UE,Simon & Schuster,The Simon & Schuster Desk Lamp by Simon & Schuster combines quality and innovation.
aSTV-7411,Sony Zara T-Shirt,Clothing,Clothing,759.56,71,5,IT,Sony,The Sony Zara T-Shirt by Sony combines quality and innovation.
nxhB-2284,Apple Dune,Books,Books,470.67,62,2,IT,Apple,The Apple Dune by Apple combines quality and innovation.
kQsF-7290,Anker IKEA MALM Bed,Furniture,Furniture,466.13,106,12,UE,Anker,The Anker IKEA MALM Bed by Anker combines quality and innovation.
NlOB-4772,Amazon OnePlus Nord,Smartphone,Smartphone,398.95,64,13,UE,Amazon,The Amazon OnePlus Nord by Amazon combines quality and innovation.
Mbhl-4244,Simon & Schuster NERF Blaster,Toy,Toy,324.4,75,10,UE,Simon & Schuster,The Simon & Schuster NERF Blaster by Simon & Schuster combines quality and innovation.
WbaO-7809,Pottery Barn Bookshelf Unit,Furniture,Furniture,926.41,141,14,IT,Pottery Barn,The Pottery Barn Bookshelf Unit by Pottery Barn combines quality and innovation.
hNvo-5319,Nike Xiaomi Redmi,Smartphone,Smartphone,751.17,179,6,IT,Nike,The Nike Xiaomi Redmi by Nike combines quality and innovation.
zWGq-1873,Levi's Hot Wheels,Toy,Toy,434.43,172,14,UE,Levi's,The Levi's Hot Wheels by Levi's combines quality and innovation.
MDAa-6781,HarperCollins Nike Hoodie,Clothing,Clothing,778.7,23,9,UE,HarperCollins,The HarperCollins Nike Hoodie by HarperCollins combines quality and innovation.
Wvbl-4382,Penguin To Kill a Mockingbird,Books,Books,529.32,128,1,IT,Penguin,The Penguin To Kill a Mockingbird by Penguin combines quality and innovation.
mqwD-4707,Levi's Galaxy S22,Smartphone,Smartphone,400.79,175,2,IT,Levi's,The Levi's Galaxy S22 by Levi's combines quality and innovation.
iabp-9582,Bose Galaxy S22,Smartphone,Smartphone,619.06,21,1,UE,Bose,The Bose Galaxy S22 by Bose combines quality and innovation.
wqqc-1596,Simon & Schuster The Silent Patient,Books,Books,599.09,189,8,IT,Simon & Schuster,The Simon & Schuster The Silent Patient by Simon & Schuster combines quality and innovation.
BwKI-0428,Anker Desk Lamp,Furniture,Furniture,990.78,1,11,IT,Anker,The Anker Desk Lamp by Anker combines quality and innovation.
dcUi-7359,Penguin IKEA MALM Bed,Furniture,Furniture,843.03,144,14,UE,Penguin,The Penguin IKEA MALM Bed by Penguin combines quality and innovation.
AANH-0390,Anker iPhone 14,Smartphone,Smartphone,974.24,59,14,IT,Anker,The Anker iPhone 14 by Anker combines quality and innovation.
qEYG-7705,Apple Pixel 7,Smartphone,Smartphone,650.1,184,1,IT,Apple,The Apple Pixel 7 by Apple combines quality and innovation.
AXMG-0030,Amazon Dune,Books,Books,121.32,141,9,UE,Amazon,The Amazon Dune by Amazon combines quality and innovation.
BEKq-0252,Penguin Hot Wheels,Toy,Toy,613.0,63,5,UE,Penguin,The Penguin Hot Wheels by Penguin combines quality and innovation.
LFdW-2758,IKEA H&M Jacket,Clothing,Clothing,91.85,110,13,UE,IKEA,The IKEA H&M Jacket by IKEA combines quality and innovation.
wroW-9759,Bose Wayfair Sofa,Furniture,Furniture,667.29,82,4,IT,Bose,The Bose Wayfair Sofa by Bose combines quality and innovation.
rhkp-7042,Simon & Schuster Pixel 7,Smartphone,Smartphone,931.34,196,4,UE,Simon & Schuster,The Simon & Schuster Pixel 7 by Simon & Schuster combines quality and innovation.
xHmT-5895,Bose Atomic Habits,Books,Books,358.37,194,2,UE,Bose,The Bose Atomic Habits by Bose combines quality and innovation.
BfPH-3013,Penguin Hot Wheels,Toy,Toy,829.81,32,6,IT,Penguin,The Penguin Hot Wheels by Penguin combines quality and innovation.
vTMc-5317,Mattel Bookshelf Unit,Furniture,Furniture,445.54,190,1,UE,Mattel,The Mattel Bookshelf Unit by Mattel combines quality and innovation.
byzg-0438,IKEA Playmobil Castle,Toy,Toy,637.83,79,7,UE,IKEA,The IKEA Playmobil Castle by IKEA combines quality and innovation.
OCvT-6850,Bose Ashley Dining Table,Furniture,Furniture,709.19,98,13,IT,Bose,The Bose Ashley Dining Table by Bose combines quality and innovation.
ekwQ-0034,Pottery Barn IKEA MALM Bed,Furniture,Furniture,219.14,44,3,UE,Pottery Barn,The Pottery Barn IKEA MALM Bed by Pottery Barn combines quality and innovation.
FTLz-5655,Fisher-Price 1984,Books,Books,651.44,26,5,UE,Fisher-Price,The Fisher-Price 1984 by Fisher-Price combines quality and innovation.
esAx-1035,Nike iPhone 14,Smartphone,Smartphone,351.21,135,2,IT,Nike,The Nike iPhone 14 by Nike combines quality and innovation.
mBSZ-5104,Logitech Pixel 7,Smartphone,Smartphone,391.5,110,2,UE,Logitech,The Logitech Pixel 7 by Logitech combines quality and innovation.
TFan-8831,H&M NERF Blaster,Toy,Toy,172.87,92,2,IT,H&M,The H&M NERF Blaster by H&M combines quality and innovation.
JFlD-5768,West Elm NERF Blaster,Toy,Toy,203.45,67,12,UE,West Elm,The West Elm NERF Blaster by West Elm combines quality and innovation.
oBlb-2689,Puma Levi's Jeans,Clothing,Clothing,582.88,119,12,IT,Puma,The Puma Levi's Jeans by Puma combines quality and innovation.
OsIA-9517,West Elm Hot Wheels,Toy,Toy,770.58,26,5,IT,West Elm,The West Elm Hot Wheels by West Elm combines quality and innovation.
PEiG-4971,Anker Bookshelf Unit,Furniture,Furniture,811.77,85,2,IT,Anker,The Anker Bookshelf Unit by Anker combines quality and innovation.
SQhr-3506,Apple iPhone 14,Smartphone,Smartphone,363.78,97,6,IT,Apple,The Apple iPhone 14 by Apple combines quality and innovation.
KOkI-2489,Nike 1984,Books,Books,679.29,97,7,UE,Nike,The Nike 1984 by Nike combines quality and innovation.
GdJU-2698,Bloomsbury Adidas Tracksuit,Clothing,Clothing,604.56,154,11,UE,Bloomsbury,The Bloomsbury Adidas Tracksuit by Bloomsbury combines quality and innovation.
IMYv-4333,Fisher-Price IKEA MALM Bed,Furniture,Furniture,408.75,159,6,UE,Fisher-Price,The Fisher-Price IKEA MALM Bed by Fisher-Price combines quality and innovation.
LtCv-6445,Fisher-Price Dune,Books,Books,398.56,31,8,IT,Fisher-Price,The Fisher-Price Dune by Fisher-Price combines quality and innovation.
hjBe-2548,Amazon Ashley Dining Table,Furniture,Furniture,262.57,71,13,UE,Amazon,The Amazon Ashley Dining Table by Amazon combines quality and innovation.
KZVU-7731,Adidas Nike Hoodie,Clothing,Clothing,123.51,167,4,UE,Adidas,The Adidas Nike Hoodie by Adidas combines quality and innovation.
XiUG-4342,Nike iPhone 14,Smartphone,Smartphone,79.51,15,2,IT,Nike,The Nike iPhone 14 by Nike combines quality and innovation.
QaDF-5331,IKEA IKEA MALM Bed,Furniture,Furniture,943.34,143,3,UE,IKEA,The IKEA IKEA MALM Bed by IKEA combines quality and innovation.
akBh-1204,Simon & Schuster Atomic Habits,Books,Books,565.08,168,1,IT,Simon & Schuster,The Simon & Schuster Atomic Habits by Simon & Schuster combines quality and innovation.
RyBb-2473,Simon & Schuster Lego City,Toy,Toy,559.68,125,8,UE,Simon & Schuster,The Simon & Schuster Lego City by Simon & Schuster combines quality and innovation.
Ithq-2207,Zara H&M Jacket,Clothing,Clothing,243.51,172,2,UE,Zara,The Zara H&M Jacket by Zara combines quality and innovation.
lhJc-0930,IKEA Wayfair Sofa,Furniture,Furniture,350.25,199,8,UE,IKEA,The IKEA Wayfair Sofa by IKEA combines quality and innovation.
MbYX-5181,Levi's OnePlus Nord,Smartphone,Smartphone,572.28,46,12,IT,Levi's,The Levi's OnePlus Nord by Levi's combines quality and innovation.
vVZM-0283,West Elm NERF Blaster,Toy,Toy,356.21,142,4,UE,West Elm,The West Elm NERF Blaster by West Elm combines quality and innovation.
tKPy-3419,Lego To Kill a Mockingbird,Books,Books,276.23,39,5,IT,Lego,The Lego To Kill a Mockingbird by Lego combines quality and innovation.
JDJR-4648,Levi's Zara T-Shirt,Clothing,Clothing,376.49,190,13,UE,Levi's,The Levi's Zara T-Shirt by Levi's combines quality and innovation.
cSuf-1757,Bloomsbury Barbie Dreamhouse,Toy,Toy,573.75,0,6,UE,Bloomsbury,The Bloomsbury Barbie Dreamhouse by Bloomsbury combines quality and innovation.
hkwy-3797,H&M IKEA MALM Bed,Furniture,Furniture,653.63,187,14,IT,H&M,The H&M IKEA MALM Bed by H&M combines quality and innovation.
pHAy-0746,Nike To Kill a Mockingbird,Books,Books,727.37,104,14,IT,Nike,The Nike To Kill a Mockingbird by Nike combines quality and innovation.
WRUb-1779,Lego Hot Wheels,Toy,Toy,885.83,15,14,UE,Lego,The Lego Hot Wheels by Lego combines quality and innovation.
qRzJ-2584,H&M Playmobil Castle,Toy,Toy,888.2,176,13,IT,H&M,The H&M Playmobil Castle by H&M combines quality and innovation.
UlMP-4208,Lego Dune,Books,Books,422.67,28,2,UE,Lego,The Lego Dune by Lego combines quality and innovation.
GtOj-0636,Zara NERF Blaster,Toy,Toy,246.25,139,9,IT,Zara,The Zara NERF Blaster by Zara combines quality and innovation.
vhBO-9414,Anker Pixel 7,Smartphone,Smartphone,265.93,34,5,UE,Anker,The Anker Pixel 7 by Anker combines quality and innovation.
mkJo-5007,Simon & Schuster Adidas Tracksuit,Clothing,Clothing,789.05,54,9,IT,Simon & Schuster,The Simon & Schuster Adidas Tracksuit by Simon & Schuster combines quality and innovation.
NLod-3857,CB2 Barbie Dreamhouse,Toy,Toy,659.48,103,3,IT,CB2,The CB2 Barbie Dreamhouse by CB2 combines quality and innovation.
xHNb-7692,Pottery Barn H&M Jacket,Clothing,Clothing,221.75,172,14,IT,Pottery Barn,The Pottery Barn H&M Jacket by Pottery Barn combines quality and innovation.
BaKj-0658,Logitech 1984,Books,Books,704.4,157,9,UE,Logitech,The Logitech 1984 by Logitech combines quality and innovation.
Qwvn-1644,HarperCollins Pixel 7,Smartphone,Smartphone,707.17,141,2,IT,HarperCollins,The HarperCollins Pixel 7 by HarperCollins combines quality and innovation.
RzUj-9725,Simon & Schuster Desk Lamp,Furniture,Furniture,684.11,154,1,UE,Simon & Schuster,The Simon & Schuster Desk Lamp by Simon & Schuster combines quality and innovation.
qxXH-8300,Sony Lego City,Toy,Toy,972.58,162,13,UE,Sony,The Sony Lego City by Sony combines quality and innovation.
bbfh-2248,CB2 IKEA MALM Bed,Furniture,Furniture,217.19,114,6,IT,CB2,The CB2 IKEA MALM Bed by CB2 combines quality and innovation.
ZZzr-9736,Apple Wayfair Sofa,Furniture,Furniture,222.19,134,2,IT,Apple,The Apple Wayfair Sofa by Apple combines quality and innovation.
Zdhm-4500,Mattel Levi's Jeans,Clothing,Clothing,813.68,74,13,IT,Mattel,The Mattel Levi's Jeans by Mattel combines quality and innovation.
XSPn-0992,Anker The Silent Patient,Books,Books,927.89,27,9,UE,Anker,The Anker The Silent Patient by Anker combines quality and innovation.
qlLp-2073,Pottery Barn OnePlus Nord,Smartphone,Smartphone,401.51,179,14,IT,Pottery Barn,The Pottery Barn OnePlus Nord by Pottery Barn combines quality and innovation.
BptK-0023,Fisher-Price Galaxy S22,Smartphone,Smartphone,82.0,196,13,IT,Fisher-Price,The Fisher-Price Galaxy S22 by Fisher-Price combines quality and innovation.
Giyk-6757,Logitech Galaxy S22,Smartphone,Smartphone,124.01,109,6,IT,Logitech,The Logitech Galaxy S22 by Logitech combines quality and innovation.
pxlz-0396,Zara Bookshelf Unit,Furniture,Furniture,374.57,120,12,IT,Zara,The Zara Bookshelf Unit by Zara combines quality and innovation.
eawQ-7177,Fisher-Price OnePlus Nord,Smartphone,Smartphone,289.37,53,6,UE,Fisher-Price,The Fisher-Price OnePlus Nord by Fisher-Price combines quality and innovation.
SOqR-6588,Penguin Adidas Tracksuit,Clothing,Clothing,25.37,0,9,UE,Penguin,The Penguin Adidas Tracksuit by Penguin combines quality and innovation.
wdjK-8483,Mattel The Silent Patient,Books,Books,549.48,64,10,UE,Mattel,The Mattel The Silent Patient by Mattel combines quality and innovation.
coRt-9408,IKEA Playmobil Castle,Toy,Toy,958.94,143,6,UE,IKEA,The IKEA Playmobil Castle by IKEA combines quality and innovation.
SXSw-3269,Puma Bookshelf Unit,Furniture,Furniture,755.72,191,9,IT,Puma,The Puma Bookshelf Unit by Puma combines quality and innovation.
SBKo-7748,Lego Galaxy S22,Smartphone,Smartphone,217.83,20,4,UE,Lego,The Lego Galaxy S22 by Lego combines quality and innovation.
dVQl-3889,Logitech Xiaomi Redmi,Smartphone,Smartphone,728.02,71,4,IT,Logitech,The Logitech Xiaomi Redmi by Logitech combines quality and innovation.
RHvC-0515,Levi's Ashley Dining Table,Furniture,Furniture,551.74,172,4,UE,Levi's,The Levi's Ashley Dining Table by Levi's combines quality and innovation.
vRUk-9630,Playmobil iPhone 14,Smartphone,Smartphone,215.65,72,7,IT,Playmobil,The Playmobil iPhone 14 by Playmobil combines quality and innovation.
wsSf-2793,Zara Ashley Dining Table,Furniture,Furniture,707.28,133,10,IT,Zara,The Zara Ashley Dining Table by Zara combines quality and innovation.
jYHZ-2038,Zara Barbie Dreamhouse,Toy,Toy,626.45,48,10,IT,Zara,The Zara Barbie Dreamhouse by Zara combines quality and innovation.
HxtU-3238,Simon & Schuster Playmobil Castle,Toy,Toy,994.21,132,9,IT,Simon & Schuster,The Simon & Schuster Playmobil Castle by Simon & Schuster combines quality and innovation.
vNhu-9421,Sony Lego City,Toy,Toy,828.88,173,2,IT,Sony,The Sony Lego City by Sony combines quality and innovation.
tvPO-4724,H&M Atomic Habits,Books,Books,933.76,6,14,UE,H&M,The H&M Atomic Habits by H&M combines quality and innovation.
YtDU-2296,Lego Ashley Dining Table,Furniture,Furniture,618.45,151,8,IT,Lego,The Lego Ashley Dining Table by Lego combines quality and innovation.
xjXH-6533,IKEA Atomic Habits,Books,Books,251.22,55,9,IT,IKEA,The IKEA Atomic Habits by IKEA combines quality and innovation.
SifU-0236,IKEA IKEA MALM Bed,Furniture,Furniture,16.94,1,9,IT,IKEA,The IKEA IKEA MALM Bed by IKEA combines quality and innovation.
QJQx-8996,Lego Dune,Books,Books,436.12,189,8,UE,Lego,The Lego Dune by Lego combines quality and innovation.
Vthi-6772,CB2 Atomic Habits,Books,Books,454.41,2,9,UE,CB2,The CB2 Atomic Habits by CB2 combines quality and innovation.
jAPG-1518,Playmobil Xiaomi Redmi,Smartphone,Smartphone,160.99,2,4,UE,Playmobil,The Playmobil Xiaomi Redmi by Playmobil combines quality and innovation.
jmzi-9393,CB2 H&M Jacket,Clothing,Clothing,859.52,129,13,IT,CB2,The CB2 H&M Jacket by CB2 combines quality and innovation.
UQRe-5142,Bose Lego City,Toy,Toy,924.23,152,9,IT,Bose,The Bose Lego City by Bose combines quality and innovation.
AqGQ-8352,Bloomsbury Adidas Tracksuit,Clothing,Clothing,414.85,114,10,IT,Bloomsbury,The Bloomsbury Adidas Tracksuit by Bloomsbury combines quality and innovation.
BwED-3870,Fisher-Price Pixel 7,Smartphone,Smartphone,37.78,92,8,IT,Fisher-Price,The Fisher-Price Pixel 7 by Fisher-Price combines quality and innovation.
MAyR-5092,Anker To Kill a Mockingbird,Books,Books,958.63,153,7,IT,Anker,The Anker To Kill a Mockingbird by Anker combines quality and innovation.
wJMX-1783,Bose Galaxy S22,Smartphone,Smartphone,287.41,121,1,IT,Bose,The Bose Galaxy S22 by Bose combines quality and innovation.
qwEa-0021,IKEA Dune,Books,Books,589.22,197,10,IT,IKEA,The IKEA Dune by IKEA combines quality and innovation.
HSkA-7342,HarperCollins Wayfair Sofa,Furniture,Furniture,955.83,106,5,IT,HarperCollins,The HarperCollins Wayfair Sofa by HarperCollins combines quality and innovation.
zrvx-7369,Levi's Wayfair Sofa,Furniture,Furniture,644.68,17,8,IT,Levi's,The Levi's Wayfair Sofa by Levi's combines quality and innovation.
Yejg-8246,West Elm Bookshelf Unit,Furniture,Furniture,306.03,133,14,UE,West Elm,The West Elm Bookshelf Unit by West Elm combines quality and innovation.
hgss-8950,Playmobil Lego City,Toy,Toy,663.32,88,1,UE,Playmobil,The Playmobil Lego City by Playmobil combines quality and innovation.
FrNy-0935,CB2 Nike Hoodie,Clothing,Clothing,656.7,148,4,IT,CB2,The CB2 Nike Hoodie by CB2 combines quality and innovation.
yZlO-4124,Apple Atomic Habits,Books,Books,885.2,7,11,UE,Apple,The Apple Atomic Habits by Apple combines quality and innovation.
DxNQ-3796,Zara Xiaomi Redmi,Smartphone,Smartphone,577.58,108,9,IT,Zara,The Zara Xiaomi Redmi by Zara combines quality and innovation.
RaRq-3233,IKEA Atomic Habits,Books,Books,73.19,97,3,UE,IKEA,The IKEA Atomic Habits by IKEA combines quality and innovation.
eybn-7226,IKEA Galaxy S22,Smartphone,Smartphone,777.69,190,12,IT,IKEA,The IKEA Galaxy S22 by IKEA combines quality and innovation.
sMuW-1183,Random House Zara T-Shirt,Clothing,Clothing,976.68,191,4,IT,Random House,The Random House Zara T-Shirt by Random House combines quality and innovation.
aJUt-1028,Fisher-Price OnePlus Nord,Smartphone,Smartphone,404.84,16,9,IT,Fisher-Price,The Fisher-Price OnePlus Nord by Fisher-Price combines quality and innovation.
VFNM-9498,Amazon Bookshelf Unit,Furniture,Furniture,447.12,55,12,UE,Amazon,The Amazon Bookshelf Unit by Amazon combines quality and innovation.
SQZP-0955,Amazon Galaxy S22,Smartphone,Smartphone,344.75,9,11,IT,Amazon,The Amazon Galaxy S22 by Amazon combines quality and innovation.
sAbS-6103,Playmobil Wayfair Sofa,Furniture,Furniture,867.04,181,7,UE,Playmobil,The Playmobil Wayfair Sofa by Playmobil combines quality and innovation.
sajR-7798,Random House The Silent Patient,Books,Books,770.82,66,6,IT,Random House,The Random House The Silent Patient by Random House combines quality and innovation.
JFRY-1613,West Elm Pixel 7,Smartphone,Smartphone,173.41,31,10,IT,West Elm,The West Elm Pixel 7 by West Elm combines quality and innovation.
BWAU-7431,Penguin Pixel 7,Smartphone,Smartphone,959.9,191,2,IT,Penguin,The Penguin Pixel 7 by Penguin combines quality and innovation.
QOFT-1186,Pottery Barn Xiaomi Redmi,Smartphone,Smartphone,54.87,184,10,IT,Pottery Barn,The Pottery Barn Xiaomi Redmi by Pottery Barn combines quality and innovation.
Mufh-7561,Wayfair Levi's Jeans,Clothing,Clothing,261.46,117,13,IT,Wayfair,The Wayfair Levi's Jeans by Wayfair combines quality and innovation.
Zmfj-9362,IKEA H&M Jacket,Clothing,Clothing,159.99,172,1,IT,IKEA,The IKEA H&M Jacket by IKEA combines quality and innovation.
dFHk-6183,Apple Nike Hoodie,Clothing,Clothing,26.78,121,12,UE,Apple,The Apple Nike Hoodie by Apple combines quality and innovation.
DZRz-5757,CB2 Desk Lamp,Furniture,Furniture,38.59,91,11,IT,CB2,The CB2 Desk Lamp by CB2 combines quality and innovation.
gqZz-8175,Puma H&M Jacket,Clothing,Clothing,875.0,142,5,IT,Puma,The Puma H&M Jacket by Puma combines quality and innovation.
HbLe-2152,Playmobil Xiaomi Redmi,Smartphone,Smartphone,184.72,66,3,IT,Playmobil,The Playmobil Xiaomi Redmi by Playmobil combines quality and innovation.
XdRB-0552,Wayfair Wayfair Sofa,Furniture,Furniture,29.34,90,12,UE,Wayfair,The Wayfair Wayfair Sofa by Wayfair combines quality and innovation.
EIXH-4477,Adidas IKEA MALM Bed,Furniture,Furniture,967.91,101,14,IT,Adidas,The Adidas IKEA MALM Bed by Adidas combines quality and innovation.
qfsz-2153,Anker Desk Lamp,Furniture,Furniture,305.25,80,12,IT,Anker,The Anker Desk Lamp by Anker combines quality and innovation.
DDlg-2856,Simon & Schuster Xiaomi Redmi,Smartphone,Smartphone,429.3,72,3,UE,Simon & Schuster,The Simon & Schuster Xiaomi Redmi by Simon & Schuster combines quality and innovation.
Sauw-3698,Sony Barbie Dreamhouse,Toy,Toy,751.69,41,4,IT,Sony,The Sony Barbie Dreamhouse by Sony combines quality and innovation.
wbWW-9986,Pottery Barn Pixel 7,Smartphone,Smartphone,985.63,174,9,IT,Pottery Barn,The Pottery Barn Pixel 7 by Pottery Barn combines quality and innovation.
xUKL-5454,Anker Pixel 7,Smartphone,Smartphone,784.28,97,6,IT,Anker,The Anker Pixel 7 by Anker combines quality and innovation.
vpxm-2623,Logitech Adidas Tracksuit,Clothing,Clothing,565.41,198,6,UE,Logitech,The Logitech Adidas Tracksuit by Logitech combines quality and innovation.
Ccqu-4993,Amazon IKEA MALM Bed,Furniture,Furniture,952.84,14,10,IT,Amazon,The Amazon IKEA MALM Bed by Amazon combines quality and innovation.
Dtbe-0423,Fisher-Price Galaxy S22,Smartphone,Smartphone,277.89,2,12,UE,Fisher-Price,The Fisher-Price Galaxy S22 by Fisher-Price combines quality and innovation.
ther-4941,Fisher-Price Wayfair Sofa,Furniture,Furniture,75.24,93,2,IT,Fisher-Price,The Fisher-Price Wayfair Sofa by Fisher-Price combines quality and innovation.
vTGp-8567,Random House NERF Blaster,Toy,Toy,257.1,18,11,UE,Random House,The Random House NERF Blaster by Random House combines quality and innovation.
XeBh-0213,Random House OnePlus Nord,Smartphone,Smartphone,819.12,49,11,IT,Random House,The Random House OnePlus Nord by Random House combines quality and innovation.
JJEi-6103,CB2 Adidas Tracksuit,Clothing,Clothing,686.51,143,1,IT,CB2,The CB2 Adidas Tracksuit by CB2 combines quality and innovation.
bkev-8591,H&M Playmobil Castle,Toy,Toy,708.85,136,3,IT,H&M,The H&M Playmobil Castle by H&M combines quality and innovation.
LcHt-3628,Playmobil Xiaomi Redmi,Smartphone,Smartphone,608.45,16,11,UE,Playmobil,The Playmobil Xiaomi Redmi by Playmobil combines quality and innovation.
WITp-3306,Nike Xiaomi Redmi,Smartphone,Smartphone,458.08,106,3,IT,Nike,The Nike Xiaomi Redmi by Nike combines quality and innovation.
hxiB-1989,Bose The Silent Patient,Books,Books,54.24,178,14,IT,Bose,The Bose The Silent Patient by Bose combines quality and innovation.
uEZA-8500,Zara Galaxy S22,Smartphone,Smartphone,872.52,1,11,UE,Zara,The Zara Galaxy S22 by Zara combines quality and innovation.
KLaw-9414,IKEA Dune,Books,Books,884.78,74,1,IT,IKEA,The IKEA Dune by IKEA combines quality and innovation.
kRHN-0957,Fisher-Price Lego City,Toy,Toy,251.31,9,9,UE,Fisher-Price,The Fisher-Price Lego City by Fisher-Price combines quality and innovation.
tHzs-7127,Wayfair IKEA MALM Bed,Furniture,Furniture,566.17,71,3,IT,Wayfair,The Wayfair IKEA MALM Bed by Wayfair combines quality and innovation.
qdBK-2988,Anker H&M Jacket,Clothing,Clothing,988.71,6,11,UE,Anker,The Anker H&M Jacket by Anker combines quality and innovation.
Ygga-5827,Penguin Playmobil Castle,Toy,Toy,600.71,75,7,IT,Penguin,The Penguin Playmobil Castle by Penguin combines quality and innovation.
VqMh-8203,Penguin Zara T-Shirt,Clothing,Clothing,18.74,38,2,IT,Penguin,The Penguin Zara T-Shirt by Penguin combines quality and innovation.
OVgA-0909,Fisher-Price Lego City,Toy,Toy,133.94,102,14,IT,Fisher-Price,The Fisher-Price Lego City by Fisher-Price combines quality and innovation.
Quje-6652,Puma IKEA MALM Bed,Furniture,Furniture,476.71,154,4,UE,Puma,The Puma IKEA MALM Bed by Puma combines quality and innovation.
GmgM-6985,Pottery Barn IKEA MALM Bed,Furniture,Furniture,776.16,27,11,IT,Pottery Barn,The Pottery Barn IKEA MALM Bed by Pottery Barn combines quality and innovation.
LPjL-1946,Fisher-Price Lego City,Toy,Toy,280.52,6,4,IT,Fisher-Price,The Fisher-Price Lego City by Fisher-Price combines quality and innovation.
RVhN-1593,Apple iPhone 14,Smartphone,Smartphone,310.66,197,10,UE,Apple,The Apple iPhone 14 by Apple combines quality and innovation.
VCVx-4281,West Elm Dune,Books,Books,790.44,104,10,IT,West Elm,The West Elm Dune by West Elm combines quality and innovation.
BtNL-6752,CB2 1984,Books,Books,845.49,120,6,IT,CB2,The CB2 1984 by CB2 combines quality and innovation.
aKsW-9105,CB2 To Kill a Mockingbird,Books,Books,230.3,36,5,IT,CB2,The CB2 To Kill a Mockingbird by CB2 combines quality and innovation.
ghLy-4557,Amazon To Kill a Mockingbird,Books,Books,106.25,183,14,UE,Amazon,The Amazon To Kill a Mockingbird by Amazon combines quality and innovation.
HNTw-9103,Amazon OnePlus Nord,Smartphone,Smartphone,343.9,143,9,IT,Amazon,The Amazon OnePlus Nord by Amazon combines quality and innovation.
sgdB-1569,Penguin H&M Jacket,Clothing,Clothing,294.69,71,1,IT,Penguin,The Penguin H&M Jacket by Penguin combines quality and innovation.
GaGw-9669,Lego iPhone 14,Smartphone,Smartphone,290.6,184,6,IT,Lego,The Lego iPhone 14 by Lego combines quality and innovation.
jwAC-0106,Bloomsbury Desk Lamp,Furniture,Furniture,83.88,26,7,UE,Bloomsbury,The Bloomsbury Desk Lamp by Bloomsbury combines quality and innovation.
AhNv-3032,Nike Bookshelf Unit,Furniture,Furniture,591.07,82,11,UE,Nike,The Nike Bookshelf Unit by Nike combines quality and innovation.
cgIO-5804,Random House Lego City,Toy,Toy,295.11,184,14,UE,Random House,The Random House Lego City by Random House combines quality and innovation.
HvCF-7901,Zara iPhone 14,Smartphone,Smartphone,211.81,171,1,UE,Zara,The Zara iPhone 14 by Zara combines quality and innovation.
oFFp-3366,Anker Bookshelf Unit,Furniture,Furniture,62.35,60,6,UE,Anker,The Anker Bookshelf Unit by Anker combines quality and innovation.
MuLY-4142,Levi's Atomic Habits,Books,Books,631.16,17,5,UE,Levi's,The Levi's Atomic Habits by Levi's combines quality and innovation.
rHfN-7104,Playmobil Bookshelf Unit,Furniture,Furniture,169.34,122,4,IT,Playmobil,The Playmobil Bookshelf Unit by Playmobil combines quality and innovation.
yxUj-8648,West Elm Dune,Books,Books,91.27,61,8,UE,West Elm,The West Elm Dune by West Elm combines quality and innovation.
Mzaq-0761,Adidas Zara T-Shirt,Clothing,Clothing,83.83,137,4,UE,Adidas,The Adidas Zara T-Shirt by Adidas combines quality and innovation.
HOJy-8948,Simon & Schuster NERF Blaster,Toy,Toy,181.47,10,5,IT,Simon & Schuster,The Simon & Schuster NERF Blaster by Simon & Schuster combines quality and innovation.
RbgV-6921,HarperCollins Galaxy S22,Smartphone,Smartphone,217.39,135,14,UE,HarperCollins,The HarperCollins Galaxy S22 by HarperCollins combines quality and innovation.
GhDz-4530,Playmobil IKEA MALM Bed,Furniture,Furniture,400.81,134,9,UE,Playmobil,The Playmobil IKEA MALM Bed by Playmobil combines quality and innovation.
toaA-1485,Sony Pixel 7,Smartphone,Smartphone,875.26,193,6,IT,Sony,The Sony Pixel 7 by Sony combines quality and innovation.
iXPR-2796,Lego Barbie Dreamhouse,Toy,Toy,118.01,148,7,UE,Lego,The Lego Barbie Dreamhouse by Lego combines quality and innovation.
GTnQ-4109,Sony Desk Lamp,Furniture,Furniture,100.69,25,10,IT,Sony,The Sony Desk Lamp by Sony combines quality and innovation.
SIVl-3613,Logitech Xiaomi Redmi,Smartphone,Smartphone,971.37,21,8,UE,Logitech,The Logitech Xiaomi Redmi by Logitech combines quality and innovation.
ceFB-9529,Nike Playmobil Castle,Toy,Toy,390.67,86,13,IT,Nike,The Nike Playmobil Castle by Nike combines quality and innovation.
noJl-1989,Simon & Schuster Pixel 7,Smartphone,Smartphone,569.24,47,2,IT,Simon & Schuster,The Simon & Schuster Pixel 7 by Simon & Schuster combines quality and innovation.
FaQO-6267,Bose 1984,Books,Books,308.93,49,2,UE,Bose,The Bose 1984 by Bose combines quality and innovation.
AGBk-4760,CB2 Hot Wheels,Toy,Toy,623.82,112,4,UE,CB2,The CB2 Hot Wheels by CB2 combines quality and innovation.
SWUj-5492,Pottery Barn Hot Wheels,Toy,Toy,429.82,97,10,IT,Pottery Barn,The Pottery Barn Hot Wheels by Pottery Barn combines quality and innovation.
tSsO-4498,Wayfair The Silent Patient,Books,Books,424.29,160,3,UE,Wayfair,The Wayfair The Silent Patient by Wayfair combines quality and innovation.
oIKm-9695,H&M Playmobil Castle,Toy,Toy,203.11,83,4,IT,H&M,The H&M Playmobil Castle by H&M combines quality and innovation.
beGI-5485,Puma 1984,Books,Books,203.01,10,1,UE,Puma,The Puma 1984 by Puma combines quality and innovation.
eqlO-4678,Lego Adidas Tracksuit,Clothing,Clothing,700.23,133,2,UE,Lego,The Lego Adidas Tracksuit by Lego combines quality and innovation.
AkNV-3770,Simon & Schuster Lego City,Toy,Toy,603.49,183,3,UE,Simon & Schuster,The Simon & Schuster Lego City by Simon & Schuster combines quality and innovation.
mSRU-8425,Pottery Barn Ashley Dining Table,Furniture,Furniture,533.23,116,4,UE,Pottery Barn,The Pottery Barn Ashley Dining Table by Pottery Barn combines quality and innovation.
wPxx-3487,Fisher-Price Xiaomi Redmi,Smartphone,Smartphone,775.02,115,12,IT,Fisher-Price,The Fisher-Price Xiaomi Redmi by Fisher-Price combines quality and innovation.
PAmJ-9895,Amazon To Kill a Mockingbird,Books,Books,154.25,134,7,UE,Amazon,The Amazon To Kill a Mockingbird by Amazon combines quality and innovation.
vLUk-7487,Puma Nike Hoodie,Clothing,Clothing,735.08,61,3,IT,Puma,The Puma Nike Hoodie by Puma combines quality and innovation.
Kndg-9399,Puma Desk Lamp,Furniture,Furniture,38.89,115,8,IT,Puma,The Puma Desk Lamp by Puma combines quality and innovation.
TIXK-6413,Playmobil Pixel 7,Smartphone,Smartphone,403.3,128,13,UE,Playmobil,The Playmobil Pixel 7 by Playmobil combines quality and innovation.
ukoB-1722,Mattel Dune,Books,Books,354.11,76,6,UE,Mattel,The Mattel Dune by Mattel combines quality and innovation.
xxMV-0437,Bloomsbury Wayfair Sofa,Furniture,Furniture,213.54,32,8,UE,Bloomsbury,The Bloomsbury Wayfair Sofa by Bloomsbury combines quality and innovation.
yfmX-6108,Bloomsbury Ashley Dining Table,Furniture,Furniture,533.7,179,7,UE,Bloomsbury,The Bloomsbury Ashley Dining Table by Bloomsbury combines quality and innovation.
KUHD-2560,Fisher-Price Wayfair Sofa,Furniture,Furniture,341.25,177,3,IT,Fisher-Price,The Fisher-Price Wayfair Sofa by Fisher-Price combines quality and innovation.
vmCH-3643,Adidas Zara T-Shirt,Clothing,Clothing,781.51,43,10,UE,Adidas,The Adidas Zara T-Shirt by Adidas combines quality and innovation.
lsMO-9530,Lego Lego City,Toy,Toy,700.1,172,10,IT,Lego,The Lego Lego City by Lego combines quality and innovation.
Phqs-0082,H&M Lego City,Toy,Toy,902.24,67,9,UE,H&M,The H&M Lego City by H&M combines quality and innovation.
HAOw-8045,Wayfair Atomic Habits,Books,Books,686.34,160,3,UE,Wayfair,The Wayfair Atomic Habits by Wayfair combines quality and innovation.
vOzo-5340,Playmobil Barbie Dreamhouse,Toy,Toy,534.04,155,7,UE,Playmobil,The Playmobil Barbie Dreamhouse by Playmobil combines quality and innovation.
kStG-7261,Random House The Silent Patient,Books,Books,82.89,45,10,UE,Random House,The Random House The Silent Patient by Random House combines quality and innovation.
BICc-5747,Wayfair Bookshelf Unit,Furniture,Furniture,876.17,157,3,UE,Wayfair,The Wayfair Bookshelf Unit by Wayfair combines quality and innovation.
Oakd-2443,Sony To Kill a Mockingbird,Books,Books,423.85,19,2,UE,Sony,The Sony To Kill a Mockingbird by Sony combines quality and innovation.
povr-0185,Penguin Xiaomi Redmi,Smartphone,Smartphone,519.36,107,5,IT,Penguin,The Penguin Xiaomi Redmi by Penguin combines quality and innovation.
yQif-2109,Zara H&M Jacket,Clothing,Clothing,941.12,177,11,IT,Zara,The Zara H&M Jacket by Zara combines quality and innovation.
qwdn-4604,Nike Hot Wheels,Toy,Toy,122.56,77,14,UE,Nike,The Nike Hot Wheels by Nike combines quality and innovation.
KdXS-8761,IKEA Hot Wheels,Toy,Toy,920.74,107,12,IT,IKEA,The IKEA Hot Wheels by IKEA combines quality and innovation.
tInd-0830,Mattel Nike Hoodie,Clothing,Clothing,633.65,190,13,IT,Mattel,The Mattel Nike Hoodie by Mattel combines quality and innovation.
nSEJ-8609,HarperCollins Barbie Dreamhouse,Toy,Toy,149.92,113,12,UE,HarperCollins,The HarperCollins Barbie Dreamhouse by HarperCollins combines quality and innovation.
HQul-3649,Bose Wayfair Sofa,Furniture,Furniture,74.43,2,2,IT,Bose,The Bose Wayfair Sofa by Bose combines quality and innovation.
uFOt-9552,Nike Pixel 7,Smartphone,Smartphone,682.36,110,13,IT,Nike,The Nike Pixel 7 by Nike combines quality and innovation.
DliZ-5212,HarperCollins Barbie Dreamhouse,Toy,Toy,751.6,26,10,IT,HarperCollins,The HarperCollins Barbie Dreamhouse by HarperCollins combines quality and innovation.
nijx-6007,Anker Barbie Dreamhouse,Toy,Toy,861.36,93,14,UE,Anker,The Anker Barbie Dreamhouse by Anker combines quality and innovation.
uTom-6014,Anker Bookshelf Unit,Furniture,Furniture,356.8,126,8,UE,Anker,The Anker Bookshelf Unit by Anker combines quality and innovation.
aLHs-3446,Amazon IKEA MALM Bed,Furniture,Furniture,582.59,16,5,IT,Amazon,The Amazon IKEA MALM Bed by Amazon combines quality and innovation.
ELsJ-8654,Sony Wayfair Sofa,Furniture,Furniture,891.55,120,13,IT,Sony,The Sony Wayfair Sofa by Sony combines quality and innovation.
IgJJ-8901,Fisher-Price To Kill a Mockingbird,Books,Books,857.96,179,4,UE,Fisher-Price,The Fisher-Price To Kill a Mockingbird by Fisher-Price combines quality and innovation.
czGQ-9266,Wayfair 1984,Books,Books,355.15,117,11,IT,Wayfair,The Wayfair 1984 by Wayfair combines quality and innovation.
dFlb-0100,HarperCollins Playmobil Castle,Toy,Toy,264.48,132,12,UE,HarperCollins,The HarperCollins Playmobil Castle by HarperCollins combines quality and innovation.
AaKL-0902,Lego To Kill a Mockingbird,Books,Books,251.09,135,5,IT,Lego,The Lego To Kill a Mockingbird by Lego combines quality and innovation.
Gevb-1161,Lego NERF Blaster,Toy,Toy,90.46,147,6,UE,Lego,The Lego NERF Blaster by Lego combines quality and innovation.
YYol-4956,Levi's Bookshelf Unit,Furniture,Furniture,794.45,56,12,UE,Levi's,The Levi's Bookshelf Unit by Levi's combines quality and innovation.
anSN-0186,Lego Dune,Books,Books,29.31,83,6,UE,Lego,The Lego Dune by Lego combines quality and innovation.
zzgr-3914,Fisher-Price Bookshelf Unit,Furniture,Furniture,59.17,100,9,IT,Fisher-Price,The Fisher-Price Bookshelf Unit by Fisher-Price combines quality and innovation.
PCES-1092,Logitech Ashley Dining Table,Furniture,Furniture,524.46,163,9,IT,Logitech,The Logitech Ashley Dining Table by Logitech combines quality and innovation.
unuj-0011,H&M Zara T-Shirt,Clothing,Clothing,321.89,4,6,UE,H&M,The H&M Zara T-Shirt by H&M combines quality and innovation.
qTmW-4725,Wayfair Bookshelf Unit,Furniture,Furniture,198.1,117,3,UE,Wayfair,The Wayfair Bookshelf Unit by Wayfair combines quality and innovation.
NoYk-2171,Zara H&M Jacket,Clothing,Clothing,982.12,168,3,UE,Zara,The Zara H&M Jacket by Zara combines quality and innovation.
gcDs-9966,Nike iPhone 14,Smartphone,Smartphone,347.01,188,10,UE,Nike,The Nike iPhone 14 by Nike combines quality and innovation.
LZWB-6562,Adidas H&M Jacket,Clothing,Clothing,362.76,101,14,UE,Adidas,The Adidas H&M Jacket by Adidas combines quality and innovation.
XVxl-9657,West Elm Pixel 7,Smartphone,Smartphone,500.14,12,4,IT,West Elm,The West Elm Pixel 7 by West Elm combines quality and innovation.
HfbM-8439,Simon & Schuster Zara T-Shirt,Clothing,Clothing,546.65,2,11,IT,Simon & Schuster,The Simon & Schuster Zara T-Shirt by Simon & Schuster combines quality and innovation.
AvnO-9736,Mattel H&M Jacket,Clothing,Clothing,380.26,120,2,UE,Mattel,The Mattel H&M Jacket by Mattel combines quality and innovation.
ROHQ-8453,Bloomsbury Wayfair Sofa,Furniture,Furniture,349.87,57,13,IT,Bloomsbury,The Bloomsbury Wayfair Sofa by Bloomsbury combines quality and innovation.
iqMN-8123,Bloomsbury Xiaomi Redmi,Smartphone,Smartphone,324.69,17,10,UE,Bloomsbury,The Bloomsbury Xiaomi Redmi by Bloomsbury combines quality and innovation.
TfZn-1022,Amazon NERF Blaster,Toy,Toy,140.1,37,7,IT,Amazon,The Amazon NERF Blaster by Amazon combines quality and innovation.
FouS-7658,Bose Barbie Dreamhouse,Toy,Toy,908.24,64,5,IT,Bose,The Bose Barbie Dreamhouse by Bose combines quality and innovation.
OgTa-8263,Adidas Zara T-Shirt,Clothing,Clothing,96.08,180,8,IT,Adidas,The Adidas Zara T-Shirt by Adidas combines quality and innovation.
WCnd-2387,Fisher-Price iPhone 14,Smartphone,Smartphone,925.65,68,9,UE,Fisher-Price,The Fisher-Price iPhone 14 by Fisher-Price combines quality and innovation.
XBQQ-5309,Sony Pixel 7,Smartphone,Smartphone,511.52,133,5,UE,Sony,The Sony Pixel 7 by Sony combines quality and innovation.
HkvH-3269,Amazon Atomic Habits,Books,Books,760.42,44,8,IT,Amazon,The Amazon Atomic Habits by Amazon combines quality and innovation.
jFpv-3140,Wayfair Ashley Dining Table,Furniture,Furniture,570.1,122,6,UE,Wayfair,The Wayfair Ashley Dining Table by Wayfair combines quality and innovation.
prCJ-3046,Pottery Barn Pixel 7,Smartphone,Smartphone,650.92,90,4,IT,Pottery Barn,The Pottery Barn Pixel 7 by Pottery Barn combines quality and innovation.
QWtR-6002,Amazon Atomic Habits,Books,Books,823.56,77,2,UE,Amazon,The Amazon Atomic Habits by Amazon combines quality and innovation.
EjTU-7202,Simon & Schuster Bookshelf Unit,Furniture,Furniture,482.56,115,2,UE,Simon & Schuster,The Simon & Schuster Bookshelf Unit by Simon & Schuster combines quality and innovation.
jdux-7658,CB2 Playmobil Castle,Toy,Toy,186.21,101,3,UE,CB2,The CB2 Playmobil Castle by CB2 combines quality and innovation.
qAjm-7724,HarperCollins NERF Blaster,Toy,Toy,493.62,78,10,IT,HarperCollins,The HarperCollins NERF Blaster by HarperCollins combines quality and innovation.
YRRP-4943,Wayfair Ashley Dining Table,Furniture,Furniture,357.67,94,7,IT,Wayfair,The Wayfair Ashley Dining Table by Wayfair combines quality and innovation.
XlOs-9796,Simon & Schuster Hot Wheels,Toy,Toy,780.0,195,7,IT,Simon & Schuster,The Simon & Schuster Hot Wheels by Simon & Schuster combines quality and innovation.
LBeW-6878,Nike Playmobil Castle,Toy,Toy,618.12,100,11,IT,Nike,The Nike Playmobil Castle by Nike combines quality and innovation.
eYSm-3163,Amazon Ashley Dining Table,Furniture,Furniture,162.26,12,9,IT,Amazon,The Amazon Ashley Dining Table by Amazon combines quality and innovation.
vbzN-5515,Zara The Silent Patient,Books,Books,373.87,186,2,IT,Zara,The Zara The Silent Patient by Zara combines quality and innovation.
rnzJ-0254,CB2 Barbie Dreamhouse,Toy,Toy,20.36,4,13,UE,CB2,The CB2 Barbie Dreamhouse by CB2 combines quality and innovation.
gyXH-1645,Apple NERF Blaster,Toy,Toy,467.14,198,2,UE,Apple,The Apple NERF Blaster by Apple combines quality and innovation.
fMTI-5841,Bose Zara T-Shirt,Clothing,Clothing,252.02,49,10,IT,Bose,The Bose Zara T-Shirt by Bose combines quality and innovation.
URpM-6160,Zara Atomic Habits,Books,Books,106.86,162,6,IT,Zara,The Zara Atomic Habits by Zara combines quality and innovation.
ccoz-1921,Anker To Kill a Mockingbird,Books,Books,274.71,72,7,IT,Anker,The Anker To Kill a Mockingbird by Anker combines quality and innovation.
pwVb-6077,Apple OnePlus Nord,Smartphone,Smartphone,688.17,58,8,UE,Apple,The Apple OnePlus Nord by Apple combines quality and innovation.
BMcp-4923,Pottery Barn IKEA MALM Bed,Furniture,Furniture,350.33,85,9,UE,Pottery Barn,The Pottery Barn IKEA MALM Bed by Pottery Barn combines quality and innovation.
AmyJ-5257,Logitech Ashley Dining Table,Furniture,Furniture,43.5,140,14,IT,Logitech,The Logitech Ashley Dining Table by Logitech combines quality and innovation.
ZjQe-6639,IKEA H&M Jacket,Clothing,Clothing,136.17,147,2,UE,IKEA,The IKEA H&M Jacket by IKEA combines quality and innovation.
HfpH-0232,Puma Bookshelf Unit,Furniture,Furniture,914.92,30,10,UE,Puma,The Puma Bookshelf Unit by Puma combines quality and innovation.
QqMV-6439,Anker Ashley Dining Table,Furniture,Furniture,381.26,86,8,UE,Anker,The Anker Ashley Dining Table by Anker combines quality and innovation.
peTp-5061,Simon & Schuster Lego City,Toy,Toy,302.51,37,10,UE,Simon & Schuster,The Simon & Schuster Lego City by Simon & Schuster combines quality and innovation.
OIBK-8361,Puma Bookshelf Unit,Furniture,Furniture,634.18,69,10,UE,Puma,The Puma Bookshelf Unit by Puma combines quality and innovation.
Sttc-6393,Random House iPhone 14,Smartphone,Smartphone,594.16,163,13,UE,Random House,The Random House iPhone 14 by Random House combines quality and innovation.
pqBT-9084,Levi's Lego City,Toy,Toy,300.68,100,5,IT,Levi's,The Levi's Lego City by Levi's combines quality and innovation.
gIMK-2606,Logitech Playmobil Castle,Toy,Toy,204.61,91,14,UE,Logitech,The Logitech Playmobil Castle by Logitech combines quality and innovation.
WZRF-0213,HarperCollins iPhone 14,Smartphone,Smartphone,604.69,64,2,IT,HarperCollins,The HarperCollins iPhone 14 by HarperCollins combines quality and innovation.
FHKv-2973,Bloomsbury Levi's Jeans,Clothing,Clothing,715.0,175,8,UE,Bloomsbury,The Bloomsbury Levi's Jeans by Bloomsbury combines quality and innovation.
KMNv-1277,HarperCollins Desk Lamp,Furniture,Furniture,905.42,63,4,IT,HarperCollins,The HarperCollins Desk Lamp by HarperCollins combines quality and innovation.
zkVa-2361,Apple Adidas Tracksuit,Clothing,Clothing,82.12,34,8,IT,Apple,The Apple Adidas Tracksuit by Apple combines quality and innovation.
CFsJ-0313,Anker Lego City,Toy,Toy,842.92,56,12,UE,Anker,The Anker Lego City by Anker combines quality and innovation.
ZySP-6614,CB2 Pixel 7,Smartphone,Smartphone,537.37,49,1,UE,CB2,The CB2 Pixel 7 by CB2 combines quality and innovation.
SBju-0750,Simon & Schuster Wayfair Sofa,Furniture,Furniture,95.01,181,10,IT,Simon & Schuster,The Simon & Schuster Wayfair Sofa by Simon & Schuster combines quality and innovation.
cYHP-6353,Wayfair Bookshelf Unit,Furniture,Furniture,290.97,118,10,UE,Wayfair,The Wayfair Bookshelf Unit by Wayfair combines quality and innovation.
kehi-1315,HarperCollins Hot Wheels,Toy,Toy,870.7,112,8,IT,HarperCollins,The HarperCollins Hot Wheels by HarperCollins combines quality and innovation.
YmBU-7159,HarperCollins Ashley Dining Table,Furniture,Furniture,98.78,148,4,IT,HarperCollins,The HarperCollins Ashley Dining Table by HarperCollins combines quality and innovation.
edyJ-1969,HarperCollins 1984,Books,Books,633.67,40,9,UE,HarperCollins,The HarperCollins 1984 by HarperCollins combines quality and innovation.
sKAs-6273,Sony OnePlus Nord,Smartphone,Smartphone,209.37,88,9,UE,Sony,The Sony OnePlus Nord by Sony combines quality and innovation.
nVXo-9923,Sony Xiaomi Redmi,Smartphone,Smartphone,981.48,189,6,IT,Sony,The Sony Xiaomi Redmi by Sony combines quality and innovation.
NeUT-4145,Puma Levi's Jeans,Clothing,Clothing,52.76,94,12,UE,Puma,The Puma Levi's Jeans by Puma combines quality and innovation.
hCnB-8695,West Elm 1984,Books,Books,146.32,147,12,IT,West Elm,The West Elm 1984 by West Elm combines quality and innovation.
SJuK-4592,Random House The Silent Patient,Books,Books,782.71,118,8,UE,Random House,The Random House The Silent Patient by Random House combines quality and innovation.
nBxq-6029,Levi's Adidas Tracksuit,Clothing,Clothing,222.27,67,10,IT,Levi's,The Levi's Adidas Tracksuit by Levi's combines quality and innovation.
JTfc-6898,Zara Bookshelf Unit,Furniture,Furniture,820.77,1,6,UE,Zara,The Zara Bookshelf Unit by Zara combines quality and innovation.
gJmp-7189,Zara Bookshelf Unit,Furniture,Furniture,57.49,7,7,IT,Zara,The Zara Bookshelf Unit by Zara combines quality and innovation.
LxjV-1719,Amazon Levi's Jeans,Clothing,Clothing,671.53,193,7,UE,Amazon,The Amazon Levi's Jeans by Amazon combines quality and innovation.
qJDD-8966,Puma IKEA MALM Bed,Furniture,Furniture,647.88,134,4,UE,Puma,The Puma IKEA MALM Bed by Puma combines quality and innovation.
jDmr-0925,Apple OnePlus Nord,Smartphone,Smartphone,378.52,37,5,IT,Apple,The Apple OnePlus Nord by Apple combines quality and innovation.
HjUt-2885,Penguin Nike Hoodie,Clothing,Clothing,254.88,86,10,UE,Penguin,The Penguin Nike Hoodie by Penguin combines quality and innovation.
Rwdn-1955,Wayfair Xiaomi Redmi,Smartphone,Smartphone,494.28,182,13,UE,Wayfair,The Wayfair Xiaomi Redmi by Wayfair combines quality and innovation.
kvBT-1500,Amazon Playmobil Castle,Toy,Toy,459.67,107,14,IT,Amazon,The Amazon Playmobil Castle by Amazon combines quality and innovation.
hDuF-6866,Lego Adidas Tracksuit,Clothing,Clothing,470.79,81,1,IT,Lego,The Lego Adidas Tracksuit by Lego combines quality and innovation.
ddjV-3573,Playmobil H&M Jacket,Clothing,Clothing,511.76,53,2,UE,Playmobil,The Playmobil H&M Jacket by Playmobil combines quality and innovation.
hYWv-0102,CB2 Nike Hoodie,Clothing,Clothing,583.12,78,13,UE,CB2,The CB2 Nike Hoodie by CB2 combines quality and innovation.
DCEU-2000,Zara Lego City,Toy,Toy,345.28,164,2,UE,Zara,The Zara Lego City by Zara combines quality and innovation.
ogcZ-1230,Adidas The Silent Patient,Books,Books,64.06,70,3,UE,Adidas,The Adidas The Silent Patient by Adidas combines quality and innovation.
cbfr-3857,IKEA 1984,Books,Books,775.69,176,4,IT,IKEA,The IKEA 1984 by IKEA combines quality and innovation.
HMpH-5745,Bloomsbury Adidas Tracksuit,Clothing,Clothing,39.1,87,13,UE,Bloomsbury,The Bloomsbury Adidas Tracksuit by Bloomsbury combines quality and innovation.
ovTZ-3810,Logitech H&M Jacket,Clothing,Clothing,591.63,166,10,UE,Logitech,The Logitech H&M Jacket by Logitech combines quality and innovation.
ODcF-0128,Bloomsbury Galaxy S22,Smartphone,Smartphone,778.94,110,14,UE,Bloomsbury,The Bloomsbury Galaxy S22 by Bloomsbury combines quality and innovation.
GpDZ-8593,Puma OnePlus Nord,Smartphone,Smartphone,496.33,72,1,IT,Puma,The Puma OnePlus Nord by Puma combines quality and innovation.
KVmy-6745,Playmobil Adidas Tracksuit,Clothing,Clothing,650.53,121,12,IT,Playmobil,The Playmobil Adidas Tracksuit by Playmobil combines quality and innovation.
wnBj-5295,Penguin Lego City,Toy,Toy,431.0,124,14,IT,Penguin,The Penguin Lego City by Penguin combines quality and innovation.
tipz-8949,Bloomsbury Playmobil Castle,Toy,Toy,539.69,135,11,IT,Bloomsbury,The Bloomsbury Playmobil Castle by Bloomsbury combines quality and innovation.
vWQG-1689,Mattel Levi's Jeans,Clothing,Clothing,202.56,62,13,IT,Mattel,The Mattel Levi's Jeans by Mattel combines quality and innovation.
pAOH-9324,Lego Dune,Books,Books,887.16,140,7,IT,Lego,The Lego Dune by Lego combines quality and innovation.
YvFa-8205,Lego OnePlus Nord,Smartphone,Smartphone,114.2,44,4,IT,Lego,The Lego OnePlus Nord by Lego combines quality and innovation.
aLpx-6319,IKEA Nike Hoodie,Clothing,Clothing,734.68,137,14,UE,IKEA,The IKEA Nike Hoodie by IKEA combines quality and innovation.
OrpY-2396,Nike Bookshelf Unit,Furniture,Furniture,398.01,74,10,IT,Nike,The Nike Bookshelf Unit by Nike combines quality and innovation.
WWDH-7951,IKEA Galaxy S22,Smartphone,Smartphone,433.78,179,4,UE,IKEA,The IKEA Galaxy S22 by IKEA combines quality and innovation.
hAkZ-7706,Lego NERF Blaster,Toy,Toy,454.45,102,4,UE,Lego,The Lego NERF Blaster by Lego combines quality and innovation.
qGnc-5014,Wayfair Atomic Habits,Books,Books,269.21,71,7,IT,Wayfair,The Wayfair Atomic Habits by Wayfair combines quality and innovation.
OHkz-8504,Penguin Barbie Dreamhouse,Toy,Toy,962.5,126,11,IT,Penguin,The Penguin Barbie Dreamhouse by Penguin combines quality and innovation.
PEwW-6557,Zara Ashley Dining Table,Furniture,Furniture,73.29,52,6,IT,Zara,The Zara Ashley Dining Table by Zara combines quality and innovation.
PUJh-6323,Bose The Silent Patient,Books,Books,626.7,65,1,UE,Bose,The Bose The Silent Patient by Bose combines quality and innovation.
UErO-5062,Apple Galaxy S22,Smartphone,Smartphone,765.67,195,2,IT,Apple,The Apple Galaxy S22 by Apple combines quality and innovation.
Gpek-2801,Lego OnePlus Nord,Smartphone,Smartphone,617.25,110,10,IT,Lego,The Lego OnePlus Nord by Lego combines quality and innovation.
UNzM-5062,Levi's Lego City,Toy,Toy,943.36,113,14,UE,Levi's,The Levi's Lego City by Levi's combines quality and innovation.
yKNM-3505,Penguin Hot Wheels,Toy,Toy,522.57,167,10,UE,Penguin,The Penguin Hot Wheels by Penguin combines quality and innovation.
Wpit-2359,Amazon OnePlus Nord,Smartphone,Smartphone,496.97,193,7,IT,Amazon,The Amazon OnePlus Nord by Amazon combines quality and innovation.
AzWp-9718,Zara iPhone 14,Smartphone,Smartphone,396.01,197,8,IT,Zara,The Zara iPhone 14 by Zara combines quality and innovation.
XhhK-5243,Bose Ashley Dining Table,Furniture,Furniture,309.07,49,6,UE,Bose,The Bose Ashley Dining Table by Bose combines quality and innovation.
DocX-6273,Amazon Nike Hoodie,Clothing,Clothing,400.22,74,10,UE,Amazon,The Amazon Nike Hoodie by Amazon combines quality and innovation.
AiXf-9791,Bloomsbury IKEA MALM Bed,Furniture,Furniture,128.45,129,5,UE,Bloomsbury,The Bloomsbury IKEA MALM Bed by Bloomsbury combines quality and innovation.
sGEP-2238,H&M 1984,Books,Books,526.03,192,1,IT,H&M,The H&M 1984 by H&M combines quality and innovation.
AXtA-8438,Simon & Schuster H&M Jacket,Clothing,Clothing,715.14,50,8,UE,Simon & Schuster,The Simon & Schuster H&M Jacket by Simon & Schuster combines quality and innovation.
RyRI-6565,West Elm Ashley Dining Table,Furniture,Furniture,622.75,45,7,UE,West Elm,The West Elm Ashley Dining Table by West Elm combines quality and innovation.
eock-1642,IKEA Galaxy S22,Smartphone,Smartphone,769.84,103,12,IT,IKEA,The IKEA Galaxy S22 by IKEA combines quality and innovation.
pUsh-4129,Mattel Wayfair Sofa,Furniture,Furniture,402.63,98,13,IT,Mattel,The Mattel Wayfair Sofa by Mattel combines quality and innovation.
wanp-4702,Playmobil Wayfair Sofa,Furniture,Furniture,668.62,106,12,UE,Playmobil,The Playmobil Wayfair Sofa by Playmobil combines quality and innovation.
RdFe-8546,IKEA 1984,Books,Books,24.02,73,8,UE,IKEA,The IKEA 1984 by IKEA combines quality and innovation.
xIAc-2271,Puma Adidas Tracksuit,Clothing,Clothing,369.8,15,8,IT,Puma,The Puma Adidas Tracksuit by Puma combines quality and innovation.
tdCq-6349,Random House Pixel 7,Smartphone,Smartphone,749.88,180,4,UE,Random House,The Random House Pixel 7 by Random House combines quality and innovation.
tDml-9872,Mattel Atomic Habits,Books,Books,902.49,60,1,IT,Mattel,The Mattel Atomic Habits by Mattel combines quality and innovation.
SPvA-5815,Zara Playmobil Castle,Toy,Toy,153.03,6,11,UE,Zara,The Zara Playmobil Castle by Zara combines quality and innovation.
lKMT-8486,Apple Dune,Books,Books,674.73,177,5,UE,Apple,The Apple Dune by Apple combines quality and innovation.
FcTA-2459,West Elm Desk Lamp,Furniture,Furniture,511.26,65,10,UE,West Elm,The West Elm Desk Lamp by West Elm combines quality and innovation.
wuKW-4589,Playmobil OnePlus Nord,Smartphone,Smartphone,153.15,20,13,UE,Playmobil,The Playmobil OnePlus Nord by Playmobil combines quality and innovation.
feGh-3460,Bloomsbury iPhone 14,Smartphone,Smartphone,348.0,8,1,UE,Bloomsbury,The Bloomsbury iPhone 14 by Bloomsbury combines quality and innovation.
Donc-0627,Lego Desk Lamp,Furniture,Furniture,191.21,156,9,IT,Lego,The Lego Desk Lamp by Lego combines quality and innovation.
eANA-3216,Amazon NERF Blaster,Toy,Toy,195.87,59,2,IT,Amazon,The Amazon NERF Blaster by Amazon combines quality and innovation.
LsPo-7009,Anker Ashley Dining Table,Furniture,Furniture,197.01,173,13,IT,Anker,The Anker Ashley Dining Table by Anker combines quality and innovation.
eoOC-8402,CB2 Adidas Tracksuit,Clothing,Clothing,102.53,38,5,UE,CB2,The CB2 Adidas Tracksuit by CB2 combines quality and innovation.
AVuR-6148,Puma iPhone 14,Smartphone,Smartphone,520.14,38,4,UE,Puma,The Puma iPhone 14 by Puma combines quality and innovation.
Vnec-8407,HarperCollins Hot Wheels,Toy,Toy,366.66,4,4,UE,HarperCollins,The HarperCollins Hot Wheels by HarperCollins combines quality and innovation.
LDui-7586,Adidas Ashley Dining Table,Furniture,Furniture,242.13,67,14,UE,Adidas,The Adidas Ashley Dining Table by Adidas combines quality and innovation.
BFZl-0968,Nike Hot Wheels,Toy,Toy,629.18,186,7,IT,Nike,The Nike Hot Wheels by Nike combines quality and innovation.
tHoA-5699,Mattel Lego City,Toy,Toy,288.77,193,2,UE,Mattel,The Mattel Lego City by Mattel combines quality and innovation.
NaUe-7438,Anker Levi's Jeans,Clothing,Clothing,665.14,141,8,IT,Anker,The Anker Levi's Jeans by Anker combines quality and innovation.
asUH-7297,Adidas H&M Jacket,Clothing,Clothing,963.51,123,14,IT,Adidas,The Adidas H&M Jacket by Adidas combines quality and innovation.
VgQp-6568,Bloomsbury Galaxy S22,Smartphone,Smartphone,697.61,118,9,UE,Bloomsbury,The Bloomsbury Galaxy S22 by Bloomsbury combines quality and innovation.
QZyq-5496,Bloomsbury OnePlus Nord,Smartphone,Smartphone,931.4,100,5,UE,Bloomsbury,The Bloomsbury OnePlus Nord by Bloomsbury combines quality and innovation.
rdDl-0174,IKEA To Kill a Mockingbird,Books,Books,560.8,122,13,IT,IKEA,The IKEA To Kill a Mockingbird by IKEA combines quality and innovation.
ZMYE-5130,Levi's Atomic Habits,Books,Books,236.18,84,10,IT,Levi's,The Levi's Atomic Habits by Levi's combines quality and innovation.
DOMB-4589,Adidas Adidas Tracksuit,Clothing,Clothing,319.6,185,2,IT,Adidas,The Adidas Adidas Tracksuit by Adidas combines quality and innovation.
Hgue-4917,Fisher-Price Atomic Habits,Books,Books,692.14,84,12,UE,Fisher-Price,The Fisher-Price Atomic Habits by Fisher-Price combines quality and innovation.
JRgr-1799,Lego NERF Blaster,Toy,Toy,664.43,168,6,IT,Lego,The Lego NERF Blaster by Lego combines quality and innovation.
LjBG-1838,Bose Zara T-Shirt,Clothing,Clothing,891.08,58,9,IT,Bose,The Bose Zara T-Shirt by Bose combines quality and innovation.
Gdli-9137,West Elm Zara T-Shirt,Clothing,Clothing,72.21,12,7,IT,West Elm,The West Elm Zara T-Shirt by West Elm combines quality and innovation.
Drzz-7515,HarperCollins Lego City,Toy,Toy,801.72,183,13,IT,HarperCollins,The HarperCollins Lego City by HarperCollins combines quality and innovation.
YsYO-5013,H&M To Kill a Mockingbird,Books,Books,781.88,17,5,UE,H&M,The H&M To Kill a Mockingbird by H&M combines quality and innovation.
BGhJ-6974,Logitech Playmobil Castle,Toy,Toy,165.56,23,4,UE,Logitech,The Logitech Playmobil Castle by Logitech combines quality and innovation.
SoRm-0399,CB2 The Silent Patient,Books,Books,430.08,190,3,UE,CB2,The CB2 The Silent Patient by CB2 combines quality and innovation.
eRlD-0377,Penguin Bookshelf Unit,Furniture,Furniture,971.92,105,9,UE,Penguin,The Penguin Bookshelf Unit by Penguin combines quality and innovation.
ESkI-3493,Wayfair Levi's Jeans,Clothing,Clothing,730.05,168,13,IT,Wayfair,The Wayfair Levi's Jeans by Wayfair combines quality and innovation.
Pthy-5134,Pottery Barn The Silent Patient,Books,Books,968.38,7,8,IT,Pottery Barn,The Pottery Barn The Silent Patient by Pottery Barn combines quality and innovation.
ctlj-8068,IKEA To Kill a Mockingbird,Books,Books,199.82,164,9,UE,IKEA,The IKEA To Kill a Mockingbird by IKEA combines quality and innovation.
ZLur-9224,CB2 Atomic Habits,Books,Books,928.32,190,6,UE,CB2,The CB2 Atomic Habits by CB2 combines quality and innovation.
DcvA-5044,Logitech Dune,Books,Books,936.69,20,5,UE,Logitech,The Logitech Dune by Logitech combines quality and innovation.
rWwR-6999,Zara Hot Wheels,Toy,Toy,889.47,88,10,UE,Zara,The Zara Hot Wheels by Zara combines quality and innovation.
FSHN-1806,H&M Nike Hoodie,Clothing,Clothing,340.17,49,3,IT,H&M,The H&M Nike Hoodie by H&M combines quality and innovation.
RcZH-3933,Penguin Nike Hoodie,Clothing,Clothing,864.48,57,12,UE,Penguin,The Penguin Nike Hoodie by Penguin combines quality and innovation.
duuJ-3162,Penguin iPhone 14,Smartphone,Smartphone,674.5,147,6,IT,Penguin,The Penguin iPhone 14 by Penguin combines quality and innovation.
qBNq-8377,Logitech The Silent Patient,Books,Books,780.32,141,1,UE,Logitech,The Logitech The Silent Patient by Logitech combines quality and innovation.
FZUk-1464,IKEA OnePlus Nord,Smartphone,Smartphone,27.78,96,6,IT,IKEA,The IKEA OnePlus Nord by IKEA combines quality and innovation.
cTeQ-6288,Random House Bookshelf Unit,Furniture,Furniture,370.33,134,11,IT,Random House,The Random House Bookshelf Unit by Random House combines quality and innovation.
HcZH-0148,Zara Bookshelf Unit,Furniture,Furniture,620.06,105,12,UE,Zara,The Zara Bookshelf Unit by Zara combines quality and innovation.
FtpW-2369,Bose NERF Blaster,Toy,Toy,761.97,72,14,IT,Bose,The Bose NERF Blaster by Bose combines quality and innovation.
jlVU-4601,Sony Atomic Habits,Books,Books,359.87,133,2,UE,Sony,The Sony Atomic Habits by Sony combines quality and innovation.
RhWG-5071,Simon & Schuster Nike Hoodie,Clothing,Clothing,883.84,139,12,UE,Simon & Schuster,The Simon & Schuster Nike Hoodie by Simon & Schuster combines quality and innovation.
FDIt-5027,Amazon Lego City,Toy,Toy,882.87,31,5,IT,Amazon,The Amazon Lego City by Amazon combines quality and innovation.
tyte-5661,Penguin Adidas Tracksuit,Clothing,Clothing,46.8,2,3,UE,Penguin,The Penguin Adidas Tracksuit by Penguin combines quality and innovation.
DrPO-1062,Apple iPhone 14,Smartphone,Smartphone,342.18,132,10,IT,Apple,The Apple iPhone 14 by Apple combines quality and innovation.
ltwI-6639,Logitech OnePlus Nord,Smartphone,Smartphone,627.58,75,7,IT,Logitech,The Logitech OnePlus Nord by Logitech combines quality and innovation.
uUFl-2936,Anker Dune,Books,Books,728.48,134,11,IT,Anker,The Anker Dune by Anker combines quality and innovation.
PWUG-9651,Wayfair NERF Blaster,Toy,Toy,955.45,120,8,UE,Wayfair,The Wayfair NERF Blaster by Wayfair combines quality and innovation.
zvJt-4392,Bose Hot Wheels,Toy,Toy,959.18,91,12,UE,Bose,The Bose Hot Wheels by Bose combines quality and innovation.
NJrC-7119,Playmobil To Kill a Mockingbird,Books,Books,210.28,97,9,UE,Playmobil,The Playmobil To Kill a Mockingbird by Playmobil combines quality and innovation.
AfjV-9466,Apple Playmobil Castle,Toy,Toy,686.73,126,7,UE,Apple,The Apple Playmobil Castle by Apple combines quality and innovation.
ILqX-5231,H&M Pixel 7,Smartphone,Smartphone,155.99,30,5,IT,H&M,The H&M Pixel 7 by H&M combines quality and innovation.
uacu-0992,Nike Galaxy S22,Smartphone,Smartphone,241.74,158,9,IT,Nike,The Nike Galaxy S22 by Nike combines quality and innovation.
IuIw-4072,Apple Bookshelf Unit,Furniture,Furniture,663.8,195,3,IT,Apple,The Apple Bookshelf Unit by Apple combines quality and innovation.
Diob-0114,Nike Levi's Jeans,Clothing,Clothing,828.91,196,2,UE,Nike,The Nike Levi's Jeans by Nike combines quality and innovation.
mhBC-7893,Simon & Schuster Hot Wheels,Toy,Toy,736.98,19,8,IT,Simon & Schuster,The Simon & Schuster Hot Wheels by Simon & Schuster combines quality and innovation.
gjvz-4518,Random House 1984,Books,Books,677.26,145,2,IT,Random House,The Random House 1984 by Random House combines quality and innovation.
spwq-5496,Random House Playmobil Castle,Toy,Toy,145.79,107,4,IT,Random House,The Random House Playmobil Castle by Random House combines quality and innovation.
ZDIq-1814,CB2 Zara T-Shirt,Clothing,Clothing,226.7,90,4,UE,CB2,The CB2 Zara T-Shirt by CB2 combines quality and innovation.
yuta-9369,Adidas Barbie Dreamhouse,Toy,Toy,613.77,167,7,UE,Adidas,The Adidas Barbie Dreamhouse by Adidas combines quality and innovation.
uPRA-2727,Levi's Levi's Jeans,Clothing,Clothing,104.06,25,13,UE,Levi's,The Levi's Levi's Jeans by Levi's combines quality and innovation.
gBOs-0009,HarperCollins NERF Blaster,Toy,Toy,645.15,171,12,IT,HarperCollins,The HarperCollins NERF Blaster by HarperCollins combines quality and innovation.
rEhW-6536,West Elm iPhone 14,Smartphone,Smartphone,572.09,112,11,IT,West Elm,The West Elm iPhone 14 by West Elm combines quality and innovation.
IXDL-9434,Amazon 1984,Books,Books,113.7,74,14,UE,Amazon,The Amazon 1984 by Amazon combines quality and innovation.
HErW-3301,Levi's To Kill a Mockingbird,Books,Books,927.43,173,3,IT,Levi's,The Levi's To Kill a Mockingbird by Levi's combines quality and innovation.
iVuZ-7167,HarperCollins Levi's Jeans,Clothing,Clothing,218.19,89,8,UE,HarperCollins,The HarperCollins Levi's Jeans by HarperCollins combines quality and innovation.
XEJW-2151,Bloomsbury Hot Wheels,Toy,Toy,539.4,122,14,UE,Bloomsbury,The Bloomsbury Hot Wheels by Bloomsbury combines quality and innovation.
psRO-1651,Levi's Desk Lamp,Furniture,Furniture,344.12,32,9,IT,Levi's,The Levi's Desk Lamp by Levi's combines quality and innovation.
ozqI-1188,Playmobil Playmobil Castle,Toy,Toy,926.59,183,6,UE,Playmobil,The Playmobil Playmobil Castle by Playmobil combines quality and innovation.
hHsE-0959,Sony H&M Jacket,Clothing,Clothing,345.24,123,14,IT,Sony,The Sony H&M Jacket by Sony combines quality and innovation.
fXlj-3357,Fisher-Price Levi's Jeans,Clothing,Clothing,754.69,65,2,IT,Fisher-Price,The Fisher-Price Levi's Jeans by Fisher-Price combines quality and innovation.
MeZZ-2755,Bose Adidas Tracksuit,Clothing,Clothing,742.75,87,2,UE,Bose,The Bose Adidas Tracksuit by Bose combines quality and innovation.
CuVf-5106,Bose Bookshelf Unit,Furniture,Furniture,300.09,191,8,UE,Bose,The Bose Bookshelf Unit by Bose combines quality and innovation.
zQDO-9320,Pottery Barn Adidas Tracksuit,Clothing,Clothing,303.69,77,7,IT,Pottery Barn,The Pottery Barn Adidas Tracksuit by Pottery Barn combines quality and innovation.
wJcO-1046,Bose Atomic Habits,Books,Books,796.02,7,12,IT,Bose,The Bose Atomic Habits by Bose combines quality and innovation.
mypp-3289,Anker Nike Hoodie,Clothing,Clothing,108.3,16,14,UE,Anker,The Anker Nike Hoodie by Anker combines quality and innovation.
cwab-8391,Wayfair 1984,Books,Books,268.58,5,14,UE,Wayfair,The Wayfair 1984 by Wayfair combines quality and innovation.
ubfl-8138,Random House Ashley Dining Table,Furniture,Furniture,796.55,130,8,IT,Random House,The Random House Ashley Dining Table by Random House combines quality and innovation.
Phdd-3105,Bloomsbury Xiaomi Redmi,Smartphone,Smartphone,483.52,71,5,IT,Bloomsbury,The Bloomsbury Xiaomi Redmi by Bloomsbury combines quality and innovation.
upxA-6199,Puma Pixel 7,Smartphone,Smartphone,70.51,83,6,UE,Puma,The Puma Pixel 7 by Puma combines quality and innovation.
RDlO-1737,Bloomsbury Barbie Dreamhouse,Toy,Toy,382.07,76,11,UE,Bloomsbury,The Bloomsbury Barbie Dreamhouse by Bloomsbury combines quality and innovation.
cEFQ-9124,Wayfair Barbie Dreamhouse,Toy,Toy,103.08,81,1,IT,Wayfair,The Wayfair Barbie Dreamhouse by Wayfair combines quality and innovation.
etSu-2644,Levi's Dune,Books,Books,592.73,156,8,UE,Levi's,The Levi's Dune by Levi's combines quality and innovation.
SkAI-1612,H&M iPhone 14,Smartphone,Smartphone,955.26,139,12,UE,H&M,The H&M iPhone 14 by H&M combines quality and innovation.
kZXy-9512,Levi's Galaxy S22,Smartphone,Smartphone,541.53,101,12,UE,Levi's,The Levi's Galaxy S22 by Levi's combines quality and innovation.
XyJO-0290,H&M iPhone 14,Smartphone,Smartphone,339.97,127,12,IT,H&M,The H&M iPhone 14 by H&M combines quality and innovation.
CVCU-9978,Wayfair H&M Jacket,Clothing,Clothing,747.96,106,12,IT,Wayfair,The Wayfair H&M Jacket by Wayfair combines quality and innovation.
nEcs-3093,Simon & Schuster Desk Lamp,Furniture,Furniture,800.4,24,6,IT,Simon & Schuster,The Simon & Schuster Desk Lamp by Simon & Schuster combines quality and innovation.
IZap-1964,Random House Xiaomi Redmi,Smartphone,Smartphone,705.42,147,2,IT,Random House,The Random House Xiaomi Redmi by Random House combines quality and innovation.
GzyI-0287,Penguin Wayfair Sofa,Furniture,Furniture,756.21,181,11,IT,Penguin,The Penguin Wayfair Sofa by Penguin combines quality and innovation.
RwZG-9647,Anker IKEA MALM Bed,Furniture,Furniture,295.59,143,14,IT,Anker,The Anker IKEA MALM Bed by Anker combines quality and innovation.
pTYp-5210,H&M iPhone 14,Smartphone,Smartphone,410.56,36,7,UE,H&M,The H&M iPhone 14 by H&M combines quality and innovation.
IRCJ-2156,Nike Xiaomi Redmi,Smartphone,Smartphone,374.69,104,4,UE,Nike,The Nike Xiaomi Redmi by Nike combines quality and innovation.
FgEh-1243,Puma Levi's Jeans,Clothing,Clothing,138.57,161,4,UE,Puma,The Puma Levi's Jeans by Puma combines quality and innovation.
WhMA-2081,Mattel Bookshelf Unit,Furniture,Furniture,266.3,149,2,IT,Mattel,The Mattel Bookshelf Unit by Mattel combines quality and innovation.
jofX-4266,Fisher-Price Galaxy S22,Smartphone,Smartphone,183.67,157,1,UE,Fisher-Price,The Fisher-Price Galaxy S22 by Fisher-Price combines quality and innovation.
AjuG-3182,CB2 The Silent Patient,Books,Books,315.89,186,7,UE,CB2,The CB2 The Silent Patient by CB2 combines quality and innovation.
TzmE-7095,Nike Desk Lamp,Furniture,Furniture,247.83,69,2,IT,Nike,The Nike Desk Lamp by Nike combines quality and innovation.
NcxZ-9710,Simon & Schuster Barbie Dreamhouse,Toy,Toy,431.67,19,2,UE,Simon & Schuster,The Simon & Schuster Barbie Dreamhouse by Simon & Schuster combines quality and innovation.
ftWK-0327,Playmobil Nike Hoodie,Clothing,Clothing,536.29,191,1,UE,Playmobil,The Playmobil Nike Hoodie by Playmobil combines quality and innovation.
VlyM-9001,Bloomsbury Atomic Habits,Books,Books,604.81,95,10,UE,Bloomsbury,The Bloomsbury Atomic Habits by Bloomsbury combines quality and innovation.
DOeU-6378,Playmobil Pixel 7,Smartphone,Smartphone,515.81,40,5,UE,Playmobil,The Playmobil Pixel 7 by Playmobil combines quality and innovation.
XEvK-8181,Simon & Schuster OnePlus Nord,Smartphone,Smartphone,461.0,129,4,IT,Simon & Schuster,The Simon & Schuster OnePlus Nord by Simon & Schuster combines quality and innovation.
FQlk-6705,Random House Dune,Books,Books,153.51,3,13,IT,Random House,The Random House Dune by Random House combines quality and innovation.
Xcwl-7984,Fisher-Price Dune,Books,Books,448.3,189,8,UE,Fisher-Price,The Fisher-Price Dune by Fisher-Price combines quality and innovation.
MBhz-3418,H&M Nike Hoodie,Clothing,Clothing,491.82,137,10,UE,H&M,The H&M Nike Hoodie by H&M combines quality and innovation.
LTtr-3824,Penguin Hot Wheels,Toy,Toy,342.56,171,10,IT,Penguin,The Penguin Hot Wheels by Penguin combines quality and innovation.
NlQe-0271,Playmobil IKEA MALM Bed,Furniture,Furniture,352.31,54,1,IT,Playmobil,The Playmobil IKEA MALM Bed by Playmobil combines quality and innovation.
SywC-4921,Logitech iPhone 14,Smartphone,Smartphone,385.99,174,3,UE,Logitech,The Logitech iPhone 14 by Logitech combines quality and innovation.
QbRf-4826,Sony Galaxy S22,Smartphone,Smartphone,341.93,162,8,UE,Sony,The Sony Galaxy S22 by Sony combines quality and innovation.
YqhL-6113,Logitech Ashley Dining Table,Furniture,Furniture,551.29,24,6,IT,Logitech,The Logitech Ashley Dining Table by Logitech combines quality and innovation.
fGML-4304,Simon & Schuster Adidas Tracksuit,Clothing,Clothing,521.73,137,5,IT,Simon & Schuster,The Simon & Schuster Adidas Tracksuit by Simon & Schuster combines quality and innovation.
UfTf-3366,Logitech Hot Wheels,Toy,Toy,534.13,101,9,UE,Logitech,The Logitech Hot Wheels by Logitech combines quality and innovation.
Fcww-8739,Amazon Lego City,Toy,Toy,932.06,4,6,UE,Amazon,The Amazon Lego City by Amazon combines quality and innovation.
uNVc-1754,Playmobil Galaxy S22,Smartphone,Smartphone,236.76,138,3,IT,Playmobil,The Playmobil Galaxy S22 by Playmobil combines quality and innovation.
eqHQ-7452,Puma NERF Blaster,Toy,Toy,902.52,34,5,IT,Puma,The Puma NERF Blaster by Puma combines quality and innovation.
EamH-0958,Amazon Wayfair Sofa,Furniture,Furniture,270.44,56,4,UE,Amazon,The Amazon Wayfair Sofa by Amazon combines quality and innovation.
IEvw-4198,HarperCollins Levi's Jeans,Clothing,Clothing,922.06,121,7,UE,HarperCollins,The HarperCollins Levi's Jeans by HarperCollins combines quality and innovation.
FIFQ-8400,Simon & Schuster Desk Lamp,Furniture,Furniture,215.23,10,13,IT,Simon & Schuster,The Simon & Schuster Desk Lamp by Simon & Schuster combines quality and innovation.
JJtQ-0578,Pottery Barn Xiaomi Redmi,Smartphone,Smartphone,563.32,180,9,UE,Pottery Barn,The Pottery Barn Xiaomi Redmi by Pottery Barn combines quality and innovation.
MUGM-2921,H&M Barbie Dreamhouse,Toy,Toy,798.9,147,8,IT,H&M,The H&M Barbie Dreamhouse by H&M combines quality and innovation.
eFUm-1445,Fisher-Price Bookshelf Unit,Furniture,Furniture,609.25,161,1,IT,Fisher-Price,The Fisher-Price Bookshelf Unit by Fisher-Price combines quality and innovation.
ICXs-4925,Zara Ashley Dining Table,Furniture,Furniture,217.9,55,10,IT,Zara,The Zara Ashley Dining Table by Zara combines quality and innovation.
OwNW-6981,Nike iPhone 14,Smartphone,Smartphone,749.54,151,7,UE,Nike,The Nike iPhone 14 by Nike combines quality and innovation.
tSao-4195,West Elm Playmobil Castle,Toy,Toy,855.92,27,5,UE,West Elm,The West Elm Playmobil Castle by West Elm combines quality and innovation.
kDdF-6068,Bose Lego City,Toy,Toy,928.56,194,1,IT,Bose,The Bose Lego City by Bose combines quality and innovation.
fSig-5162,Playmobil Ashley Dining Table,Furniture,Furniture,160.65,84,2,IT,Playmobil,The Playmobil Ashley Dining Table by Playmobil combines quality and innovation.
oRXf-8037,H&M Zara T-Shirt,Clothing,Clothing,405.15,150,3,IT,H&M,The H&M Zara T-Shirt by H&M combines quality and innovation.
gQvh-3657,Amazon IKEA MALM Bed,Furniture,Furniture,200.81,184,10,UE,Amazon,The Amazon IKEA MALM Bed by Amazon combines quality and innovation.
UjGZ-6977,Sony Hot Wheels,Toy,Toy,944.88,66,10,UE,Sony,The Sony Hot Wheels by Sony combines quality and innovation.
oOPF-8137,Anker NERF Blaster,Toy,Toy,166.97,130,3,UE,Anker,The Anker NERF Blaster by Anker combines quality and innovation.
JEoU-3168,Zara Nike Hoodie,Clothing,Clothing,40.75,133,7,IT,Zara,The Zara Nike Hoodie by Zara combines quality and innovation.
zIkh-0377,Wayfair Wayfair Sofa,Furniture,Furniture,733.0,198,8,UE,Wayfair,The Wayfair Wayfair Sofa by Wayfair combines quality and innovation.
vSTa-4296,West Elm iPhone 14,Smartphone,Smartphone,236.41,57,2,UE,West Elm,The West Elm iPhone 14 by West Elm combines quality and innovation.
sITZ-7219,IKEA The Silent Patient,Books,Books,36.97,102,8,IT,IKEA,The IKEA The Silent Patient by IKEA combines quality and innovation.
kAXH-2707,Wayfair Dune,Books,Books,991.11,10,5,UE,Wayfair,The Wayfair Dune by Wayfair combines quality and innovation.
QGQK-2837,HarperCollins Desk Lamp,Furniture,Furniture,331.09,182,11,UE,HarperCollins,The HarperCollins Desk Lamp by HarperCollins combines quality and innovation.
hngd-2015,Pottery Barn Pixel 7,Smartphone,Smartphone,965.98,198,6,UE,Pottery Barn,The Pottery Barn Pixel 7 by Pottery Barn combines quality and innovation.
FEbJ-7032,Nike Zara T-Shirt,Clothing,Clothing,171.21,91,12,IT,Nike,The Nike Zara T-Shirt by Nike combines quality and innovation.
Lvqt-8998,Bloomsbury Xiaomi Redmi,Smartphone,Smartphone,190.71,23,3,IT,Bloomsbury,The Bloomsbury Xiaomi Redmi by Bloomsbury combines quality and innovation.
dUqY-0313,Bose Ashley Dining Table,Furniture,Furniture,635.82,196,7,UE,Bose,The Bose Ashley Dining Table by Bose combines quality and innovation.
SJKr-6054,West Elm Hot Wheels,Toy,Toy,23.16,168,3,IT,West Elm,The West Elm Hot Wheels by West Elm combines quality and innovation.
xzmn-0524,Anker Bookshelf Unit,Furniture,Furniture,400.22,32,13,IT,Anker,The Anker Bookshelf Unit by Anker combines quality and innovation.
TtRZ-1928,Penguin iPhone 14,Smartphone,Smartphone,390.16,101,11,UE,Penguin,The Penguin iPhone 14 by Penguin combines quality and innovation.
jvtE-0935,Logitech Bookshelf Unit,Furniture,Furniture,925.97,60,13,UE,Logitech,The Logitech Bookshelf Unit by Logitech combines quality and innovation.
NYCX-2223,Random House OnePlus Nord,Smartphone,Smartphone,87.92,1,8,UE,Random House,The Random House OnePlus Nord by Random House combines quality and innovation.
EUNd-1760,Penguin iPhone 14,Smartphone,Smartphone,561.02,29,10,IT,Penguin,The Penguin iPhone 14 by Penguin combines quality and innovation.
Vuwm-8804,Levi's H&M Jacket,Clothing,Clothing,829.02,78,14,UE,Levi's,The Levi's H&M Jacket by Levi's combines quality and innovation.
picS-5481,Random House Pixel 7,Smartphone,Smartphone,812.15,38,9,UE,Random House,The Random House Pixel 7 by Random House combines quality and innovation.
bKtT-2248,Puma Zara T-Shirt,Clothing,Clothing,843.62,43,3,IT,Puma,The Puma Zara T-Shirt by Puma combines quality and innovation.
UCHx-3261,Adidas H&M Jacket,Clothing,Clothing,553.87,189,5,IT,Adidas,The Adidas H&M Jacket by Adidas combines quality and innovation.
UBkc-2328,CB2 IKEA MALM Bed,Furniture,Furniture,593.26,15,3,UE,CB2,The CB2 IKEA MALM Bed by CB2 combines quality and innovation.
RaZF-7115,CB2 Galaxy S22,Smartphone,Smartphone,728.22,186,9,UE,CB2,The CB2 Galaxy S22 by CB2 combines quality and innovation.
Polm-4942,Apple Xiaomi Redmi,Smartphone,Smartphone,471.36,116,4,IT,Apple,The Apple Xiaomi Redmi by Apple combines quality and innovation.
PjzG-0668,Logitech 1984,Books,Books,990.48,28,10,IT,Logitech,The Logitech 1984 by Logitech combines quality and innovation.
Pwil-3184,Logitech iPhone 14,Smartphone,Smartphone,788.48,22,2,IT,Logitech,The Logitech iPhone 14 by Logitech combines quality and innovation.
nXyn-7091,Nike Bookshelf Unit,Furniture,Furniture,55.27,180,12,UE,Nike,The Nike Bookshelf Unit by Nike combines quality and innovation.
RuqG-2478,Puma Adidas Tracksuit,Clothing,Clothing,789.43,86,11,IT,Puma,The Puma Adidas Tracksuit by Puma combines quality and innovation.
iNhz-7501,Zara Bookshelf Unit,Furniture,Furniture,817.5,95,6,IT,Zara,The Zara Bookshelf Unit by Zara combines quality and innovation.
KgmJ-5548,Penguin Xiaomi Redmi,Smartphone,Smartphone,624.54,186,9,UE,Penguin,The Penguin Xiaomi Redmi by Penguin combines quality and innovation.
ySoB-8457,Wayfair Xiaomi Redmi,Smartphone,Smartphone,253.67,131,14,IT,Wayfair,The Wayfair Xiaomi Redmi by Wayfair combines quality and innovation.
CdTF-3051,Bloomsbury Wayfair Sofa,Furniture,Furniture,587.75,14,14,IT,Bloomsbury,The Bloomsbury Wayfair Sofa by Bloomsbury combines quality and innovation.
unuc-6995,Mattel To Kill a Mockingbird,Books,Books,220.05,26,2,IT,Mattel,The Mattel To Kill a Mockingbird by Mattel combines quality and innovation.
NZcM-2450,Anker Galaxy S22,Smartphone,Smartphone,255.76,191,9,IT,Anker,The Anker Galaxy S22 by Anker combines quality and innovation.
Wipu-9025,Sony Levi's Jeans,Clothing,Clothing,12.66,121,5,IT,Sony,The Sony Levi's Jeans by Sony combines quality and innovation.
uzxe-3623,Playmobil The Silent Patient,Books,Books,882.67,131,8,UE,Playmobil,The Playmobil The Silent Patient by Playmobil combines quality and innovation.
ykKw-8330,Pottery Barn Zara T-Shirt,Clothing,Clothing,280.56,199,11,UE,Pottery Barn,The Pottery Barn Zara T-Shirt by Pottery Barn combines quality and innovation.
GEPt-6678,Logitech Barbie Dreamhouse,Toy,Toy,867.71,175,12,IT,Logitech,The Logitech Barbie Dreamhouse by Logitech combines quality and innovation.
ayea-8574,Bloomsbury Hot Wheels,Toy,Toy,468.32,12,12,UE,Bloomsbury,The Bloomsbury Hot Wheels by Bloomsbury combines quality and innovation.
Loea-5662,Pottery Barn Playmobil Castle,Toy,Toy,181.2,10,1,UE,Pottery Barn,The Pottery Barn Playmobil Castle by Pottery Barn combines quality and innovation.
CWbi-5882,Amazon Lego City,Toy,Toy,122.74,96,3,UE,Amazon,The Amazon Lego City by Amazon combines quality and innovation.
ncpx-5999,Bose Ashley Dining Table,Furniture,Furniture,678.15,53,2,UE,Bose,The Bose Ashley Dining Table by Bose combines quality and innovation.
vcCr-4426,Puma Lego City,Toy,Toy,205.43,163,8,IT,Puma,The Puma Lego City by Puma combines quality and innovation.
dGzL-1391,Anker The Silent Patient,Books,Books,181.76,110,1,IT,Anker,The Anker The Silent Patient by Anker combines quality and innovation.
RDoY-2394,Puma Desk Lamp,Furniture,Furniture,865.24,52,6,IT,Puma,The Puma Desk Lamp by Puma combines quality and innovation.
iaAS-2439,Bose Pixel 7,Smartphone,Smartphone,964.87,36,7,UE,Bose,The Bose Pixel 7 by Bose combines quality and innovation.
Urkd-1110,Bose Bookshelf Unit,Furniture,Furniture,373.95,155,11,UE,Bose,The Bose Bookshelf Unit by Bose combines quality and innovation.
uRhR-2247,HarperCollins Pixel 7,Smartphone,Smartphone,514.75,196,6,IT,HarperCollins,The HarperCollins Pixel 7 by HarperCollins combines quality and innovation.
JMcc-1453,Lego Hot Wheels,Toy,Toy,347.82,153,7,UE,Lego,The Lego Hot Wheels by Lego combines quality and innovation.
VClY-9865,Nike Barbie Dreamhouse,Toy,Toy,111.86,12,4,UE,Nike,The Nike Barbie Dreamhouse by Nike combines quality and innovation.
OiRl-8256,Playmobil Bookshelf Unit,Furniture,Furniture,106.24,136,10,UE,Playmobil,The Playmobil Bookshelf Unit by Playmobil combines quality and innovation.
IklG-3966,Penguin Xiaomi Redmi,Smartphone,Smartphone,771.33,186,14,UE,Penguin,The Penguin Xiaomi Redmi by Penguin combines quality and innovation.
wKkl-8543,H&M Galaxy S22,Smartphone,Smartphone,291.78,29,3,IT,H&M,The H&M Galaxy S22 by H&M combines quality and innovation.
uOWM-0196,Lego Ashley Dining Table,Furniture,Furniture,602.41,107,4,IT,Lego,The Lego Ashley Dining Table by Lego combines quality and innovation.
mkyb-5112,HarperCollins OnePlus Nord,Smartphone,Smartphone,842.41,131,5,UE,HarperCollins,The HarperCollins OnePlus Nord by HarperCollins combines quality and innovation.
pHBt-9476,Amazon Zara T-Shirt,Clothing,Clothing,700.85,114,3,UE,Amazon,The Amazon Zara T-Shirt by Amazon combines quality and innovation.
ZPjv-6298,Anker Barbie Dreamhouse,Toy,Toy,156.36,84,2,UE,Anker,The Anker Barbie Dreamhouse by Anker combines quality and innovation.
fykf-9409,Sony To Kill a Mockingbird,Books,Books,367.58,180,3,IT,Sony,The Sony To Kill a Mockingbird by Sony combines quality and innovation.
hadK-9642,Pottery Barn Nike Hoodie,Clothing,Clothing,54.72,20,1,IT,Pottery Barn,The Pottery Barn Nike Hoodie by Pottery Barn combines quality and innovation.
ATla-0315,Random House Playmobil Castle,Toy,Toy,641.26,21,10,UE,Random House,The Random House Playmobil Castle by Random House combines quality and innovation.
yWyy-3106,Logitech Playmobil Castle,Toy,Toy,478.94,33,5,UE,Logitech,The Logitech Playmobil Castle by Logitech combines quality and innovation.
FQwX-7579,CB2 Hot Wheels,Toy,Toy,365.54,194,12,UE,CB2,The CB2 Hot Wheels by CB2 combines quality and innovation.
giZg-2812,West Elm Galaxy S22,Smartphone,Smartphone,32.65,34,3,UE,West Elm,The West Elm Galaxy S22 by West Elm combines quality and innovation.
NVIQ-2165,Penguin Bookshelf Unit,Furniture,Furniture,48.73,134,6,IT,Penguin,The Penguin Bookshelf Unit by Penguin combines quality and innovation.
zkRv-3109,Fisher-Price OnePlus Nord,Smartphone,Smartphone,798.89,127,13,UE,Fisher-Price,The Fisher-Price OnePlus Nord by Fisher-Price combines quality and innovation.
FVpQ-4954,H&M Xiaomi Redmi,Smartphone,Smartphone,345.37,187,10,UE,H&M,The H&M Xiaomi Redmi by H&M combines quality and innovation.
wIKG-6093,Nike iPhone 14,Smartphone,Smartphone,544.75,61,1,IT,Nike,The Nike iPhone 14 by Nike combines quality and innovation.
VbNC-1625,H&M The Silent Patient,Books,Books,517.65,97,6,UE,H&M,The H&M The Silent Patient by H&M combines quality and innovation.
qsgf-4214,Playmobil Dune,Books,Books,896.88,118,9,IT,Playmobil,The Playmobil Dune by Playmobil combines quality and innovation.
cSCf-5827,HarperCollins 1984,Books,Books,744.11,110,2,UE,HarperCollins,The HarperCollins 1984 by HarperCollins combines quality and innovation.
TXZm-8816,Adidas Ashley Dining Table,Furniture,Furniture,422.13,17,5,UE,Adidas,The Adidas Ashley Dining Table by Adidas combines quality and innovation.
tWdb-5399,Penguin Nike Hoodie,Clothing,Clothing,553.25,47,4,IT,Penguin,The Penguin Nike Hoodie by Penguin combines quality and innovation.
WSXQ-1977,IKEA iPhone 14,Smartphone,Smartphone,863.91,189,14,UE,IKEA,The IKEA iPhone 14 by IKEA combines quality and innovation.
yZuW-5811,CB2 Pixel 7,Smartphone,Smartphone,604.51,162,6,UE,CB2,The CB2 Pixel 7 by CB2 combines quality and innovation.
ekrv-6248,Apple Pixel 7,Smartphone,Smartphone,365.09,109,14,UE,Apple,The Apple Pixel 7 by Apple combines quality and innovation.
Yuep-6321,West Elm H&M Jacket,Clothing,Clothing,625.87,90,11,IT,West Elm,The West Elm H&M Jacket by West Elm combines quality and innovation.
qTOa-7001,Bloomsbury Hot Wheels,Toy,Toy,416.51,131,12,UE,Bloomsbury,The Bloomsbury Hot Wheels by Bloomsbury combines quality and innovation.
Vzdg-6211,Pottery Barn Playmobil Castle,Toy,Toy,898.93,135,6,IT,Pottery Barn,The Pottery Barn Playmobil Castle by Pottery Barn combines quality and innovation.
mbQj-2512,Zara Ashley Dining Table,Furniture,Furniture,450.95,141,4,UE,Zara,The Zara Ashley Dining Table by Zara combines quality and innovation.
TkCP-3051,West Elm OnePlus Nord,Smartphone,Smartphone,323.6,69,7,UE,West Elm,The West Elm OnePlus Nord by West Elm combines quality and innovation.
Dknz-4086,Pottery Barn The Silent Patient,Books,Books,912.46,21,2,IT,Pottery Barn,The Pottery Barn The Silent Patient by Pottery Barn combines quality and innovation.
Hfhe-5644,Pottery Barn Lego City,Toy,Toy,108.73,86,13,UE,Pottery Barn,The Pottery Barn Lego City by Pottery Barn combines quality and innovation.
CsCY-8470,Sony Dune,Books,Books,392.29,37,14,UE,Sony,The Sony Dune by Sony combines quality and innovation.
oGjd-0458,Bloomsbury To Kill a Mockingbird,Books,Books,534.23,60,13,IT,Bloomsbury,The Bloomsbury To Kill a Mockingbird by Bloomsbury combines quality and innovation.
unJv-5650,H&M H&M Jacket,Clothing,Clothing,599.09,118,11,IT,H&M,The H&M H&M Jacket by H&M combines quality and innovation.
DoiT-7721,Anker Xiaomi Redmi,Smartphone,Smartphone,400.44,19,12,IT,Anker,The Anker Xiaomi Redmi by Anker combines quality and innovation.
HLla-7074,IKEA To Kill a Mockingbird,Books,Books,863.65,155,1,UE,IKEA,The IKEA To Kill a Mockingbird by IKEA combines quality and innovation.
eiqG-1399,West Elm Barbie Dreamhouse,Toy,Toy,631.57,179,14,UE,West Elm,The West Elm Barbie Dreamhouse by West Elm combines quality and innovation.
rZnC-3710,Penguin Hot Wheels,Toy,Toy,86.67,16,13,UE,Penguin,The Penguin Hot Wheels by Penguin combines quality and innovation.
BurG-7927,Mattel 1984,Books,Books,260.1,156,11,UE,Mattel,The Mattel 1984 by Mattel combines quality and innovation.
PuMh-2348,CB2 Playmobil Castle,Toy,Toy,731.88,72,2,IT,CB2,The CB2 Playmobil Castle by CB2 combines quality and innovation.
fMsc-4047,Random House Levi's Jeans,Clothing,Clothing,348.05,80,2,UE,Random House,The Random House Levi's Jeans by Random House combines quality and innovation.
UfZh-8800,Bose Atomic Habits,Books,Books,653.74,106,3,UE,Bose,The Bose Atomic Habits by Bose combines quality and innovation.
lJpz-9984,Puma Adidas Tracksuit,Clothing,Clothing,396.46,91,5,UE,Puma,The Puma Adidas Tracksuit by Puma combines quality and innovation.
hjwl-0269,HarperCollins Zara T-Shirt,Clothing,Clothing,338.32,87,1,IT,HarperCollins,The HarperCollins Zara T-Shirt by HarperCollins combines quality and innovation.
fCMh-4531,Zara The Silent Patient,Books,Books,950.17,147,1,UE,Zara,The Zara The Silent Patient by Zara combines quality and innovation.
dJLK-9433,IKEA Playmobil Castle,Toy,Toy,536.16,74,2,IT,IKEA,The IKEA Playmobil Castle by IKEA combines quality and innovation.
yphx-0943,Sony Atomic Habits,Books,Books,700.88,146,8,IT,Sony,The Sony Atomic Habits by Sony combines quality and innovation.
WIlk-0851,Apple Lego City,Toy,Toy,310.79,113,3,UE,Apple,The Apple Lego City by Apple combines quality and innovation.
VtvG-6928,Nike To Kill a Mockingbird,Books,Books,444.48,155,9,IT,Nike,The Nike To Kill a Mockingbird by Nike combines quality and innovation.
bTsy-8417,Mattel Wayfair Sofa,Furniture,Furniture,19.61,123,14,UE,Mattel,The Mattel Wayfair Sofa by Mattel combines quality and innovation.
XmNA-2450,Apple 1984,Books,Books,639.8,21,9,UE,Apple,The Apple 1984 by Apple combines quality and innovation.
SvGQ-3475,CB2 Xiaomi Redmi,Smartphone,Smartphone,234.29,143,7,IT,CB2,The CB2 Xiaomi Redmi by CB2 combines quality and innovation.
lYyD-8986,Fisher-Price Pixel 7,Smartphone,Smartphone,847.26,171,7,IT,Fisher-Price,The Fisher-Price Pixel 7 by Fisher-Price combines quality and innovation.
DGhw-9010,Playmobil The Silent Patient,Books,Books,772.07,99,1,UE,Playmobil,The Playmobil The Silent Patient by Playmobil combines quality and innovation.
ZNrr-7075,HarperCollins Nike Hoodie,Clothing,Clothing,49.65,112,8,UE,HarperCollins,The HarperCollins Nike Hoodie by HarperCollins combines quality and innovation.
YYgL-6081,Random House Adidas Tracksuit,Clothing,Clothing,113.18,78,9,UE,Random House,The Random House Adidas Tracksuit by Random House combines quality and innovation.
GQws-0121,Penguin OnePlus Nord,Smartphone,Smartphone,631.47,40,6,IT,Penguin,The Penguin OnePlus Nord by Penguin combines quality and innovation.
gAWJ-0877,Nike Levi's Jeans,Clothing,Clothing,223.36,100,8,IT,Nike,The Nike Levi's Jeans by Nike combines quality and innovation.
gCKc-4616,Lego Atomic Habits,Books,Books,952.2,132,14,UE,Lego,The Lego Atomic Habits by Lego combines quality and innovation.
sOzO-1783,Wayfair Xiaomi Redmi,Smartphone,Smartphone,276.55,107,9,UE,Wayfair,The Wayfair Xiaomi Redmi by Wayfair combines quality and innovation.
iqFv-6157,Zara iPhone 14,Smartphone,Smartphone,147.23,187,6,IT,Zara,The Zara iPhone 14 by Zara combines quality and innovation.
dKcx-7608,HarperCollins Dune,Books,Books,850.33,19,6,UE,HarperCollins,The HarperCollins Dune by HarperCollins combines quality and innovation.
uaZR-0838,Levi's The Silent Patient,Books,Books,681.67,125,7,UE,Levi's,The Levi's The Silent Patient by Levi's combines quality and innovation.
gZgG-7766,Penguin IKEA MALM Bed,Furniture,Furniture,545.08,77,5,UE,Penguin,The Penguin IKEA MALM Bed by Penguin combines quality and innovation.
LLcB-6422,Logitech Adidas Tracksuit,Clothing,Clothing,576.24,52,3,UE,Logitech,The Logitech Adidas Tracksuit by Logitech combines quality and innovation.
YndE-9666,Logitech Barbie Dreamhouse,Toy,Toy,884.39,139,9,UE,Logitech,The Logitech Barbie Dreamhouse by Logitech combines quality and innovation.
KcEI-0015,Zara IKEA MALM Bed,Furniture,Furniture,94.92,93,5,UE,Zara,The Zara IKEA MALM Bed by Zara combines quality and innovation.
DWiY-6206,Bloomsbury Dune,Books,Books,124.93,23,10,UE,Bloomsbury,The Bloomsbury Dune by Bloomsbury combines quality and innovation.
xLkC-6711,Sony Desk Lamp,Furniture,Furniture,696.98,37,5,UE,Sony,The Sony Desk Lamp by Sony combines quality and innovation.
zPrN-2136,Adidas Wayfair Sofa,Furniture,Furniture,33.66,110,14,IT,Adidas,The Adidas Wayfair Sofa by Adidas combines quality and innovation.
HsLz-6119,Zara Dune,Books,Books,429.25,103,12,UE,Zara,The Zara Dune by Zara combines quality and innovation.
OYRb-4407,Pottery Barn Xiaomi Redmi,Smartphone,Smartphone,544.15,30,8,IT,Pottery Barn,The Pottery Barn Xiaomi Redmi by Pottery Barn combines quality and innovation.
MCbL-4611,Adidas IKEA MALM Bed,Furniture,Furniture,309.97,64,4,UE,Adidas,The Adidas IKEA MALM Bed by Adidas combines quality and innovation.
OuyE-6828,Bose Barbie Dreamhouse,Toy,Toy,298.9,107,7,IT,Bose,The Bose Barbie Dreamhouse by Bose combines quality and innovation.
FVZL-5725,Wayfair Hot Wheels,Toy,Toy,824.34,92,7,UE,Wayfair,The Wayfair Hot Wheels by Wayfair combines quality and innovation.
ZfQv-8657,Penguin Lego City,Toy,Toy,673.1,193,11,UE,Penguin,The Penguin Lego City by Penguin combines quality and innovation.
BxoX-1777,Penguin Ashley Dining Table,Furniture,Furniture,772.17,95,4,IT,Penguin,The Penguin Ashley Dining Table by Penguin combines quality and innovation.
pNVb-7777,Lego Zara T-Shirt,Clothing,Clothing,494.11,189,5,UE,Lego,The Lego Zara T-Shirt by Lego combines quality and innovation.
FOxT-6951,H&M Xiaomi Redmi,Smartphone,Smartphone,465.36,62,9,IT,H&M,The H&M Xiaomi Redmi by H&M combines quality and innovation.
jnVQ-7679,Fisher-Price Xiaomi Redmi,Smartphone,Smartphone,564.84,194,8,UE,Fisher-Price,The Fisher-Price Xiaomi Redmi by Fisher-Price combines quality and innovation.
JFVX-9721,Penguin Bookshelf Unit,Furniture,Furniture,282.71,189,1,UE,Penguin,The Penguin Bookshelf Unit by Penguin combines quality and innovation.
JiNR-8991,Lego iPhone 14,Smartphone,Smartphone,189.79,14,4,UE,Lego,The Lego iPhone 14 by Lego combines quality and innovation.
ttAf-9960,Nike H&M Jacket,Clothing,Clothing,420.45,93,10,UE,Nike,The Nike H&M Jacket by Nike combines quality and innovation.
fIPR-4645,Mattel Desk Lamp,Furniture,Furniture,105.31,4,1,UE,Mattel,The Mattel Desk Lamp by Mattel combines quality and innovation.
GJAi-5217,IKEA Atomic Habits,Books,Books,749.51,171,1,IT,IKEA,The IKEA Atomic Habits by IKEA combines quality and innovation.
YTSD-2837,Adidas Dune,Books,Books,932.91,133,11,UE,Adidas,The Adidas Dune by Adidas combines quality and innovation.
hDLC-0244,CB2 H&M Jacket,Clothing,Clothing,812.88,159,2,UE,CB2,The CB2 H&M Jacket by CB2 combines quality and innovation.
XWhw-7773,H&M Galaxy S22,Smartphone,Smartphone,774.23,27,7,UE,H&M,The H&M Galaxy S22 by H&M combines quality and innovation.
xnPa-8484,Zara IKEA MALM Bed,Furniture,Furniture,422.42,199,9,UE,Zara,The Zara IKEA MALM Bed by Zara combines quality and innovation.
zJKR-2493,Random House H&M Jacket,Clothing,Clothing,63.16,49,8,UE,Random House,The Random House H&M Jacket by Random House combines quality and innovation.
Hxyi-1491,Logitech Atomic Habits,Books,Books,287.47,74,2,IT,Logitech,The Logitech Atomic Habits by Logitech combines quality and innovation.
QrUY-3613,Apple Adidas Tracksuit,Clothing,Clothing,714.91,178,3,UE,Apple,The Apple Adidas Tracksuit by Apple combines quality and innovation.
mbEd-5511,Lego Zara T-Shirt,Clothing,Clothing,945.51,182,13,UE,Lego,The Lego Zara T-Shirt by Lego combines quality and innovation.
jCLZ-8891,Amazon IKEA MALM Bed,Furniture,Furniture,957.36,147,11,IT,Amazon,The Amazon IKEA MALM Bed by Amazon combines quality and innovation.
vOLL-2707,Sony Lego City,Toy,Toy,90.94,136,8,IT,Sony,The Sony Lego City by Sony combines quality and innovation.
QWPI-1375,Bose Xiaomi Redmi,Smartphone,Smartphone,747.39,44,9,UE,Bose,The Bose Xiaomi Redmi by Bose combines quality and innovation.
ckmV-8214,CB2 Hot Wheels,Toy,Toy,542.01,68,11,UE,CB2,The CB2 Hot Wheels by CB2 combines quality and innovation.
FOud-0762,Logitech IKEA MALM Bed,Furniture,Furniture,981.13,173,2,UE,Logitech,The Logitech IKEA MALM Bed by Logitech combines quality and innovation.
sleA-1081,H&M NERF Blaster,Toy,Toy,273.85,92,12,UE,H&M,The H&M NERF Blaster by H&M combines quality and innovation.
ywZa-5853,Simon & Schuster Levi's Jeans,Clothing,Clothing,573.31,150,2,IT,Simon & Schuster,The Simon & Schuster Levi's Jeans by Simon & Schuster combines quality and innovation.
OjJo-2431,Sony iPhone 14,Smartphone,Smartphone,765.98,120,12,IT,Sony,The Sony iPhone 14 by Sony combines quality and innovation.
PmCs-9831,Bloomsbury OnePlus Nord,Smartphone,Smartphone,368.26,69,11,IT,Bloomsbury,The Bloomsbury OnePlus Nord by Bloomsbury combines quality and innovation.
UlzP-9194,H&M Barbie Dreamhouse,Toy,Toy,567.99,119,9,IT,H&M,The H&M Barbie Dreamhouse by H&M combines quality and innovation.
qCMl-9339,Random House Xiaomi Redmi,Smartphone,Smartphone,497.53,99,14,UE,Random House,The Random House Xiaomi Redmi by Random House combines quality and innovation.
vQnM-8591,Wayfair 1984,Books,Books,825.76,181,4,UE,Wayfair,The Wayfair 1984 by Wayfair combines quality and innovation.
FBXM-0323,Mattel Lego City,Toy,Toy,277.5,190,1,UE,Mattel,The Mattel Lego City by Mattel combines quality and innovation.
QHYq-5828,Levi's Nike Hoodie,Clothing,Clothing,229.97,140,13,UE,Levi's,The Levi's Nike Hoodie by Levi's combines quality and innovation.
zPRI-9069,Adidas Lego City,Toy,Toy,339.49,114,8,IT,Adidas,The Adidas Lego City by Adidas combines quality and innovation.
jsrM-0575,Puma Adidas Tracksuit,Clothing,Clothing,951.88,87,6,IT,Puma,The Puma Adidas Tracksuit by Puma combines quality and innovation.
yZjE-8032,West Elm Ashley Dining Table,Furniture,Furniture,623.1,68,3,IT,West Elm,The West Elm Ashley Dining Table by West Elm combines quality and innovation.
BpLt-0943,Levi's Bookshelf Unit,Furniture,Furniture,983.74,1,11,UE,Levi's,The Levi's Bookshelf Unit by Levi's combines quality and innovation.
nJnH-6010,Adidas Playmobil Castle,Toy,Toy,96.21,59,10,UE,Adidas,The Adidas Playmobil Castle by Adidas combines quality and innovation.
RDMg-6031,Levi's 1984,Books,Books,129.13,2,14,IT,Levi's,The Levi's 1984 by Levi's combines quality and innovation.
FMgP-2146,Playmobil To Kill a Mockingbird,Books,Books,246.32,151,6,UE,Playmobil,The Playmobil To Kill a Mockingbird by Playmobil combines quality and innovation.
ffCW-7911,Levi's Ashley Dining Table,Furniture,Furniture,565.31,99,2,UE,Levi's,The Levi's Ashley Dining Table by Levi's combines quality and innovation.
Ctqi-0530,Pottery Barn Wayfair Sofa,Furniture,Furniture,94.46,186,2,IT,Pottery Barn,The Pottery Barn Wayfair Sofa by Pottery Barn combines quality and innovation.
ImCl-3842,Bloomsbury Levi's Jeans,Clothing,Clothing,792.98,126,8,UE,Bloomsbury,The Bloomsbury Levi's Jeans by Bloomsbury combines quality and innovation.
GWvW-7864,HarperCollins OnePlus Nord,Smartphone,Smartphone,44.28,171,13,UE,HarperCollins,The HarperCollins OnePlus Nord by HarperCollins combines quality and innovation.
rJlp-7081,Lego Galaxy S22,Smartphone,Smartphone,388.59,196,13,UE,Lego,The Lego Galaxy S22 by Lego combines quality and innovation.
rhsm-6039,Puma Wayfair Sofa,Furniture,Furniture,351.16,159,14,UE,Puma,The Puma Wayfair Sofa by Puma combines quality and innovation.
RIaf-5199,Random House Atomic Habits,Books,Books,945.9,38,8,UE,Random House,The Random House Atomic Habits by Random House combines quality and innovation.
Xsmt-8366,Fisher-Price IKEA MALM Bed,Furniture,Furniture,470.5,15,14,IT,Fisher-Price,The Fisher-Price IKEA MALM Bed by Fisher-Price combines quality and innovation.
ilew-0225,Puma Levi's Jeans,Clothing,Clothing,67.62,123,13,IT,Puma,The Puma Levi's Jeans by Puma combines quality and innovation.
NDjV-2675,Zara OnePlus Nord,Smartphone,Smartphone,954.23,126,11,UE,Zara,The Zara OnePlus Nord by Zara combines quality and innovation.
BcWU-6233,Logitech Zara T-Shirt,Clothing,Clothing,734.19,158,8,UE,Logitech,The Logitech Zara T-Shirt by Logitech combines quality and innovation.
FZeN-5503,Adidas Barbie Dreamhouse,Toy,Toy,842.6,62,1,IT,Adidas,The Adidas Barbie Dreamhouse by Adidas combines quality and innovation.
Xxbt-0129,Lego 1984,Books,Books,843.69,86,3,IT,Lego,The Lego 1984 by Lego combines quality and innovation.
fvGd-7544,H&M Zara T-Shirt,Clothing,Clothing,226.17,103,5,UE,H&M,The H&M Zara T-Shirt by H&M combines quality and innovation.
RFlg-5621,Mattel Atomic Habits,Books,Books,195.42,63,4,IT,Mattel,The Mattel Atomic Habits by Mattel combines quality and innovation.
EpHY-5073,IKEA OnePlus Nord,Smartphone,Smartphone,215.41,170,14,IT,IKEA,The IKEA OnePlus Nord by IKEA combines quality and innovation.
JIas-0070,Levi's Bookshelf Unit,Furniture,Furniture,838.68,73,9,IT,Levi's,The Levi's Bookshelf Unit by Levi's combines quality and innovation.
bxTL-1146,Nike Desk Lamp,Furniture,Furniture,71.53,67,5,IT,Nike,The Nike Desk Lamp by Nike combines quality and innovation.
zSwA-1182,Bose IKEA MALM Bed,Furniture,Furniture,969.99,15,3,UE,Bose,The Bose IKEA MALM Bed by Bose combines quality and innovation.
QKKj-1585,Anker Adidas Tracksuit,Clothing,Clothing,326.5,93,13,IT,Anker,The Anker Adidas Tracksuit by Anker combines quality and innovation.
ChVR-5405,Bloomsbury Zara T-Shirt,Clothing,Clothing,472.56,143,7,IT,Bloomsbury,The Bloomsbury Zara T-Shirt by Bloomsbury combines quality and innovation.
GgOH-6781,Bloomsbury Wayfair Sofa,Furniture,Furniture,890.09,81,9,UE,Bloomsbury,The Bloomsbury Wayfair Sofa by Bloomsbury combines quality and innovation.
waqC-2493,Simon & Schuster Pixel 7,Smartphone,Smartphone,918.18,146,5,UE,Simon & Schuster,The Simon & Schuster Pixel 7 by Simon & Schuster combines quality and innovation.
sVHA-4877,H&M To Kill a Mockingbird,Books,Books,49.05,0,14,UE,H&M,The H&M To Kill a Mockingbird by H&M combines quality and innovation.
rCfm-4828,Bose IKEA MALM Bed,Furniture,Furniture,167.25,94,3,UE,Bose,The Bose IKEA MALM Bed by Bose combines quality and innovation.
azpZ-8466,Puma Atomic Habits,Books,Books,673.09,72,12,IT,Puma,The Puma Atomic Habits by Puma combines quality and innovation.
qnVM-1760,Sony Hot Wheels,Toy,Toy,352.79,159,3,UE,Sony,The Sony Hot Wheels by Sony combines quality and innovation.
eaVP-2317,Adidas H&M Jacket,Clothing,Clothing,156.88,35,6,IT,Adidas,The Adidas H&M Jacket by Adidas combines quality and innovation.
jdEh-5855,Playmobil OnePlus Nord,Smartphone,Smartphone,589.07,167,2,UE,Playmobil,The Playmobil OnePlus Nord by Playmobil combines quality and innovation.
BhrB-6752,HarperCollins IKEA MALM Bed,Furniture,Furniture,642.41,53,4,UE,HarperCollins,The HarperCollins IKEA MALM Bed by HarperCollins combines quality and innovation.
jfRc-2327,IKEA Galaxy S22,Smartphone,Smartphone,724.42,38,3,IT,IKEA,The IKEA Galaxy S22 by IKEA combines quality and innovation.
aDOF-2086,Bloomsbury Atomic Habits,Books,Books,374.32,29,12,UE,Bloomsbury,The Bloomsbury Atomic Habits by Bloomsbury combines quality and innovation.
GKwD-1471,Penguin Xiaomi Redmi,Smartphone,Smartphone,49.81,198,13,IT,Penguin,The Penguin Xiaomi Redmi by Penguin combines quality and innovation.
PyRz-1448,H&M Lego City,Toy,Toy,115.86,116,9,UE,H&M,The H&M Lego City by H&M combines quality and innovation.
ckWU-7876,Anker Levi's Jeans,Clothing,Clothing,138.68,171,14,IT,Anker,The Anker Levi's Jeans by Anker combines quality and innovation.
eumy-6340,Zara Lego City,Toy,Toy,331.28,197,14,UE,Zara,The Zara Lego City by Zara combines quality and innovation.
Pzrw-8720,West Elm Hot Wheels,Toy,Toy,130.16,181,6,IT,West Elm,The West Elm Hot Wheels by West Elm combines quality and innovation.
gPWD-6565,Puma IKEA MALM Bed,Furniture,Furniture,953.79,124,4,UE,Puma,The Puma IKEA MALM Bed by Puma combines quality and innovation.
aapL-4461,Random House Lego City,Toy,Toy,231.65,44,2,UE,Random House,The Random House Lego City by Random House combines quality and innovation.
XgkR-9897,H&M Xiaomi Redmi,Smartphone,Smartphone,845.06,81,6,UE,H&M,The H&M Xiaomi Redmi by H&M combines quality and innovation.
rTZi-9854,Simon & Schuster IKEA MALM Bed,Furniture,Furniture,748.95,106,14,UE,Simon & Schuster,The Simon & Schuster IKEA MALM Bed by Simon & Schuster combines quality and innovation.
dtdz-7753,Pottery Barn Lego City,Toy,Toy,741.76,193,9,UE,Pottery Barn,The Pottery Barn Lego City by Pottery Barn combines quality and innovation.
XFSK-0802,Pottery Barn 1984,Books,Books,766.62,185,2,UE,Pottery Barn,The Pottery Barn 1984 by Pottery Barn combines quality and innovation.
GCCd-0764,Apple To Kill a Mockingbird,Books,Books,252.63,159,8,IT,Apple,The Apple To Kill a Mockingbird by Apple combines quality and innovation.
xWce-3358,Levi's 1984,Books,Books,368.41,141,13,UE,Levi's,The Levi's 1984 by Levi's combines quality and innovation.
BcKx-9003,Mattel The Silent Patient,Books,Books,913.77,199,9,UE,Mattel,The Mattel The Silent Patient by Mattel combines quality and innovation.
RMLH-0171,Nike Playmobil Castle,Toy,Toy,896.97,165,7,UE,Nike,The Nike Playmobil Castle by Nike combines quality and innovation.
Fwse-6086,Sony Barbie Dreamhouse,Toy,Toy,368.47,4,4,UE,Sony,The Sony Barbie Dreamhouse by Sony combines quality and innovation.
dklA-6729,CB2 Adidas Tracksuit,Clothing,Clothing,225.56,163,6,IT,CB2,The CB2 Adidas Tracksuit by CB2 combines quality and innovation.
TOlM-2208,CB2 NERF Blaster,Toy,Toy,475.28,160,13,UE,CB2,The CB2 NERF Blaster by CB2 combines quality and innovation.
qDCf-8171,Mattel Adidas Tracksuit,Clothing,Clothing,815.75,70,3,IT,Mattel,The Mattel Adidas Tracksuit by Mattel combines quality and innovation.
PEpa-2095,H&M NERF Blaster,Toy,Toy,900.16,9,14,IT,H&M,The H&M NERF Blaster by H&M combines quality and innovation.
sSzK-5995,Random House iPhone 14,Smartphone,Smartphone,845.39,192,3,IT,Random House,The Random House iPhone 14 by Random House combines quality and innovation.
jtLd-3282,Sony Levi's Jeans,Clothing,Clothing,178.98,44,3,UE,Sony,The Sony Levi's Jeans by Sony combines quality and innovation.
XXpD-5771,H&M Nike Hoodie,Clothing,Clothing,980.47,26,7,IT,H&M,The H&M Nike Hoodie by H&M combines quality and innovation.
GGjJ-8298,Lego Hot Wheels,Toy,Toy,556.2,73,4,UE,Lego,The Lego Hot Wheels by Lego combines quality and innovation.
JRKz-9596,Fisher-Price Nike Hoodie,Clothing,Clothing,317.67,136,5,UE,Fisher-Price,The Fisher-Price Nike Hoodie by Fisher-Price combines quality and innovation.
HHOv-6549,Random House Xiaomi Redmi,Smartphone,Smartphone,94.74,137,5,IT,Random House,The Random House Xiaomi Redmi by Random House combines quality and innovation.
hyZY-3374,Nike Hot Wheels,Toy,Toy,654.47,71,11,UE,Nike,The Nike Hot Wheels by Nike combines quality and innovation.
WmSr-9856,Levi's Playmobil Castle,Toy,Toy,732.79,76,3,IT,Levi's,The Levi's Playmobil Castle by Levi's combines quality and innovation.
HxuF-9187,Logitech To Kill a Mockingbird,Books,Books,576.25,119,7,IT,Logitech,The Logitech To Kill a Mockingbird by Logitech combines quality and innovation.
GIkZ-4396,Anker Lego City,Toy,Toy,573.86,195,2,IT,Anker,The Anker Lego City by Anker combines quality and innovation.
WWml-3056,H&M To Kill a Mockingbird,Books,Books,290.89,177,14,IT,H&M,The H&M To Kill a Mockingbird by H&M combines quality and innovation.
vzUb-6110,Fisher-Price NERF Blaster,Toy,Toy,783.99,74,6,UE,Fisher-Price,The Fisher-Price NERF Blaster by Fisher-Price combines quality and innovation.
jcOG-2908,Mattel The Silent Patient,Books,Books,276.74,27,2,UE,Mattel,The Mattel The Silent Patient by Mattel combines quality and innovation.
Turz-0198,Adidas Levi's Jeans,Clothing,Clothing,562.86,114,4,IT,Adidas,The Adidas Levi's Jeans by Adidas combines quality and innovation.
uyxk-8602,Bose Nike Hoodie,Clothing,Clothing,475.56,43,6,UE,Bose,The Bose Nike Hoodie by Bose combines quality and innovation.
QkwC-3018,Levi's Ashley Dining Table,Furniture,Furniture,101.59,74,1,IT,Levi's,The Levi's Ashley Dining Table by Levi's combines quality and innovation.
QaHy-3451,West Elm H&M Jacket,Clothing,Clothing,199.5,5,14,UE,West Elm,The West Elm H&M Jacket by West Elm combines quality and innovation.
kHoy-9624,Random House The Silent Patient,Books,Books,568.22,25,9,IT,Random House,The Random House The Silent Patient by Random House combines quality and innovation.
GYSM-8949,HarperCollins NERF Blaster,Toy,Toy,468.62,195,6,IT,HarperCollins,The HarperCollins NERF Blaster by HarperCollins combines quality and innovation.
fwJC-0255,Anker Pixel 7,Smartphone,Smartphone,810.18,85,6,UE,Anker,The Anker Pixel 7 by Anker combines quality and innovation.
qdrT-0051,Pottery Barn Levi's Jeans,Clothing,Clothing,921.8,80,5,IT,Pottery Barn,The Pottery Barn Levi's Jeans by Pottery Barn combines quality and innovation.
pgyf-9045,Amazon Ashley Dining Table,Furniture,Furniture,332.95,153,12,IT,Amazon,The Amazon Ashley Dining Table by Amazon combines quality and innovation.
XPeW-9393,Playmobil Zara T-Shirt,Clothing,Clothing,497.86,118,3,UE,Playmobil,The Playmobil Zara T-Shirt by Playmobil combines quality and innovation.
TSaM-8435,CB2 H&M Jacket,Clothing,Clothing,596.17,14,12,UE,CB2,The CB2 H&M Jacket by CB2 combines quality and innovation.
zXST-2246,Adidas 1984,Books,Books,727.4,37,13,IT,Adidas,The Adidas 1984 by Adidas combines quality and innovation.
bPUv-2700,Bloomsbury IKEA MALM Bed,Furniture,Furniture,271.36,144,12,IT,Bloomsbury,The Bloomsbury IKEA MALM Bed by Bloomsbury combines quality and innovation.
lskO-0902,Logitech Bookshelf Unit,Furniture,Furniture,580.74,37,2,IT,Logitech,The Logitech Bookshelf Unit by Logitech combines quality and innovation.
yCWa-1255,Simon & Schuster Dune,Books,Books,555.39,114,7,UE,Simon & Schuster,The Simon & Schuster Dune by Simon & Schuster combines quality and innovation.
cNZL-0472,Anker Playmobil Castle,Toy,Toy,637.23,119,14,IT,Anker,The Anker Playmobil Castle by Anker combines quality and innovation.
nrJB-2127,Apple Bookshelf Unit,Furniture,Furniture,361.65,76,3,UE,Apple,The Apple Bookshelf Unit by Apple combines quality and innovation.
bpUL-3760,Amazon Playmobil Castle,Toy,Toy,454.82,46,6,UE,Amazon,The Amazon Playmobil Castle by Amazon combines quality and innovation.
wArK-0212,Fisher-Price Lego City,Toy,Toy,714.12,170,5,UE,Fisher-Price,The Fisher-Price Lego City by Fisher-Price combines quality and innovation.
OEaa-2451,Puma 1984,Books,Books,180.41,173,12,IT,Puma,The Puma 1984 by Puma combines quality and innovation.
jUBR-2721,Puma Lego City,Toy,Toy,908.72,7,3,IT,Puma,The Puma Lego City by Puma combines quality and innovation.
ILoy-7345,Fisher-Price IKEA MALM Bed,Furniture,Furniture,816.35,46,5,UE,Fisher-Price,The Fisher-Price IKEA MALM Bed by Fisher-Price combines quality and innovation.
nxiO-4916,H&M H&M Jacket,Clothing,Clothing,909.68,33,2,IT,H&M,The H&M H&M Jacket by H&M combines quality and innovation.
arMU-8384,Random House IKEA MALM Bed,Furniture,Furniture,294.24,80,5,IT,Random House,The Random House IKEA MALM Bed by Random House combines quality and innovation.
Uafj-7447,Fisher-Price Lego City,Toy,Toy,725.15,136,4,UE,Fisher-Price,The Fisher-Price Lego City by Fisher-Price combines quality and innovation.
pRxV-8820,Wayfair Levi's Jeans,Clothing,Clothing,576.75,187,4,IT,Wayfair,The Wayfair Levi's Jeans by Wayfair combines quality and innovation.
finC-6291,IKEA Zara T-Shirt,Clothing,Clothing,998.65,74,13,UE,IKEA,The IKEA Zara T-Shirt by IKEA combines quality and innovation.
MuKA-7638,Simon & Schuster OnePlus Nord,Smartphone,Smartphone,455.75,122,2,UE,Simon & Schuster,The Simon & Schuster OnePlus Nord by Simon & Schuster combines quality and innovation.
doNt-0150,Sony Lego City,Toy,Toy,671.1,39,11,UE,Sony,The Sony Lego City by Sony combines quality and innovation.
lHWS-1873,Mattel 1984,Books,Books,344.41,93,10,UE,Mattel,The Mattel 1984 by Mattel combines quality and innovation.
lxQt-4511,Puma H&M Jacket,Clothing,Clothing,756.55,16,5,IT,Puma,The Puma H&M Jacket by Puma combines quality and innovation.
OCzp-8215,Puma Playmobil Castle,Toy,Toy,770.15,152,8,IT,Puma,The Puma Playmobil Castle by Puma combines quality and innovation.
UMkJ-1011,Logitech Ashley Dining Table,Furniture,Furniture,477.12,53,14,UE,Logitech,The Logitech Ashley Dining Table by Logitech combines quality and innovation.
vyLK-2882,Pottery Barn Levi's Jeans,Clothing,Clothing,976.71,30,6,IT,Pottery Barn,The Pottery Barn Levi's Jeans by Pottery Barn combines quality and innovation.
eoNH-2839,CB2 Wayfair Sofa,Furniture,Furniture,814.04,169,3,IT,CB2,The CB2 Wayfair Sofa by CB2 combines quality and innovation.
TgUx-0369,West Elm Atomic Habits,Books,Books,971.8,39,13,UE,West Elm,The West Elm Atomic Habits by West Elm combines quality and innovation.
YJCJ-2398,Logitech Nike Hoodie,Clothing,Clothing,483.7,76,7,IT,Logitech,The Logitech Nike Hoodie by Logitech combines quality and innovation.
ekdA-1652,Mattel Nike Hoodie,Clothing,Clothing,679.17,89,5,UE,Mattel,The Mattel Nike Hoodie by Mattel combines quality and innovation.
Pgrs-2759,Playmobil Hot Wheels,Toy,Toy,508.71,31,7,UE,Playmobil,The Playmobil Hot Wheels by Playmobil combines quality and innovation.
jJlw-8838,Zara Xiaomi Redmi,Smartphone,Smartphone,581.87,182,13,IT,Zara,The Zara Xiaomi Redmi by Zara combines quality and innovation.
roXU-5928,Fisher-Price Bookshelf Unit,Furniture,Furniture,532.94,130,6,IT,Fisher-Price,The Fisher-Price Bookshelf Unit by Fisher-Price combines quality and innovation.
Clcb-8587,Playmobil IKEA MALM Bed,Furniture,Furniture,102.83,22,3,UE,Playmobil,The Playmobil IKEA MALM Bed by Playmobil combines quality and innovation.
Dqsz-1011,Playmobil OnePlus Nord,Smartphone,Smartphone,624.85,5,7,IT,Playmobil,The Playmobil OnePlus Nord by Playmobil combines quality and innovation.
xKds-1895,Levi's Galaxy S22,Smartphone,Smartphone,449.22,134,5,IT,Levi's,The Levi's Galaxy S22 by Levi's combines quality and innovation.
GJwn-1800,Nike iPhone 14,Smartphone,Smartphone,947.96,111,11,IT,Nike,The Nike iPhone 14 by Nike combines quality and innovation.
aXUs-0258,Nike Xiaomi Redmi,Smartphone,Smartphone,306.73,44,12,IT,Nike,The Nike Xiaomi Redmi by Nike combines quality and innovation.
YSrL-4760,Logitech Atomic Habits,Books,Books,486.36,191,7,UE,Logitech,The Logitech Atomic Habits by Logitech combines quality and innovation.
SdvF-3451,Lego OnePlus Nord,Smartphone,Smartphone,156.34,87,14,UE,Lego,The Lego OnePlus Nord by Lego combines quality and innovation.
AfRi-3569,Lego Zara T-Shirt,Clothing,Clothing,397.18,75,9,UE,Lego,The Lego Zara T-Shirt by Lego combines quality and innovation.
UttC-8636,H&M Wayfair Sofa,Furniture,Furniture,817.74,55,9,UE,H&M,The H&M Wayfair Sofa by H&M combines quality and innovation.
RyVl-2388,Zara Galaxy S22,Smartphone,Smartphone,418.76,136,13,UE,Zara,The Zara Galaxy S22 by Zara combines quality and innovation.
VuCT-0482,Random House NERF Blaster,Toy,Toy,778.06,33,10,UE,Random House,The Random House NERF Blaster by Random House combines quality and innovation.
cQSR-6246,Adidas Bookshelf Unit,Furniture,Furniture,373.22,153,11,UE,Adidas,The Adidas Bookshelf Unit by Adidas combines quality and innovation.
qTcm-5030,Lego Levi's Jeans,Clothing,Clothing,50.93,21,9,UE,Lego,The Lego Levi's Jeans by Lego combines quality and innovation.
rVNd-8153,Random House IKEA MALM Bed,Furniture,Furniture,311.46,127,14,UE,Random House,The Random House IKEA MALM Bed by Random House combines quality and innovation.
DhUv-8786,Logitech Barbie Dreamhouse,Toy,Toy,873.59,15,13,IT,Logitech,The Logitech Barbie Dreamhouse by Logitech combines quality and innovation.
FQkI-8625,Bose Ashley Dining Table,Furniture,Furniture,632.57,17,10,UE,Bose,The Bose Ashley Dining Table by Bose combines quality and innovation.
fBHw-5982,Bose IKEA MALM Bed,Furniture,Furniture,962.47,3,1,UE,Bose,The Bose IKEA MALM Bed by Bose combines quality and innovation.
HlMi-8035,Penguin Ashley Dining Table,Furniture,Furniture,358.55,122,1,UE,Penguin,The Penguin Ashley Dining Table by Penguin combines quality and innovation.
UYUx-7608,Amazon Zara T-Shirt,Clothing,Clothing,675.46,73,1,IT,Amazon,The Amazon Zara T-Shirt by Amazon combines quality and innovation.
kKfj-1667,Lego Pixel 7,Smartphone,Smartphone,575.09,107,13,UE,Lego,The Lego Pixel 7 by Lego combines quality and innovation.
xrpr-5145,Playmobil Desk Lamp,Furniture,Furniture,510.94,42,4,IT,Playmobil,The Playmobil Desk Lamp by Playmobil combines quality and innovation.
tNcT-6121,Mattel H&M Jacket,Clothing,Clothing,511.85,180,1,UE,Mattel,The Mattel H&M Jacket by Mattel combines quality and innovation.
sDwp-0353,Pottery Barn 1984,Books,Books,818.35,157,3,UE,Pottery Barn,The Pottery Barn 1984 by Pottery Barn combines quality and innovation.
bDis-3545,Random House Levi's Jeans,Clothing,Clothing,353.09,57,14,UE,Random House,The Random House Levi's Jeans by Random House combines quality and innovation.
JYUD-8919,Bloomsbury Hot Wheels,Toy,Toy,210.94,70,10,UE,Bloomsbury,The Bloomsbury Hot Wheels by Bloomsbury combines quality and innovation.
njQZ-0826,H&M OnePlus Nord,Smartphone,Smartphone,146.17,190,11,IT,H&M,The H&M OnePlus Nord by H&M combines quality and innovation.
eSIE-5474,CB2 iPhone 14,Smartphone,Smartphone,414.04,183,13,IT,CB2,The CB2 iPhone 14 by CB2 combines quality and innovation.
rEfw-3342,IKEA Galaxy S22,Smartphone,Smartphone,955.49,139,4,IT,IKEA,The IKEA Galaxy S22 by IKEA combines quality and innovation.
IUZK-2099,Mattel Lego City,Toy,Toy,789.14,31,7,IT,Mattel,The Mattel Lego City by Mattel combines quality and innovation.
YMvC-1117,Bose Adidas Tracksuit,Clothing,Clothing,82.49,47,7,IT,Bose,The Bose Adidas Tracksuit by Bose combines quality and innovation.
RNhS-2305,Wayfair Desk Lamp,Furniture,Furniture,413.67,198,2,IT,Wayfair,The Wayfair Desk Lamp by Wayfair combines quality and innovation.
kmYK-3608,Anker Adidas Tracksuit,Clothing,Clothing,807.34,76,13,UE,Anker,The Anker Adidas Tracksuit by Anker combines quality and innovation.
LIzT-2230,IKEA The Silent Patient,Books,Books,157.94,70,8,IT,IKEA,The IKEA The Silent Patient by IKEA combines quality and innovation.
QSZx-0497,Wayfair Nike Hoodie,Clothing,Clothing,320.67,158,1,UE,Wayfair,The Wayfair Nike Hoodie by Wayfair combines quality and innovation.
DHIB-3466,CB2 To Kill a Mockingbird,Books,Books,654.57,184,13,UE,CB2,The CB2 To Kill a Mockingbird by CB2 combines quality and innovation.
pjkJ-8702,H&M Ashley Dining Table,Furniture,Furniture,440.17,155,12,IT,H&M,The H&M Ashley Dining Table by H&M combines quality and innovation.
iAla-5605,Bloomsbury Galaxy S22,Smartphone,Smartphone,264.62,90,14,UE,Bloomsbury,The Bloomsbury Galaxy S22 by Bloomsbury combines quality and innovation.
cyNr-8901,Wayfair Barbie Dreamhouse,Toy,Toy,149.03,55,8,IT,Wayfair,The Wayfair Barbie Dreamhouse by Wayfair combines quality and innovation.
LeHP-9336,Zara Dune,Books,Books,852.39,78,4,UE,Zara,The Zara Dune by Zara combines quality and innovation.
UKmN-3953,Wayfair Xiaomi Redmi,Smartphone,Smartphone,865.2,193,3,UE,Wayfair,The Wayfair Xiaomi Redmi by Wayfair combines quality and innovation.
RzOH-9979,Apple Dune,Books,Books,623.34,144,11,UE,Apple,The Apple Dune by Apple combines quality and innovation.
DhJq-4997,Puma IKEA MALM Bed,Furniture,Furniture,672.73,151,5,IT,Puma,The Puma IKEA MALM Bed by Puma combines quality and innovation.
PSKH-6712,IKEA 1984,Books,Books,786.74,185,8,IT,IKEA,The IKEA 1984 by IKEA combines quality and innovation.
qnQb-8166,Puma IKEA MALM Bed,Furniture,Furniture,551.59,88,3,IT,Puma,The Puma IKEA MALM Bed by Puma combines quality and innovation.
Dsgx-2828,Simon & Schuster 1984,Books,Books,731.99,177,12,UE,Simon & Schuster,The Simon & Schuster 1984 by Simon & Schuster combines quality and innovation.
IQFX-6525,Fisher-Price To Kill a Mockingbird,Books,Books,507.07,167,5,IT,Fisher-Price,The Fisher-Price To Kill a Mockingbird by Fisher-Price combines quality and innovation.
XPnc-5909,Bose IKEA MALM Bed,Furniture,Furniture,997.25,134,6,IT,Bose,The Bose IKEA MALM Bed by Bose combines quality and innovation.
fthK-7804,Apple NERF Blaster,Toy,Toy,736.21,28,3,IT,Apple,The Apple NERF Blaster by Apple combines quality and innovation.
nIBP-4802,Lego H&M Jacket,Clothing,Clothing,533.56,17,3,UE,Lego,The Lego H&M Jacket by Lego combines quality and innovation.
klaf-9537,Puma Xiaomi Redmi,Smartphone,Smartphone,590.01,190,9,IT,Puma,The Puma Xiaomi Redmi by Puma combines quality and innovation.
LlyN-3849,Nike Wayfair Sofa,Furniture,Furniture,267.34,100,6,UE,Nike,The Nike Wayfair Sofa by Nike combines quality and innovation.
sWSq-8901,Bose NERF Blaster,Toy,Toy,12.17,132,11,IT,Bose,The Bose NERF Blaster by Bose combines quality and innovation.
YWQw-7424,Levi's Playmobil Castle,Toy,Toy,588.01,165,1,UE,Levi's,The Levi's Playmobil Castle by Levi's combines quality and innovation.
vhog-2582,Zara Dune,Books,Books,697.06,27,14,IT,Zara,The Zara Dune by Zara combines quality and innovation.
iWha-4649,Fisher-Price Ashley Dining Table,Furniture,Furniture,718.81,192,4,IT,Fisher-Price,The Fisher-Price Ashley Dining Table by Fisher-Price combines quality and innovation.
NoFU-8767,Puma H&M Jacket,Clothing,Clothing,378.85,192,8,UE,Puma,The Puma H&M Jacket by Puma combines quality and innovation.
bBmL-4280,H&M Atomic Habits,Books,Books,291.98,109,8,IT,H&M,The H&M Atomic Habits by H&M combines quality and innovation.
xrLG-1648,Anker Nike Hoodie,Clothing,Clothing,943.04,149,14,UE,Anker,The Anker Nike Hoodie by Anker combines quality and innovation.
kWfw-1953,CB2 The Silent Patient,Books,Books,84.15,52,7,IT,CB2,The CB2 The Silent Patient by CB2 combines quality and innovation.
OOQQ-9921,CB2 Galaxy S22,Smartphone,Smartphone,534.81,27,9,IT,CB2,The CB2 Galaxy S22 by CB2 combines quality and innovation.
BWPt-4777,Penguin To Kill a Mockingbird,Books,Books,118.95,148,7,UE,Penguin,The Penguin To Kill a Mockingbird by Penguin combines quality and innovation.
HnMU-9442,Puma iPhone 14,Smartphone,Smartphone,420.14,68,9,IT,Puma,The Puma iPhone 14 by Puma combines quality and innovation.
eaLa-5736,Nike Ashley Dining Table,Furniture,Furniture,891.14,47,5,IT,Nike,The Nike Ashley Dining Table by Nike combines quality and innovation.
qliw-7101,Apple Adidas Tracksuit,Clothing,Clothing,648.45,114,14,UE,Apple,The Apple Adidas Tracksuit by Apple combines quality and innovation.
NIHg-1233,Amazon 1984,Books,Books,377.82,125,4,IT,Amazon,The Amazon 1984 by Amazon combines quality and innovation.
POtP-3596,Bose Zara T-Shirt,Clothing,Clothing,304.62,46,12,UE,Bose,The Bose Zara T-Shirt by Bose combines quality and innovation.
pOTD-5420,Simon & Schuster OnePlus Nord,Smartphone,Smartphone,843.1,144,14,UE,Simon & Schuster,The Simon & Schuster OnePlus Nord by Simon & Schuster combines quality and innovation.
JvlX-6815,Simon & Schuster Lego City,Toy,Toy,161.25,100,3,UE,Simon & Schuster,The Simon & Schuster Lego City by Simon & Schuster combines quality and innovation.
IPKq-5648,Logitech NERF Blaster,Toy,Toy,130.66,112,10,IT,Logitech,The Logitech NERF Blaster by Logitech combines quality and innovation.
LUri-5278,Anker iPhone 14,Smartphone,Smartphone,416.59,147,4,IT,Anker,The Anker iPhone 14 by Anker combines quality and innovation.
ZpTK-5537,Puma IKEA MALM Bed,Furniture,Furniture,667.06,151,9,IT,Puma,The Puma IKEA MALM Bed by Puma combines quality and innovation.
XUeM-3504,Pottery Barn Galaxy S22,Smartphone,Smartphone,882.4,182,5,IT,Pottery Barn,The Pottery Barn Galaxy S22 by Pottery Barn combines quality and innovation.
rpvO-9202,Bose iPhone 14,Smartphone,Smartphone,39.33,197,1,UE,Bose,The Bose iPhone 14 by Bose combines quality and innovation.
jYtF-2779,Wayfair Adidas Tracksuit,Clothing,Clothing,923.6,62,11,IT,Wayfair,The Wayfair Adidas Tracksuit by Wayfair combines quality and innovation.
RlmK-4440,Lego To Kill a Mockingbird,Books,Books,802.08,149,1,IT,Lego,The Lego To Kill a Mockingbird by Lego combines quality and innovation.
XYtD-5863,Simon & Schuster IKEA MALM Bed,Furniture,Furniture,676.49,90,7,IT,Simon & Schuster,The Simon & Schuster IKEA MALM Bed by Simon & Schuster combines quality and innovation.
WkZL-2590,IKEA Desk Lamp,Furniture,Furniture,558.4,161,6,IT,IKEA,The IKEA Desk Lamp by IKEA combines quality and innovation.
Yuhx-7671,Logitech Pixel 7,Smartphone,Smartphone,846.54,192,7,UE,Logitech,The Logitech Pixel 7 by Logitech combines quality and innovation.
WqUp-4961,Bose Desk Lamp,Furniture,Furniture,745.52,83,10,UE,Bose,The Bose Desk Lamp by Bose combines quality and innovation.
mnXk-1054,Bose Lego City,Toy,Toy,822.93,17,2,UE,Bose,The Bose Lego City by Bose combines quality and innovation.
rJbp-2910,H&M Hot Wheels,Toy,Toy,932.94,124,4,UE,H&M,The H&M Hot Wheels by H&M combines quality and innovation.
kqPO-9628,Sony To Kill a Mockingbird,Books,Books,200.8,146,11,UE,Sony,The Sony To Kill a Mockingbird by Sony combines quality and innovation.
yrJM-1926,Fisher-Price OnePlus Nord,Smartphone,Smartphone,181.75,134,10,IT,Fisher-Price,The Fisher-Price OnePlus Nord by Fisher-Price combines quality and innovation.
dLjf-1261,Zara Zara T-Shirt,Clothing,Clothing,592.62,165,9,IT,Zara,The Zara Zara T-Shirt by Zara combines quality and innovation.
pYhL-7118,Wayfair Xiaomi Redmi,Smartphone,Smartphone,568.43,150,9,IT,Wayfair,The Wayfair Xiaomi Redmi by Wayfair combines quality and innovation.
XLmo-2549,Wayfair Adidas Tracksuit,Clothing,Clothing,881.32,111,12,IT,Wayfair,The Wayfair Adidas Tracksuit by Wayfair combines quality and innovation.
vKfe-4922,Sony Dune,Books,Books,493.65,97,5,UE,Sony,The Sony Dune by Sony combines quality and innovation.
YmVh-1510,Mattel OnePlus Nord,Smartphone,Smartphone,708.04,106,7,UE,Mattel,The Mattel OnePlus Nord by Mattel combines quality and innovation.
dmTG-9859,Pottery Barn Desk Lamp,Furniture,Furniture,96.64,16,4,UE,Pottery Barn,The Pottery Barn Desk Lamp by Pottery Barn combines quality and innovation.
JSPL-0322,Anker Levi's Jeans,Clothing,Clothing,477.27,74,12,IT,Anker,The Anker Levi's Jeans by Anker combines quality and innovation.
RQrg-1595,Random House H&M Jacket,Clothing,Clothing,543.96,109,14,IT,Random House,The Random House H&M Jacket by Random House combines quality and innovation.
ikbc-8925,Simon & Schuster 1984,Books,Books,890.74,130,13,UE,Simon & Schuster,The Simon & Schuster 1984 by Simon & Schuster combines quality and innovation.
PNui-3937,CB2 Playmobil Castle,Toy,Toy,86.38,96,14,UE,CB2,The CB2 Playmobil Castle by CB2 combines quality and innovation.
dcGl-2545,Fisher-Price Desk Lamp,Furniture,Furniture,253.96,49,6,IT,Fisher-Price,The Fisher-Price Desk Lamp by Fisher-Price combines quality and innovation.
GUwK-1339,Levi's Xiaomi Redmi,Smartphone,Smartphone,764.4,78,14,UE,Levi's,The Levi's Xiaomi Redmi by Levi's combines quality and innovation.
BTEK-0226,Zara To Kill a Mockingbird,Books,Books,985.14,138,10,UE,Zara,The Zara To Kill a Mockingbird by Zara combines quality and innovation.
mMeh-7158,Simon & Schuster Desk Lamp,Furniture,Furniture,130.55,24,11,IT,Simon & Schuster,The Simon & Schuster Desk Lamp by Simon & Schuster combines quality and innovation.
QZuC-7215,Zara Playmobil Castle,Toy,Toy,571.49,174,10,IT,Zara,The Zara Playmobil Castle by Zara combines quality and innovation.
bAZS-5576,Penguin Playmobil Castle,Toy,Toy,190.35,115,8,IT,Penguin,The Penguin Playmobil Castle by Penguin combines quality and innovation.
OCtL-9276,H&M IKEA MALM Bed,Furniture,Furniture,75.03,117,12,IT,H&M,The H&M IKEA MALM Bed by H&M combines quality and innovation.
wUXV-1755,Wayfair iPhone 14,Smartphone,Smartphone,180.84,139,3,UE,Wayfair,The Wayfair iPhone 14 by Wayfair combines quality and innovation.
bvtb-3760,Fisher-Price Zara T-Shirt,Clothing,Clothing,168.5,138,13,IT,Fisher-Price,The Fisher-Price Zara T-Shirt by Fisher-Price combines quality and innovation.
TGtW-8975,Pottery Barn Playmobil Castle,Toy,Toy,318.09,156,7,IT,Pottery Barn,The Pottery Barn Playmobil Castle by Pottery Barn combines quality and innovation.
aHOS-2689,Bloomsbury Playmobil Castle,Toy,Toy,209.99,182,6,IT,Bloomsbury,The Bloomsbury Playmobil Castle by Bloomsbury combines quality and innovation.
XKCO-2972,Bloomsbury Xiaomi Redmi,Smartphone,Smartphone,670.17,163,9,IT,Bloomsbury,The Bloomsbury Xiaomi Redmi by Bloomsbury combines quality and innovation.
nrma-2610,Lego Ashley Dining Table,Furniture,Furniture,925.91,160,11,IT,Lego,The Lego Ashley Dining Table by Lego combines quality and innovation.
SjiX-3008,Wayfair Zara T-Shirt,Clothing,Clothing,513.03,41,6,IT,Wayfair,The Wayfair Zara T-Shirt by Wayfair combines quality and innovation.
TcpW-7325,Simon & Schuster NERF Blaster,Toy,Toy,369.81,184,4,IT,Simon & Schuster,The Simon & Schuster NERF Blaster by Simon & Schuster combines quality and innovation.
SPnk-4360,West Elm To Kill a Mockingbird,Books,Books,565.15,105,2,IT,West Elm,The West Elm To Kill a Mockingbird by West Elm combines quality and innovation.
cABY-5488,HarperCollins Adidas Tracksuit,Clothing,Clothing,200.66,94,3,IT,HarperCollins,The HarperCollins Adidas Tracksuit by HarperCollins combines quality and innovation.
jxyS-9624,Fisher-Price Dune,Books,Books,517.06,159,3,IT,Fisher-Price,The Fisher-Price Dune by Fisher-Price combines quality and innovation.
danY-7835,Zara 1984,Books,Books,275.35,49,1,IT,Zara,The Zara 1984 by Zara combines quality and innovation.
OJxw-5689,West Elm Hot Wheels,Toy,Toy,827.85,194,6,UE,West Elm,The West Elm Hot Wheels by West Elm combines quality and innovation.
aoOM-0233,Levi's NERF Blaster,Toy,Toy,912.29,40,3,IT,Levi's,The Levi's NERF Blaster by Levi's combines quality and innovation.
wttZ-5755,Playmobil The Silent Patient,Books,Books,166.09,39,9,UE,Playmobil,The Playmobil The Silent Patient by Playmobil combines quality and innovation.
VKPg-9141,Random House Levi's Jeans,Clothing,Clothing,775.02,126,4,IT,Random House,The Random House Levi's Jeans by Random House combines quality and innovation.
WAFV-7573,CB2 Barbie Dreamhouse,Toy,Toy,126.39,70,11,IT,CB2,The CB2 Barbie Dreamhouse by CB2 combines quality and innovation.
wZDY-4535,Bose Bookshelf Unit,Furniture,Furniture,903.25,180,8,UE,Bose,The Bose Bookshelf Unit by Bose combines quality and innovation.
eLHS-8790,West Elm 1984,Books,Books,342.55,191,4,IT,West Elm,The West Elm 1984 by West Elm combines quality and innovation.
zHrE-3802,Mattel Playmobil Castle,Toy,Toy,389.78,101,9,IT,Mattel,The Mattel Playmobil Castle by Mattel combines quality and innovation.
uaVI-7569,Nike Galaxy S22,Smartphone,Smartphone,995.75,163,8,IT,Nike,The Nike Galaxy S22 by Nike combines quality and innovation.
igzU-5596,CB2 iPhone 14,Smartphone,Smartphone,111.27,102,13,UE,CB2,The CB2 iPhone 14 by CB2 combines quality and innovation.
VSXo-1288,Adidas Atomic Habits,Books,Books,973.31,149,3,IT,Adidas,The Adidas Atomic Habits by Adidas combines quality and innovation.
qkmm-2959,Adidas Xiaomi Redmi,Smartphone,Smartphone,344.49,95,3,IT,Adidas,The Adidas Xiaomi Redmi by Adidas combines quality and innovation.
jjVn-5806,Playmobil Hot Wheels,Toy,Toy,28.49,74,2,IT,Playmobil,The Playmobil Hot Wheels by Playmobil combines quality and innovation.
NwlH-6873,Mattel Zara T-Shirt,Clothing,Clothing,889.04,128,8,UE,Mattel,The Mattel Zara T-Shirt by Mattel combines quality and innovation.
AWhR-3486,Levi's Atomic Habits,Books,Books,561.34,183,6,UE,Levi's,The Levi's Atomic Habits by Levi's combines quality and innovation.
MewO-3521,Wayfair Xiaomi Redmi,Smartphone,Smartphone,784.21,135,12,IT,Wayfair,The Wayfair Xiaomi Redmi by Wayfair combines quality and innovation.
zfWL-8057,Amazon 1984,Books,Books,736.29,95,13,UE,Amazon,The Amazon 1984 by Amazon combines quality and innovation.
BDDl-1665,Nike Desk Lamp,Furniture,Furniture,877.72,67,11,UE,Nike,The Nike Desk Lamp by Nike combines quality and innovation.
gdWw-1681,HarperCollins Playmobil Castle,Toy,Toy,557.06,160,8,IT,HarperCollins,The HarperCollins Playmobil Castle by HarperCollins combines quality and innovation.
SBzb-0395,Simon & Schuster Ashley Dining Table,Furniture,Furniture,388.53,29,10,IT,Simon & Schuster,The Simon & Schuster Ashley Dining Table by Simon & Schuster combines quality and innovation.
LsFA-6165,Sony NERF Blaster,Toy,Toy,720.9,68,13,UE,Sony,The Sony NERF Blaster by Sony combines quality and innovation.
PEDQ-3709,Puma Lego City,Toy,Toy,454.09,84,3,UE,Puma,The Puma Lego City by Puma combines quality and innovation.
IUzn-7625,Amazon Lego City,Toy,Toy,723.79,135,9,UE,Amazon,The Amazon Lego City by Amazon combines quality and innovation.
UbTp-6426,IKEA H&M Jacket,Clothing,Clothing,250.98,97,5,IT,IKEA,The IKEA H&M Jacket by IKEA combines quality and innovation.
iDJm-2581,IKEA Barbie Dreamhouse,Toy,Toy,491.81,62,2,IT,IKEA,The IKEA Barbie Dreamhouse by IKEA combines quality and innovation.
Snyt-2130,CB2 To Kill a Mockingbird,Books,Books,269.55,41,1,UE,CB2,The CB2 To Kill a Mockingbird by CB2 combines quality and innovation.
Mzao-2406,Playmobil The Silent Patient,Books,Books,585.32,33,7,IT,Playmobil,The Playmobil The Silent Patient by Playmobil combines quality and innovation.
BIiy-8766,West Elm Ashley Dining Table,Furniture,Furniture,226.64,10,11,UE,West Elm,The West Elm Ashley Dining Table by West Elm combines quality and innovation.
vDjt-8031,West Elm Lego City,Toy,Toy,465.94,14,14,UE,West Elm,The West Elm Lego City by West Elm combines quality and innovation.
lwXr-4791,Penguin Atomic Habits,Books,Books,384.32,41,14,UE,Penguin,The Penguin Atomic Habits by Penguin combines quality and innovation.
cBhQ-5358,Puma Lego City,Toy,Toy,609.82,69,2,IT,Puma,The Puma Lego City by Puma combines quality and innovation.
GSxX-1502,Sony Galaxy S22,Smartphone,Smartphone,630.88,175,12,UE,Sony,The Sony Galaxy S22 by Sony combines quality and innovation.
DJbv-4927,Playmobil Adidas Tracksuit,Clothing,Clothing,150.63,49,3,IT,Playmobil,The Playmobil Adidas Tracksuit by Playmobil combines quality and innovation.
Gdui-0679,Lego Pixel 7,Smartphone,Smartphone,889.47,35,12,UE,Lego,The Lego Pixel 7 by Lego combines quality and innovation.
HNjj-9566,Mattel Adidas Tracksuit,Clothing,Clothing,813.99,92,2,UE,Mattel,The Mattel Adidas Tracksuit by Mattel combines quality and innovation.
Xori-5124,West Elm Xiaomi Redmi,Smartphone,Smartphone,151.99,125,14,IT,West Elm,The West Elm Xiaomi Redmi by West Elm combines quality and innovation.
vCrZ-3181,Sony OnePlus Nord,Smartphone,Smartphone,520.65,153,4,UE,Sony,The Sony OnePlus Nord by Sony combines quality and innovation.
qgvb-5686,IKEA Ashley Dining Table,Furniture,Furniture,758.31,73,7,IT,IKEA,The IKEA Ashley Dining Table by IKEA combines quality and innovation.
MYTd-3138,H&M Adidas Tracksuit,Clothing,Clothing,77.12,88,11,IT,H&M,The H&M Adidas Tracksuit by H&M combines quality and innovation.
jJfP-1645,Lego Xiaomi Redmi,Smartphone,Smartphone,415.04,33,13,UE,Lego,The Lego Xiaomi Redmi by Lego combines quality and innovation.
rtHl-2459,West Elm 1984,Books,Books,80.82,51,1,UE,West Elm,The West Elm 1984 by West Elm combines quality and innovation.
cSIM-3904,Penguin Pixel 7,Smartphone,Smartphone,760.68,95,9,IT,Penguin,The Penguin Pixel 7 by Penguin combines quality and innovation.
fyEH-8869,Puma To Kill a Mockingbird,Books,Books,303.62,29,2,UE,Puma,The Puma To Kill a Mockingbird by Puma combines quality and innovation.
Taag-9389,CB2 To Kill a Mockingbird,Books,Books,289.79,104,2,IT,CB2,The CB2 To Kill a Mockingbird by CB2 combines quality and innovation.
RmCR-4883,Bloomsbury Bookshelf Unit,Furniture,Furniture,631.48,85,6,UE,Bloomsbury,The Bloomsbury Bookshelf Unit by Bloomsbury combines quality and innovation.
zAKT-3496,Anker Pixel 7,Smartphone,Smartphone,115.56,93,4,IT,Anker,The Anker Pixel 7 by Anker combines quality and innovation.
xKsy-4221,Lego Lego City,Toy,Toy,497.61,8,12,UE,Lego,The Lego Lego City by Lego combines quality and innovation.
pvPe-4843,Bose OnePlus Nord,Smartphone,Smartphone,13.64,162,3,IT,Bose,The Bose OnePlus Nord by Bose combines quality and innovation.
VgkX-0642,Penguin IKEA MALM Bed,Furniture,Furniture,961.59,150,7,UE,Penguin,The Penguin IKEA MALM Bed by Penguin combines quality and innovation.
xYwb-5446,IKEA Hot Wheels,Toy,Toy,255.5,27,5,UE,IKEA,The IKEA Hot Wheels by IKEA combines quality and innovation.
MMRm-8331,Anker OnePlus Nord,Smartphone,Smartphone,510.94,70,1,UE,Anker,The Anker OnePlus Nord by Anker combines quality and innovation.
TgLB-9630,Simon & Schuster Adidas Tracksuit,Clothing,Clothing,949.58,96,11,UE,Simon & Schuster,The Simon & Schuster Adidas Tracksuit by Simon & Schuster combines quality and innovation.
qAoQ-4282,West Elm NERF Blaster,Toy,Toy,245.31,76,3,IT,West Elm,The West Elm NERF Blaster by West Elm combines quality and innovation.
IWcb-5860,Simon & Schuster Dune,Books,Books,664.29,176,12,IT,Simon & Schuster,The Simon & Schuster Dune by Simon & Schuster combines quality and innovation.
gBRs-9389,Bose Barbie Dreamhouse,Toy,Toy,744.0,198,11,UE,Bose,The Bose Barbie Dreamhouse by Bose combines quality and innovation.
KGep-4713,CB2 Xiaomi Redmi,Smartphone,Smartphone,554.71,18,7,IT,CB2,The CB2 Xiaomi Redmi by CB2 combines quality and innovation.
pFQj-3783,Mattel 1984,Books,Books,915.1,12,10,UE,Mattel,The Mattel 1984 by Mattel combines quality and innovation.
DEvH-2669,Penguin Zara T-Shirt,Clothing,Clothing,398.12,162,4,IT,Penguin,The Penguin Zara T-Shirt by Penguin combines quality and innovation.
QnSR-6958,Random House Playmobil Castle,Toy,Toy,898.25,26,8,IT,Random House,The Random House Playmobil Castle by Random House combines quality and innovation.
OYXL-3123,Anker Pixel 7,Smartphone,Smartphone,323.16,102,4,UE,Anker,The Anker Pixel 7 by Anker combines quality and innovation.
XBvP-9278,IKEA NERF Blaster,Toy,Toy,755.38,127,3,IT,IKEA,The IKEA NERF Blaster by IKEA combines quality and innovation.
GQAq-8897,Puma Ashley Dining Table,Furniture,Furniture,56.97,59,12,IT,Puma,The Puma Ashley Dining Table by Puma combines quality and innovation.
tRzt-0585,Sony OnePlus Nord,Smartphone,Smartphone,51.17,19,7,UE,Sony,The Sony OnePlus Nord by Sony combines quality and innovation.
DQJd-1922,HarperCollins Levi's Jeans,Clothing,Clothing,623.76,75,9,UE,HarperCollins,The HarperCollins Levi's Jeans by HarperCollins combines quality and innovation.
qFva-4527,Logitech 1984,Books,Books,955.14,169,2,UE,Logitech,The Logitech 1984 by Logitech combines quality and innovation.
mMUy-1443,Simon & Schuster NERF Blaster,Toy,Toy,781.76,14,7,UE,Simon & Schuster,The Simon & Schuster NERF Blaster by Simon & Schuster combines quality and innovation.
QJQK-4186,Levi's The Silent Patient,Books,Books,202.84,22,6,IT,Levi's,The Levi's The Silent Patient by Levi's combines quality and innovation.
EDYh-4344,Sony Wayfair Sofa,Furniture,Furniture,385.83,140,2,IT,Sony,The Sony Wayfair Sofa by Sony combines quality and innovation.
zvtO-3931,Random House The Silent Patient,Books,Books,190.52,145,13,UE,Random House,The Random House The Silent Patient by Random House combines quality and innovation.
xRZj-4430,Amazon iPhone 14,Smartphone,Smartphone,491.6,66,3,IT,Amazon,The Amazon iPhone 14 by Amazon combines quality and innovation.
GDVl-1713,Wayfair Galaxy S22,Smartphone,Smartphone,791.32,187,13,UE,Wayfair,The Wayfair Galaxy S22 by Wayfair combines quality and innovation.
uysy-6871,CB2 Bookshelf Unit,Furniture,Furniture,473.94,3,1,IT,CB2,The CB2 Bookshelf Unit by CB2 combines quality and innovation.
MFef-9695,Apple Dune,Books,Books,623.9,183,14,UE,Apple,The Apple Dune by Apple combines quality and innovation.
XbjP-4602,Fisher-Price Pixel 7,Smartphone,Smartphone,707.25,89,5,UE,Fisher-Price,The Fisher-Price Pixel 7 by Fisher-Price combines quality and innovation.
RdRr-5024,H&M IKEA MALM Bed,Furniture,Furniture,739.39,196,9,UE,H&M,The H&M IKEA MALM Bed by H&M combines quality and innovation.
XATM-5947,Mattel Zara T-Shirt,Clothing,Clothing,75.65,40,5,IT,Mattel,The Mattel Zara T-Shirt by Mattel combines quality and innovation.
TrcG-4787,Pottery Barn Nike Hoodie,Clothing,Clothing,675.08,190,13,IT,Pottery Barn,The Pottery Barn Nike Hoodie by Pottery Barn combines quality and innovation.
rPze-7646,IKEA Wayfair Sofa,Furniture,Furniture,518.04,76,5,IT,IKEA,The IKEA Wayfair Sofa by IKEA combines quality and innovation.
zDUw-1995,CB2 Playmobil Castle,Toy,Toy,554.52,81,11,UE,CB2,The CB2 Playmobil Castle by CB2 combines quality and innovation.
FhHn-2564,HarperCollins Nike Hoodie,Clothing,Clothing,100.18,39,1,IT,HarperCollins,The HarperCollins Nike Hoodie by HarperCollins combines quality and innovation.
Xclj-8756,Bloomsbury Adidas Tracksuit,Clothing,Clothing,224.17,178,14,UE,Bloomsbury,The Bloomsbury Adidas Tracksuit by Bloomsbury combines quality and innovation.
PFkx-4479,Sony Playmobil Castle,Toy,Toy,937.28,152,12,UE,Sony,The Sony Playmobil Castle by Sony combines quality and innovation.
brLD-5689,Random House Nike Hoodie,Clothing,Clothing,630.93,106,11,IT,Random House,The Random House Nike Hoodie by Random House combines quality and innovation.
sqhO-8602,IKEA NERF Blaster,Toy,Toy,999.83,188,9,IT,IKEA,The IKEA NERF Blaster by IKEA combines quality and innovation.
kPHw-0743,Amazon 1984,Books,Books,213.42,143,7,UE,Amazon,The Amazon 1984 by Amazon combines quality and innovation.
wRat-0190,Simon & Schuster Desk Lamp,Furniture,Furniture,207.34,11,2,UE,Simon & Schuster,The Simon & Schuster Desk Lamp by Simon & Schuster combines quality and innovation.
bVJD-5215,Pottery Barn IKEA MALM Bed,Furniture,Furniture,339.18,145,9,IT,Pottery Barn,The Pottery Barn IKEA MALM Bed by Pottery Barn combines quality and innovation.
jVyD-4111,Lego Ashley Dining Table,Furniture,Furniture,943.9,134,10,UE,Lego,The Lego Ashley Dining Table by Lego combines quality and innovation.
moQj-1894,Fisher-Price Bookshelf Unit,Furniture,Furniture,370.06,195,4,IT,Fisher-Price,The Fisher-Price Bookshelf Unit by Fisher-Price combines quality and innovation.
Zggc-7274,Sony Zara T-Shirt,Clothing,Clothing,265.52,82,6,UE,Sony,The Sony Zara T-Shirt by Sony combines quality and innovation.
RSBK-0014,Mattel Ashley Dining Table,Furniture,Furniture,610.46,91,13,UE,Mattel,The Mattel Ashley Dining Table by Mattel combines quality and innovation.
RpkB-0971,Nike The Silent Patient,Books,Books,419.35,1,10,IT,Nike,The Nike The Silent Patient by Nike combines quality and innovation.
EEuk-2956,Bose Lego City,Toy,Toy,245.32,110,4,IT,Bose,The Bose Lego City by Bose combines quality and innovation.
RZSn-2408,Logitech Xiaomi Redmi,Smartphone,Smartphone,861.42,83,2,UE,Logitech,The Logitech Xiaomi Redmi by Logitech combines quality and innovation.
zZxc-4220,Adidas Dune,Books,Books,829.57,121,4,IT,Adidas,The Adidas Dune by Adidas combines quality and innovation.
AggZ-5216,Puma The Silent Patient,Books,Books,763.31,114,7,UE,Puma,The Puma The Silent Patient by Puma combines quality and innovation.
YKav-8952,Penguin iPhone 14,Smartphone,Smartphone,685.72,163,5,IT,Penguin,The Penguin iPhone 14 by Penguin combines quality and innovation.
oOQO-6573,Apple Xiaomi Redmi,Smartphone,Smartphone,694.38,121,10,IT,Apple,The Apple Xiaomi Redmi by Apple combines quality and innovation.
htjj-6736,Puma IKEA MALM Bed,Furniture,Furniture,562.49,75,13,IT,Puma,The Puma IKEA MALM Bed by Puma combines quality and innovation.
nQre-5612,Apple Ashley Dining Table,Furniture,Furniture,675.94,0,6,IT,Apple,The Apple Ashley Dining Table by Apple combines quality and innovation.
dPBh-9167,Sony Zara T-Shirt,Clothing,Clothing,745.32,22,4,IT,Sony,The Sony Zara T-Shirt by Sony combines quality and innovation.
IBxm-9765,CB2 Levi's Jeans,Clothing,Clothing,128.5,193,4,UE,CB2,The CB2 Levi's Jeans by CB2 combines quality and innovation.
QwZW-9093,Anker Dune,Books,Books,449.12,106,2,IT,Anker,The Anker Dune by Anker combines quality and innovation.
EpNv-2288,Fisher-Price To Kill a Mockingbird,Books,Books,286.96,47,1,UE,Fisher-Price,The Fisher-Price To Kill a Mockingbird by Fisher-Price combines quality and innovation.
QYxJ-1229,Simon & Schuster Xiaomi Redmi,Smartphone,Smartphone,572.06,84,5,UE,Simon & Schuster,The Simon & Schuster Xiaomi Redmi by Simon & Schuster combines quality and innovation.
zmxx-0815,Playmobil Barbie Dreamhouse,Toy,Toy,671.04,58,2,UE,Playmobil,The Playmobil Barbie Dreamhouse by Playmobil combines quality and innovation.
IlHh-0138,Bose The Silent Patient,Books,Books,784.25,51,6,IT,Bose,The Bose The Silent Patient by Bose combines quality and innovation.
PUGR-6526,Bose Playmobil Castle,Toy,Toy,820.07,67,12,UE,Bose,The Bose Playmobil Castle by Bose combines quality and innovation.
VCeK-9477,Zara NERF Blaster,Toy,Toy,76.12,90,8,UE,Zara,The Zara NERF Blaster by Zara combines quality and innovation.
azIE-3134,Sony Dune,Books,Books,634.96,108,4,UE,Sony,The Sony Dune by Sony combines quality and innovation.
gZoM-6625,Simon & Schuster Ashley Dining Table,Furniture,Furniture,871.47,174,10,IT,Simon & Schuster,The Simon & Schuster Ashley Dining Table by Simon & Schuster combines quality and innovation.
vgNi-6974,Apple NERF Blaster,Toy,Toy,958.04,189,8,UE,Apple,The Apple NERF Blaster by Apple combines quality and innovation.
jbLL-8077,Logitech Barbie Dreamhouse,Toy,Toy,790.29,103,10,UE,Logitech,The Logitech Barbie Dreamhouse by Logitech combines quality and innovation.
YgtI-5985,Amazon Hot Wheels,Toy,Toy,478.95,7,5,IT,Amazon,The Amazon Hot Wheels by Amazon combines quality and innovation.
Jhtt-3445,Wayfair OnePlus Nord,Smartphone,Smartphone,996.59,193,2,UE,Wayfair,The Wayfair OnePlus Nord by Wayfair combines quality and innovation.
ODge-0363,Apple Lego City,Toy,Toy,754.43,5,3,IT,Apple,The Apple Lego City by Apple combines quality and innovation.
Bxnx-4696,Lego To Kill a Mockingbird,Books,Books,91.84,136,3,IT,Lego,The Lego To Kill a Mockingbird by Lego combines quality and innovation.
GQiW-3904,Simon & Schuster Levi's Jeans,Clothing,Clothing,634.94,145,4,UE,Simon & Schuster,The Simon & Schuster Levi's Jeans by Simon & Schuster combines quality and innovation.
HIVV-9896,Sony Pixel 7,Smartphone,Smartphone,869.56,110,9,IT,Sony,The Sony Pixel 7 by Sony combines quality and innovation.
TUOH-9776,Pottery Barn Barbie Dreamhouse,Toy,Toy,154.43,84,13,UE,Pottery Barn,The Pottery Barn Barbie Dreamhouse by Pottery Barn combines quality and innovation.
OTVI-5324,Nike NERF Blaster,Toy,Toy,901.05,57,12,UE,Nike,The Nike NERF Blaster by Nike combines quality and innovation.
uTbz-8296,Random House Dune,Books,Books,579.78,21,11,UE,Random House,The Random House Dune by Random House combines quality and innovation.
QveW-7248,Playmobil Nike Hoodie,Clothing,Clothing,812.54,86,1,UE,Playmobil,The Playmobil Nike Hoodie by Playmobil combines quality and innovation.
Rwfj-9739,Puma To Kill a Mockingbird,Books,Books,64.9,181,3,IT,Puma,The Puma To Kill a Mockingbird by Puma combines quality and innovation.
tOvz-1959,Playmobil The Silent Patient,Books,Books,682.47,89,6,IT,Playmobil,The Playmobil The Silent Patient by Playmobil combines quality and innovation.
GMgX-1650,Sony Levi's Jeans,Clothing,Clothing,164.81,89,6,UE,Sony,The Sony Levi's Jeans by Sony combines quality and innovation.
Cebd-7868,Logitech NERF Blaster,Toy,Toy,493.5,48,4,UE,Logitech,The Logitech NERF Blaster by Logitech combines quality and innovation.
EkHz-0472,Anker Atomic Habits,Books,Books,970.95,19,4,IT,Anker,The Anker Atomic Habits by Anker combines quality and innovation.
laMx-7115,Levi's Ashley Dining Table,Furniture,Furniture,80.83,65,6,UE,Levi's,The Levi's Ashley Dining Table by Levi's combines quality and innovation.
HcAs-3017,Mattel Bookshelf Unit,Furniture,Furniture,26.41,166,8,IT,Mattel,The Mattel Bookshelf Unit by Mattel combines quality and innovation.
pLgW-1160,West Elm To Kill a Mockingbird,Books,Books,689.94,18,1,UE,West Elm,The West Elm To Kill a Mockingbird by West Elm combines quality and innovation.
UGeS-2329,Anker Adidas Tracksuit,Clothing,Clothing,192.02,102,9,IT,Anker,The Anker Adidas Tracksuit by Anker combines quality and innovation.
yBBG-6049,Pottery Barn Desk Lamp,Furniture,Furniture,233.29,52,10,IT,Pottery Barn,The Pottery Barn Desk Lamp by Pottery Barn combines quality and innovation.
crWR-4682,Mattel Barbie Dreamhouse,Toy,Toy,186.95,169,11,UE,Mattel,The Mattel Barbie Dreamhouse by Mattel combines quality and innovation.
JqjL-1950,HarperCollins Atomic Habits,Books,Books,528.76,175,7,UE,HarperCollins,The HarperCollins Atomic Habits by HarperCollins combines quality and innovation.
CQKw-4385,Simon & Schuster Barbie Dreamhouse,Toy,Toy,920.59,75,11,UE,Simon & Schuster,The Simon & Schuster Barbie Dreamhouse by Simon & Schuster combines quality and innovation.
Vyhu-3024,Nike To Kill a Mockingbird,Books,Books,427.32,123,2,UE,Nike,The Nike To Kill a Mockingbird by Nike combines quality and innovation.
uJFY-5881,West Elm Nike Hoodie,Clothing,Clothing,601.07,21,11,IT,West Elm,The West Elm Nike Hoodie by West Elm combines quality and innovation.
XdmC-5422,CB2 The Silent Patient,Books,Books,316.35,164,10,IT,CB2,The CB2 The Silent Patient by CB2 combines quality and innovation.
raiz-2863,Mattel Bookshelf Unit,Furniture,Furniture,900.06,53,8,UE,Mattel,The Mattel Bookshelf Unit by Mattel combines quality and innovation.
fcpc-3212,Lego Dune,Books,Books,805.84,126,5,IT,Lego,The Lego Dune by Lego combines quality and innovation.
FNzc-5647,Penguin The Silent Patient,Books,Books,813.11,12,11,IT,Penguin,The Penguin The Silent Patient by Penguin combines quality and innovation.
fKpY-4486,Adidas To Kill a Mockingbird,Books,Books,843.49,38,5,IT,Adidas,The Adidas To Kill a Mockingbird by Adidas combines quality and innovation.
BRXT-9065,H&M Pixel 7,Smartphone,Smartphone,158.76,62,13,UE,H&M,The H&M Pixel 7 by H&M combines quality and innovation.
ExOV-7669,Fisher-Price Ashley Dining Table,Furniture,Furniture,331.2,51,3,IT,Fisher-Price,The Fisher-Price Ashley Dining Table by Fisher-Price combines quality and innovation.
jBhb-6649,Nike Barbie Dreamhouse,Toy,Toy,963.18,183,12,IT,Nike,The Nike Barbie Dreamhouse by Nike combines quality and innovation.
fSmP-7740,Amazon Xiaomi Redmi,Smartphone,Smartphone,696.55,62,12,IT,Amazon,The Amazon Xiaomi Redmi by Amazon combines quality and innovation.
KfZP-7497,Pottery Barn Bookshelf Unit,Furniture,Furniture,904.94,69,11,IT,Pottery Barn,The Pottery Barn Bookshelf Unit by Pottery Barn combines quality and innovation.
VpKZ-7706,Mattel Barbie Dreamhouse,Toy,Toy,246.98,176,14,UE,Mattel,The Mattel Barbie Dreamhouse by Mattel combines quality and innovation.
jeZQ-7859,Simon & Schuster Zara T-Shirt,Clothing,Clothing,867.36,67,11,IT,Simon & Schuster,The Simon & Schuster Zara T-Shirt by Simon & Schuster combines quality and innovation.
aUlw-6261,Adidas 1984,Books,Books,98.19,149,14,UE,Adidas,The Adidas 1984 by Adidas combines quality and innovation.
ydeO-7064,Levi's Barbie Dreamhouse,Toy,Toy,991.6,115,6,UE,Levi's,The Levi's Barbie Dreamhouse by Levi's combines quality and innovation.
hhXK-2703,Adidas Atomic Habits,Books,Books,327.8,34,5,UE,Adidas,The Adidas Atomic Habits by Adidas combines quality and innovation.
Mtuk-8195,West Elm Wayfair Sofa,Furniture,Furniture,614.58,39,8,UE,West Elm,The West Elm Wayfair Sofa by West Elm combines quality and innovation.
cZWj-8202,Simon & Schuster OnePlus Nord,Smartphone,Smartphone,708.54,5,2,UE,Simon & Schuster,The Simon & Schuster OnePlus Nord by Simon & Schuster combines quality and innovation.
xFrt-7423,Anker Wayfair Sofa,Furniture,Furniture,847.36,59,6,IT,Anker,The Anker Wayfair Sofa by Anker combines quality and innovation.
BryG-0815,Random House Zara T-Shirt,Clothing,Clothing,834.89,83,3,IT,Random House,The Random House Zara T-Shirt by Random House combines quality and innovation.
rRdF-7105,Zara Levi's Jeans,Clothing,Clothing,956.09,88,3,IT,Zara,The Zara Levi's Jeans by Zara combines quality and innovation.
wcPQ-7209,Puma To Kill a Mockingbird,Books,Books,644.76,141,4,IT,Puma,The Puma To Kill a Mockingbird by Puma combines quality and innovation.
vtDt-6508,Bloomsbury Galaxy S22,Smartphone,Smartphone,930.02,82,14,IT,Bloomsbury,The Bloomsbury Galaxy S22 by Bloomsbury combines quality and innovation.
VuCU-5562,Playmobil IKEA MALM Bed,Furniture,Furniture,994.32,112,14,UE,Playmobil,The Playmobil IKEA MALM Bed by Playmobil combines quality and innovation.
IcMh-2032,CB2 IKEA MALM Bed,Furniture,Furniture,579.14,155,4,UE,CB2,The CB2 IKEA MALM Bed by CB2 combines quality and innovation.
myel-8528,Bloomsbury IKEA MALM Bed,Furniture,Furniture,840.71,27,2,UE,Bloomsbury,The Bloomsbury IKEA MALM Bed by Bloomsbury combines quality and innovation.
sTmt-8829,Pottery Barn IKEA MALM Bed,Furniture,Furniture,510.47,157,13,IT,Pottery Barn,The Pottery Barn IKEA MALM Bed by Pottery Barn combines quality and innovation.
ZkvT-2617,CB2 OnePlus Nord,Smartphone,Smartphone,291.97,95,13,UE,CB2,The CB2 OnePlus Nord by CB2 combines quality and innovation.
xblh-1260,Amazon NERF Blaster,Toy,Toy,572.69,101,3,IT,Amazon,The Amazon NERF Blaster by Amazon combines quality and innovation.
zcMH-6260,Mattel Bookshelf Unit,Furniture,Furniture,213.77,14,5,UE,Mattel,The Mattel Bookshelf Unit by Mattel combines quality and innovation.
gepV-8242,Apple The Silent Patient,Books,Books,204.6,100,2,UE,Apple,The Apple The Silent Patient by Apple combines quality and innovation.
UgxI-0758,Playmobil Levi's Jeans,Clothing,Clothing,813.26,178,11,IT,Playmobil,The Playmobil Levi's Jeans by Playmobil combines quality and innovation.
SzbC-1337,Logitech Bookshelf Unit,Furniture,Furniture,559.85,86,5,IT,Logitech,The Logitech Bookshelf Unit by Logitech combines quality and innovation.
AZZO-0265,West Elm The Silent Patient,Books,Books,678.86,177,6,IT,West Elm,The West Elm The Silent Patient by West Elm combines quality and innovation.
hkgi-2814,H&M Atomic Habits,Books,Books,332.5,186,1,UE,H&M,The H&M Atomic Habits by H&M combines quality and innovation.
KlJc-2627,Adidas Atomic Habits,Books,Books,616.59,166,9,IT,Adidas,The Adidas Atomic Habits by Adidas combines quality and innovation.
lfIC-0482,West Elm IKEA MALM Bed,Furniture,Furniture,53.16,58,2,IT,West Elm,The West Elm IKEA MALM Bed by West Elm combines quality and innovation.
HhEA-9423,HarperCollins iPhone 14,Smartphone,Smartphone,899.25,126,5,UE,HarperCollins,The HarperCollins iPhone 14 by HarperCollins combines quality and innovation.
OpOb-3588,Bose Pixel 7,Smartphone,Smartphone,520.42,190,6,UE,Bose,The Bose Pixel 7 by Bose combines quality and innovation.
VDhQ-1738,Zara Wayfair Sofa,Furniture,Furniture,859.1,94,1,IT,Zara,The Zara Wayfair Sofa by Zara combines quality and innovation.
MjrG-5907,Mattel To Kill a Mockingbird,Books,Books,861.24,15,2,IT,Mattel,The Mattel To Kill a Mockingbird by Mattel combines quality and innovation.
auLG-4271,Nike Atomic Habits,Books,Books,713.39,133,3,IT,Nike,The Nike Atomic Habits by Nike combines quality and innovation.
ltGt-7182,Lego Nike Hoodie,Clothing,Clothing,292.82,118,10,UE,Lego,The Lego Nike Hoodie by Lego combines quality and innovation.
GYCN-7417,Nike Atomic Habits,Books,Books,279.52,128,7,IT,Nike,The Nike Atomic Habits by Nike combines quality and innovation.
zIff-0286,Random House Levi's Jeans,Clothing,Clothing,704.16,48,5,UE,Random House,The Random House Levi's Jeans by Random House combines quality and innovation.
Ubxh-0688,Amazon Wayfair Sofa,Furniture,Furniture,301.75,41,13,UE,Amazon,The Amazon Wayfair Sofa by Amazon combines quality and innovation.
Gtnk-8088,HarperCollins Desk Lamp,Furniture,Furniture,826.81,31,12,UE,HarperCollins,The HarperCollins Desk Lamp by HarperCollins combines quality and innovation.
wfFL-9513,Random House Hot Wheels,Toy,Toy,577.05,190,11,IT,Random House,The Random House Hot Wheels by Random House combines quality and innovation.
OxKY-7725,Simon & Schuster Barbie Dreamhouse,Toy,Toy,701.81,159,6,IT,Simon & Schuster,The Simon & Schuster Barbie Dreamhouse by Simon & Schuster combines quality and innovation.
eURa-5173,IKEA Levi's Jeans,Clothing,Clothing,83.02,169,8,UE,IKEA,The IKEA Levi's Jeans by IKEA combines quality and innovation.
WeNX-7898,Bose Desk Lamp,Furniture,Furniture,220.46,181,14,UE,Bose,The Bose Desk Lamp by Bose combines quality and innovation.
Yikt-1288,Apple Nike Hoodie,Clothing,Clothing,768.75,117,8,UE,Apple,The Apple Nike Hoodie by Apple combines quality and innovation.
TFCF-5283,Levi's NERF Blaster,Toy,Toy,262.24,53,5,UE,Levi's,The Levi's NERF Blaster by Levi's combines quality and innovation.
HqPu-0504,Bloomsbury Lego City,Toy,Toy,320.84,65,5,UE,Bloomsbury,The Bloomsbury Lego City by Bloomsbury combines quality and innovation.
wHyy-8373,Sony To Kill a Mockingbird,Books,Books,380.13,150,5,UE,Sony,The Sony To Kill a Mockingbird by Sony combines quality and innovation.
pqTm-8268,Zara Zara T-Shirt,Clothing,Clothing,734.35,152,13,UE,Zara,The Zara Zara T-Shirt by Zara combines quality and innovation.
dUxv-3547,Anker Galaxy S22,Smartphone,Smartphone,835.14,30,5,IT,Anker,The Anker Galaxy S22 by Anker combines quality and innovation.
nXUA-2535,Levi's To Kill a Mockingbird,Books,Books,831.07,199,7,UE,Levi's,The Levi's To Kill a Mockingbird by Levi's combines quality and innovation.
Oyuz-9794,Pottery Barn NERF Blaster,Toy,Toy,766.25,89,2,IT,Pottery Barn,The Pottery Barn NERF Blaster by Pottery Barn combines quality and innovation.
UAaz-6536,Mattel Adidas Tracksuit,Clothing,Clothing,69.19,38,10,IT,Mattel,The Mattel Adidas Tracksuit by Mattel combines quality and innovation.
PEuK-1840,Logitech NERF Blaster,Toy,Toy,166.71,106,11,UE,Logitech,The Logitech NERF Blaster by Logitech combines quality and innovation.
iqgl-5630,Fisher-Price Lego City,Toy,Toy,864.14,22,1,IT,Fisher-Price,The Fisher-Price Lego City by Fisher-Price combines quality and innovation.
JWrl-8962,H&M NERF Blaster,Toy,Toy,269.38,174,1,IT,H&M,The H&M NERF Blaster by H&M combines quality and innovation.
rIin-2471,Lego Atomic Habits,Books,Books,222.14,23,1,UE,Lego,The Lego Atomic Habits by Lego combines quality and innovation.
NSFc-2657,IKEA 1984,Books,Books,459.86,156,5,UE,IKEA,The IKEA 1984 by IKEA combines quality and innovation.
JCje-0231,Bloomsbury Levi's Jeans,Clothing,Clothing,696.03,106,9,IT,Bloomsbury,The Bloomsbury Levi's Jeans by Bloomsbury combines quality and innovation.
Gdko-4080,Random House IKEA MALM Bed,Furniture,Furniture,142.7,104,13,IT,Random House,The Random House IKEA MALM Bed by Random House combines quality and innovation.
dbCq-9263,HarperCollins The Silent Patient,Books,Books,506.26,28,3,UE,HarperCollins,The HarperCollins The Silent Patient by HarperCollins combines quality and innovation.
JNuw-8619,Sony Xiaomi Redmi,Smartphone,Smartphone,543.66,23,8,UE,Sony,The Sony Xiaomi Redmi by Sony combines quality and innovation.
Fzze-0430,HarperCollins Nike Hoodie,Clothing,Clothing,598.16,81,10,IT,HarperCollins,The HarperCollins Nike Hoodie by HarperCollins combines quality and innovation.
BHLi-1135,Playmobil Galaxy S22,Smartphone,Smartphone,929.1,81,9,IT,Playmobil,The Playmobil Galaxy S22 by Playmobil combines quality and innovation.
YMim-8840,Sony OnePlus Nord,Smartphone,Smartphone,465.06,166,4,IT,Sony,The Sony OnePlus Nord by Sony combines quality and innovation.
ExcJ-7826,Zara Galaxy S22,Smartphone,Smartphone,721.59,122,6,UE,Zara,The Zara Galaxy S22 by Zara combines quality and innovation.
VZKf-6487,H&M NERF Blaster,Toy,Toy,925.43,120,10,UE,H&M,The H&M NERF Blaster by H&M combines quality and innovation.
LNYp-0672,Sony iPhone 14,Smartphone,Smartphone,346.09,74,7,UE,Sony,The Sony iPhone 14 by Sony combines quality and innovation.
IFLE-3388,Wayfair IKEA MALM Bed,Furniture,Furniture,989.55,184,9,UE,Wayfair,The Wayfair IKEA MALM Bed by Wayfair combines quality and innovation.
OdPw-6979,Amazon Desk Lamp,Furniture,Furniture,794.48,12,1,UE,Amazon,The Amazon Desk Lamp by Amazon combines quality and innovation.
GujA-1447,Bose Pixel 7,Smartphone,Smartphone,922.74,106,14,UE,Bose,The Bose Pixel 7 by Bose combines quality and innovation.
xdZa-7227,Amazon The Silent Patient,Books,Books,376.2,114,5,IT,Amazon,The Amazon The Silent Patient by Amazon combines quality and innovation.
cVsh-5358,Zara Pixel 7,Smartphone,Smartphone,967.47,191,8,UE,Zara,The Zara Pixel 7 by Zara combines quality and innovation.
LNas-0395,Nike Wayfair Sofa,Furniture,Furniture,195.78,20,12,UE,Nike,The Nike Wayfair Sofa by Nike combines quality and innovation.
ElKu-4848,Mattel Ashley Dining Table,Furniture,Furniture,260.41,63,4,UE,Mattel,The Mattel Ashley Dining Table by Mattel combines quality and innovation.
RcdU-0443,CB2 Barbie Dreamhouse,Toy,Toy,93.62,198,2,UE,CB2,The CB2 Barbie Dreamhouse by CB2 combines quality and innovation.
gzPZ-9714,Levi's Adidas Tracksuit,Clothing,Clothing,726.72,43,1,IT,Levi's,The Levi's Adidas Tracksuit by Levi's combines quality and innovation.
WapC-4383,Random House NERF Blaster,Toy,Toy,847.76,152,4,UE,Random House,The Random House NERF Blaster by Random House combines quality and innovation.
qSkY-3673,Levi's IKEA MALM Bed,Furniture,Furniture,210.26,181,10,UE,Levi's,The Levi's IKEA MALM Bed by Levi's combines quality and innovation.
WoUv-3206,Puma IKEA MALM Bed,Furniture,Furniture,518.01,164,10,UE,Puma,The Puma IKEA MALM Bed by Puma combines quality and innovation.
uNGD-5921,Pottery Barn Pixel 7,Smartphone,Smartphone,760.25,9,5,UE,Pottery Barn,The Pottery Barn Pixel 7 by Pottery Barn combines quality and innovation.
SSJP-0832,Zara Desk Lamp,Furniture,Furniture,70.09,84,3,UE,Zara,The Zara Desk Lamp by Zara combines quality and innovation.
GFMZ-6160,Amazon Adidas Tracksuit,Clothing,Clothing,362.0,137,8,UE,Amazon,The Amazon Adidas Tracksuit by Amazon combines quality and innovation.
nbzA-8726,Lego Zara T-Shirt,Clothing,Clothing,513.75,55,6,UE,Lego,The Lego Zara T-Shirt by Lego combines quality and innovation.
FMmZ-3325,IKEA Desk Lamp,Furniture,Furniture,361.14,67,11,IT,IKEA,The IKEA Desk Lamp by IKEA combines quality and innovation.
uhlC-9957,Penguin Nike Hoodie,Clothing,Clothing,878.08,167,13,UE,Penguin,The Penguin Nike Hoodie by Penguin combines quality and innovation.
Zsdl-6745,Bloomsbury Playmobil Castle,Toy,Toy,444.26,8,4,UE,Bloomsbury,The Bloomsbury Playmobil Castle by Bloomsbury combines quality and innovation.
lIXX-2594,Puma Barbie Dreamhouse,Toy,Toy,118.91,38,14,UE,Puma,The Puma Barbie Dreamhouse by Puma combines quality and innovation.
DHUS-8877,HarperCollins Atomic Habits,Books,Books,488.12,160,10,IT,HarperCollins,The HarperCollins Atomic Habits by HarperCollins combines quality and innovation.
IYsJ-5285,Anker Pixel 7,Smartphone,Smartphone,721.83,53,7,UE,Anker,The Anker Pixel 7 by Anker combines quality and innovation.
gpwB-8695,West Elm Zara T-Shirt,Clothing,Clothing,70.91,183,13,UE,West Elm,The West Elm Zara T-Shirt by West Elm combines quality and innovation.
NUUl-6925,CB2 Desk Lamp,Furniture,Furniture,703.84,76,5,IT,CB2,The CB2 Desk Lamp by CB2 combines quality and innovation.
Xiks-6922,Anker Hot Wheels,Toy,Toy,486.95,30,5,UE,Anker,The Anker Hot Wheels by Anker combines quality and innovation.
BARV-0065,CB2 Lego City,Toy,Toy,389.72,176,5,IT,CB2,The CB2 Lego City by CB2 combines quality and innovation.
unTt-4762,Bloomsbury OnePlus Nord,Smartphone,Smartphone,270.79,118,9,IT,Bloomsbury,The Bloomsbury OnePlus Nord by Bloomsbury combines quality and innovation.
HQjW-9413,Puma Bookshelf Unit,Furniture,Furniture,301.96,26,3,UE,Puma,The Puma Bookshelf Unit by Puma combines quality and innovation.
EKwd-7011,Fisher-Price Galaxy S22,Smartphone,Smartphone,902.6,139,6,IT,Fisher-Price,The Fisher-Price Galaxy S22 by Fisher-Price combines quality and innovation.
vCQB-5754,Puma Pixel 7,Smartphone,Smartphone,748.26,134,1,UE,Puma,The Puma Pixel 7 by Puma combines quality and innovation.
XNZV-8664,HarperCollins Bookshelf Unit,Furniture,Furniture,410.27,22,7,UE,HarperCollins,The HarperCollins Bookshelf Unit by HarperCollins combines quality and innovation.
QJrB-0864,Adidas Levi's Jeans,Clothing,Clothing,711.27,8,9,UE,Adidas,The Adidas Levi's Jeans by Adidas combines quality and innovation.
biNd-9913,Lego Hot Wheels,Toy,Toy,534.82,57,7,UE,Lego,The Lego Hot Wheels by Lego combines quality and innovation.
ZYIb-1119,HarperCollins Zara T-Shirt,Clothing,Clothing,47.61,151,6,UE,HarperCollins,The HarperCollins Zara T-Shirt by HarperCollins combines quality and innovation.
MPQR-0479,Random House NERF Blaster,Toy,Toy,884.39,123,12,IT,Random House,The Random House NERF Blaster by Random House combines quality and innovation.
iVsQ-8048,Penguin Xiaomi Redmi,Smartphone,Smartphone,693.51,104,14,IT,Penguin,The Penguin Xiaomi Redmi by Penguin combines quality and innovation.
oNFT-3058,Wayfair Barbie Dreamhouse,Toy,Toy,232.21,1,6,UE,Wayfair,The Wayfair Barbie Dreamhouse by Wayfair combines quality and innovation.
AiRa-2267,H&M Barbie Dreamhouse,Toy,Toy,557.96,122,11,IT,H&M,The H&M Barbie Dreamhouse by H&M combines quality and innovation.
jNGk-3784,Playmobil The Silent Patient,Books,Books,314.55,64,10,UE,Playmobil,The Playmobil The Silent Patient by Playmobil combines quality and innovation.
ocgM-8771,Anker To Kill a Mockingbird,Books,Books,200.61,152,5,UE,Anker,The Anker To Kill a Mockingbird by Anker combines quality and innovation.
dVRS-2567,Fisher-Price Wayfair Sofa,Furniture,Furniture,411.06,110,7,UE,Fisher-Price,The Fisher-Price Wayfair Sofa by Fisher-Price combines quality and innovation.
SZHW-5282,Simon & Schuster Barbie Dreamhouse,Toy,Toy,479.67,134,11,UE,Simon & Schuster,The Simon & Schuster Barbie Dreamhouse by Simon & Schuster combines quality and innovation.
sKGJ-8539,Random House Levi's Jeans,Clothing,Clothing,957.27,78,9,IT,Random House,The Random House Levi's Jeans by Random House combines quality and innovation.
XHqO-8337,Puma Bookshelf Unit,Furniture,Furniture,886.63,6,12,UE,Puma,The Puma Bookshelf Unit by Puma combines quality and innovation.
wmDC-0564,Puma Adidas Tracksuit,Clothing,Clothing,89.52,23,2,IT,Puma,The Puma Adidas Tracksuit by Puma combines quality and innovation.
evLK-6238,Apple IKEA MALM Bed,Furniture,Furniture,611.8,61,12,IT,Apple,The Apple IKEA MALM Bed by Apple combines quality and innovation.
inNQ-8906,Puma Dune,Books,Books,406.87,163,14,IT,Puma,The Puma Dune by Puma combines quality and innovation.
ENjX-3518,Penguin 1984,Books,Books,112.67,111,3,UE,Penguin,The Penguin 1984 by Penguin combines quality and innovation.
eFEa-2972,Lego The Silent Patient,Books,Books,294.27,89,8,IT,Lego,The Lego The Silent Patient by Lego combines quality and innovation.
hNsr-7289,CB2 Ashley Dining Table,Furniture,Furniture,780.14,147,14,IT,CB2,The CB2 Ashley Dining Table by CB2 combines quality and innovation.
tROs-1806,Zara Hot Wheels,Toy,Toy,625.04,117,9,UE,Zara,The Zara Hot Wheels by Zara combines quality and innovation.
iioS-9060,Wayfair Pixel 7,Smartphone,Smartphone,958.03,159,11,IT,Wayfair,The Wayfair Pixel 7 by Wayfair combines quality and innovation.
VsLh-2692,Simon & Schuster Ashley Dining Table,Furniture,Furniture,381.48,132,13,UE,Simon & Schuster,The Simon & Schuster Ashley Dining Table by Simon & Schuster combines quality and innovation.
FFTw-9888,Bose Ashley Dining Table,Furniture,Furniture,471.48,90,8,UE,Bose,The Bose Ashley Dining Table by Bose combines quality and innovation.
mbDZ-1960,Lego To Kill a Mockingbird,Books,Books,394.04,69,5,UE,Lego,The Lego To Kill a Mockingbird by Lego combines quality and innovation.
xzUd-5051,West Elm Wayfair Sofa,Furniture,Furniture,89.04,151,6,IT,West Elm,The West Elm Wayfair Sofa by West Elm combines quality and innovation.
EFbH-5729,Apple IKEA MALM Bed,Furniture,Furniture,384.73,21,2,UE,Apple,The Apple IKEA MALM Bed by Apple combines quality and innovation.
cTyl-0927,Lego Adidas Tracksuit,Clothing,Clothing,626.99,188,14,IT,Lego,The Lego Adidas Tracksuit by Lego combines quality and innovation.
QcZC-1817,West Elm Dune,Books,Books,318.69,85,14,IT,West Elm,The West Elm Dune by West Elm combines quality and innovation.
kEFY-7133,Mattel Galaxy S22,Smartphone,Smartphone,575.58,174,2,IT,Mattel,The Mattel Galaxy S22 by Mattel combines quality and innovation.
SnQj-2471,Adidas Adidas Tracksuit,Clothing,Clothing,484.3,154,6,UE,Adidas,The Adidas Adidas Tracksuit by Adidas combines quality and innovation.
Kvcm-1201,Nike Zara T-Shirt,Clothing,Clothing,895.49,39,9,UE,Nike,The Nike Zara T-Shirt by Nike combines quality and innovation.
wGEi-2964,Levi's Bookshelf Unit,Furniture,Furniture,67.89,119,1,IT,Levi's,The Levi's Bookshelf Unit by Levi's combines quality and innovation.
wUxO-7818,HarperCollins Desk Lamp,Furniture,Furniture,582.03,92,7,IT,HarperCollins,The HarperCollins Desk Lamp by HarperCollins combines quality and innovation.
mDDc-9971,Adidas Bookshelf Unit,Furniture,Furniture,787.67,186,3,UE,Adidas,The Adidas Bookshelf Unit by Adidas combines quality and innovation.
hPZd-4582,Lego IKEA MALM Bed,Furniture,Furniture,904.73,133,13,UE,Lego,The Lego IKEA MALM Bed by Lego combines quality and innovation.
NKyQ-7284,Simon & Schuster To Kill a Mockingbird,Books,Books,10.34,116,11,UE,Simon & Schuster,The Simon & Schuster To Kill a Mockingbird by Simon & Schuster combines quality and innovation.
jAWg-4141,Anker Nike Hoodie,Clothing,Clothing,617.21,191,2,IT,Anker,The Anker Nike Hoodie by Anker combines quality and innovation.
EZzJ-9453,Sony iPhone 14,Smartphone,Smartphone,271.61,120,10,UE,Sony,The Sony iPhone 14 by Sony combines quality and innovation.
RAkq-2400,Amazon iPhone 14,Smartphone,Smartphone,27.32,148,6,IT,Amazon,The Amazon iPhone 14 by Amazon combines quality and innovation.
RsRT-4717,H&M iPhone 14,Smartphone,Smartphone,73.95,176,1,IT,H&M,The H&M iPhone 14 by H&M combines quality and innovation.
XnHe-5837,Amazon Nike Hoodie,Clothing,Clothing,882.19,178,4,IT,Amazon,The Amazon Nike Hoodie by Amazon combines quality and innovation.
MgoV-0851,Simon & Schuster Ashley Dining Table,Furniture,Furniture,289.5,112,1,IT,Simon & Schuster,The Simon & Schuster Ashley Dining Table by Simon & Schuster combines quality and innovation.
wMJy-3159,Mattel To Kill a Mockingbird,Books,Books,849.92,39,1,IT,Mattel,The Mattel To Kill a Mockingbird by Mattel combines quality and innovation.
pHFr-4372,Fisher-Price 1984,Books,Books,219.36,105,11,IT,Fisher-Price,The Fisher-Price 1984 by Fisher-Price combines quality and innovation.
IcMZ-3133,Zara Wayfair Sofa,Furniture,Furniture,994.06,130,5,IT,Zara,The Zara Wayfair Sofa by Zara combines quality and innovation.
jaiy-7182,Puma Dune,Books,Books,811.82,178,10,IT,Puma,The Puma Dune by Puma combines quality and innovation.
GTba-1563,HarperCollins Atomic Habits,Books,Books,788.18,75,7,IT,HarperCollins,The HarperCollins Atomic Habits by HarperCollins combines quality and innovation.
jztJ-8030,HarperCollins Bookshelf Unit,Furniture,Furniture,631.6,89,13,IT,HarperCollins,The HarperCollins Bookshelf Unit by HarperCollins combines quality and innovation.
ikbi-9760,Logitech NERF Blaster,Toy,Toy,530.91,136,4,IT,Logitech,The Logitech NERF Blaster by Logitech combines quality and innovation.
gsyx-7929,Wayfair Lego City,Toy,Toy,80.32,87,14,UE,Wayfair,The Wayfair Lego City by Wayfair combines quality and innovation.
lIQk-9498,Levi's Levi's Jeans,Clothing,Clothing,522.84,66,5,IT,Levi's,The Levi's Levi's Jeans by Levi's combines quality and innovation.
ZsZE-5610,Mattel IKEA MALM Bed,Furniture,Furniture,660.86,112,9,UE,Mattel,The Mattel IKEA MALM Bed by Mattel combines quality and innovation.
VggW-4990,Fisher-Price Ashley Dining Table,Furniture,Furniture,413.27,86,7,UE,Fisher-Price,The Fisher-Price Ashley Dining Table by Fisher-Price combines quality and innovation.
gxBO-1170,Apple Levi's Jeans,Clothing,Clothing,172.43,163,10,IT,Apple,The Apple Levi's Jeans by Apple combines quality and innovation.
icjc-2686,Bose Lego City,Toy,Toy,58.47,86,7,UE,Bose,The Bose Lego City by Bose combines quality and innovation.
oBrx-2494,Zara The Silent Patient,Books,Books,671.06,57,4,IT,Zara,The Zara The Silent Patient by Zara combines quality and innovation.
BwMO-3083,West Elm Nike Hoodie,Clothing,Clothing,22.4,51,12,IT,West Elm,The West Elm Nike Hoodie by West Elm combines quality and innovation.
UoTk-8922,Adidas Ashley Dining Table,Furniture,Furniture,766.63,135,10,IT,Adidas,The Adidas Ashley Dining Table by Adidas combines quality and innovation.
rpRK-9440,Nike Wayfair Sofa,Furniture,Furniture,481.19,60,4,IT,Nike,The Nike Wayfair Sofa by Nike combines quality and innovation.
YxSs-9384,Simon & Schuster Desk Lamp,Furniture,Furniture,804.23,175,1,IT,Simon & Schuster,The Simon & Schuster Desk Lamp by Simon & Schuster combines quality and innovation.
QLjI-2860,Apple Wayfair Sofa,Furniture,Furniture,348.07,147,11,UE,Apple,The Apple Wayfair Sofa by Apple combines quality and innovation.
oLhh-7687,Bloomsbury OnePlus Nord,Smartphone,Smartphone,616.58,100,11,UE,Bloomsbury,The Bloomsbury OnePlus Nord by Bloomsbury combines quality and innovation.
gomK-2071,Lego IKEA MALM Bed,Furniture,Furniture,193.17,163,5,IT,Lego,The Lego IKEA MALM Bed by Lego combines quality and innovation.
yJDp-7667,Amazon Playmobil Castle,Toy,Toy,356.11,199,14,UE,Amazon,The Amazon Playmobil Castle by Amazon combines quality and innovation.
dykx-4912,Mattel Levi's Jeans,Clothing,Clothing,568.8,166,8,UE,Mattel,The Mattel Levi's Jeans by Mattel combines quality and innovation.
MZxN-0298,Nike Dune,Books,Books,604.63,126,6,UE,Nike,The Nike Dune by Nike combines quality and innovation.
unEg-3443,Levi's To Kill a Mockingbird,Books,Books,409.66,7,9,IT,Levi's,The Levi's To Kill a Mockingbird by Levi's combines quality and innovation.
SBHM-0082,Bloomsbury Galaxy S22,Smartphone,Smartphone,972.8,38,6,UE,Bloomsbury,The Bloomsbury Galaxy S22 by Bloomsbury combines quality and innovation.
iEsr-9256,Levi's Xiaomi Redmi,Smartphone,Smartphone,875.31,31,10,UE,Levi's,The Levi's Xiaomi Redmi by Levi's combines quality and innovation.
kwGA-6600,Adidas 1984,Books,Books,93.16,81,5,IT,Adidas,The Adidas 1984 by Adidas combines quality and innovation.
korM-5504,Apple Dune,Books,Books,27.06,147,9,UE,Apple,The Apple Dune by Apple combines quality and innovation.
XDLC-7926,H&M Xiaomi Redmi,Smartphone,Smartphone,253.55,84,7,UE,H&M,The H&M Xiaomi Redmi by H&M combines quality and innovation.
FwnI-0262,Puma Zara T-Shirt,Clothing,Clothing,12.88,192,3,IT,Puma,The Puma Zara T-Shirt by Puma combines quality and innovation.
wbiR-4673,H&M Hot Wheels,Toy,Toy,501.69,25,3,IT,H&M,The H&M Hot Wheels by H&M combines quality and innovation.
hncd-0308,CB2 Galaxy S22,Smartphone,Smartphone,921.12,3,11,IT,CB2,The CB2 Galaxy S22 by CB2 combines quality and innovation.
LfTh-8372,Logitech Zara T-Shirt,Clothing,Clothing,298.85,75,5,UE,Logitech,The Logitech Zara T-Shirt by Logitech combines quality and innovation.
bJIN-9978,Sony Xiaomi Redmi,Smartphone,Smartphone,120.22,110,1,IT,Sony,The Sony Xiaomi Redmi by Sony combines quality and innovation.
vFQV-5938,Zara OnePlus Nord,Smartphone,Smartphone,969.5,150,8,UE,Zara,The Zara OnePlus Nord by Zara combines quality and innovation.
bkii-7743,H&M Desk Lamp,Furniture,Furniture,905.72,176,13,UE,H&M,The H&M Desk Lamp by H&M combines quality and innovation.
uPjt-9156,Bloomsbury Lego City,Toy,Toy,476.47,165,2,UE,Bloomsbury,The Bloomsbury Lego City by Bloomsbury combines quality and innovation.
qQkA-7320,Wayfair Lego City,Toy,Toy,832.14,96,4,UE,Wayfair,The Wayfair Lego City by Wayfair combines quality and innovation.
GoKM-4687,H&M IKEA MALM Bed,Furniture,Furniture,675.33,111,3,IT,H&M,The H&M IKEA MALM Bed by H&M combines quality and innovation.
BZoX-6103,Mattel Pixel 7,Smartphone,Smartphone,289.98,18,2,IT,Mattel,The Mattel Pixel 7 by Mattel combines quality and innovation.
FGGC-9890,Puma Levi's Jeans,Clothing,Clothing,200.95,34,8,IT,Puma,The Puma Levi's Jeans by Puma combines quality and innovation.
iKqU-8218,Apple Dune,Books,Books,172.71,24,3,UE,Apple,The Apple Dune by Apple combines quality and innovation.
rMCp-6428,Bloomsbury Lego City,Toy,Toy,167.54,76,8,IT,Bloomsbury,The Bloomsbury Lego City by Bloomsbury combines quality and innovation.
zrcw-4645,Penguin OnePlus Nord,Smartphone,Smartphone,281.12,102,8,UE,Penguin,The Penguin OnePlus Nord by Penguin combines quality and innovation.
luim-4672,Adidas Nike Hoodie,Clothing,Clothing,11.92,76,3,IT,Adidas,The Adidas Nike Hoodie by Adidas combines quality and innovation.
QeHL-0195,Zara Xiaomi Redmi,Smartphone,Smartphone,384.04,139,7,IT,Zara,The Zara Xiaomi Redmi by Zara combines quality and innovation.
vNrW-7604,Fisher-Price NERF Blaster,Toy,Toy,359.81,70,7,IT,Fisher-Price,The Fisher-Price NERF Blaster by Fisher-Price combines quality and innovation.
ioBq-0838,Puma Hot Wheels,Toy,Toy,443.61,172,10,IT,Puma,The Puma Hot Wheels by Puma combines quality and innovation.
wssh-0969,Amazon Barbie Dreamhouse,Toy,Toy,440.82,64,11,UE,Amazon,The Amazon Barbie Dreamhouse by Amazon combines quality and innovation.
kHVB-8223,HarperCollins Zara T-Shirt,Clothing,Clothing,781.66,53,12,UE,HarperCollins,The HarperCollins Zara T-Shirt by HarperCollins combines quality and innovation.
mtgj-6876,West Elm OnePlus Nord,Smartphone,Smartphone,208.14,59,6,IT,West Elm,The West Elm OnePlus Nord by West Elm combines quality and innovation.
GmqR-5652,Zara Nike Hoodie,Clothing,Clothing,789.82,21,13,IT,Zara,The Zara Nike Hoodie by Zara combines quality and innovation.
Hwqq-8770,IKEA To Kill a Mockingbird,Books,Books,390.57,136,3,IT,IKEA,The IKEA To Kill a Mockingbird by IKEA combines quality and innovation.
gpqN-9863,Mattel Adidas Tracksuit,Clothing,Clothing,762.72,176,7,IT,Mattel,The Mattel Adidas Tracksuit by Mattel combines quality and innovation.
tAvd-0907,Bloomsbury To Kill a Mockingbird,Books,Books,596.69,2,10,UE,Bloomsbury,The Bloomsbury To Kill a Mockingbird by Bloomsbury combines quality and innovation.
BLRG-1306,Adidas Wayfair Sofa,Furniture,Furniture,456.26,91,10,IT,Adidas,The Adidas Wayfair Sofa by Adidas combines quality and innovation.
eUcE-6365,CB2 Xiaomi Redmi,Smartphone,Smartphone,533.99,169,10,UE,CB2,The CB2 Xiaomi Redmi by CB2 combines quality and innovation.
iiYh-5963,West Elm Barbie Dreamhouse,Toy,Toy,293.99,43,13,UE,West Elm,The West Elm Barbie Dreamhouse by West Elm combines quality and innovation.
pKgH-6152,Playmobil The Silent Patient,Books,Books,263.08,44,9,UE,Playmobil,The Playmobil The Silent Patient by Playmobil combines quality and innovation.
roda-8499,Levi's Atomic Habits,Books,Books,265.19,33,2,UE,Levi's,The Levi's Atomic Habits by Levi's combines quality and innovation.
tiVe-3937,H&M Desk Lamp,Furniture,Furniture,115.5,119,14,UE,H&M,The H&M Desk Lamp by H&M combines quality and innovation.
IAQC-7890,Amazon IKEA MALM Bed,Furniture,Furniture,845.11,147,14,IT,Amazon,The Amazon IKEA MALM Bed by Amazon combines quality and innovation.
AENT-6117,Bose Pixel 7,Smartphone,Smartphone,356.28,105,1,IT,Bose,The Bose Pixel 7 by Bose combines quality and innovation.
jPoC-0796,Mattel Desk Lamp,Furniture,Furniture,14.91,138,13,UE,Mattel,The Mattel Desk Lamp by Mattel combines quality and innovation.
dQLw-9662,Playmobil Barbie Dreamhouse,Toy,Toy,380.61,72,4,UE,Playmobil,The Playmobil Barbie Dreamhouse by Playmobil combines quality and innovation.
RyEb-8215,Bloomsbury iPhone 14,Smartphone,Smartphone,854.51,66,11,UE,Bloomsbury,The Bloomsbury iPhone 14 by Bloomsbury combines quality and innovation.
JsjN-7064,Random House The Silent Patient,Books,Books,501.26,41,9,UE,Random House,The Random House The Silent Patient by Random House combines quality and innovation.
hQGA-4981,Simon & Schuster Hot Wheels,Toy,Toy,511.39,101,3,IT,Simon & Schuster,The Simon & Schuster Hot Wheels by Simon & Schuster combines quality and innovation.
UZRZ-1005,Anker 1984,Books,Books,635.91,1,3,IT,Anker,The Anker 1984 by Anker combines quality and innovation.
njsf-9499,Random House Xiaomi Redmi,Smartphone,Smartphone,454.65,56,4,IT,Random House,The Random House Xiaomi Redmi by Random House combines quality and innovation.
KNvT-7700,Wayfair Adidas Tracksuit,Clothing,Clothing,300.69,66,3,UE,Wayfair,The Wayfair Adidas Tracksuit by Wayfair combines quality and innovation.
oZHo-3425,IKEA Barbie Dreamhouse,Toy,Toy,445.85,25,9,UE,IKEA,The IKEA Barbie Dreamhouse by IKEA combines quality and innovation.
KzZT-8811,HarperCollins Wayfair Sofa,Furniture,Furniture,412.79,72,14,UE,HarperCollins,The HarperCollins Wayfair Sofa by HarperCollins combines quality and innovation.
DIxM-7831,Anker Ashley Dining Table,Furniture,Furniture,804.6,189,10,UE,Anker,The Anker Ashley Dining Table by Anker combines quality and innovation.
mbMx-4396,Anker H&M Jacket,Clothing,Clothing,913.32,135,4,IT,Anker,The Anker H&M Jacket by Anker combines quality and innovation.
hDHE-6704,CB2 Bookshelf Unit,Furniture,Furniture,659.0,141,2,IT,CB2,The CB2 Bookshelf Unit by CB2 combines quality and innovation.
hUYa-8151,Fisher-Price Lego City,Toy,Toy,403.43,178,7,IT,Fisher-Price,The Fisher-Price Lego City by Fisher-Price combines quality and innovation.
aytc-2491,Random House Zara T-Shirt,Clothing,Clothing,940.37,181,9,IT,Random House,The Random House Zara T-Shirt by Random House combines quality and innovation.
CWCc-6465,Anker To Kill a Mockingbird,Books,Books,390.26,95,4,IT,Anker,The Anker To Kill a Mockingbird by Anker combines quality and innovation.
iXdi-5027,Apple iPhone 14,Smartphone,Smartphone,373.34,152,3,IT,Apple,The Apple iPhone 14 by Apple combines quality and innovation.
Pxqe-6779,Zara IKEA MALM Bed,Furniture,Furniture,997.8,101,14,IT,Zara,The Zara IKEA MALM Bed by Zara combines quality and innovation.
xFya-3274,Random House Barbie Dreamhouse,Toy,Toy,557.35,150,5,UE,Random House,The Random House Barbie Dreamhouse by Random House combines quality and innovation.
YawV-9742,Sony The Silent Patient,Books,Books,96.76,25,11,UE,Sony,The Sony The Silent Patient by Sony combines quality and innovation.
dUCP-0334,Bloomsbury Ashley Dining Table,Furniture,Furniture,551.19,134,6,UE,Bloomsbury,The Bloomsbury Ashley Dining Table by Bloomsbury combines quality and innovation.
mcpC-7456,Sony Desk Lamp,Furniture,Furniture,910.4,37,5,UE,Sony,The Sony Desk Lamp by Sony combines quality and innovation.
IMBx-4898,Lego H&M Jacket,Clothing,Clothing,552.15,46,6,UE,Lego,The Lego H&M Jacket by Lego combines quality and innovation.
puey-3011,Random House The Silent Patient,Books,Books,779.42,54,6,IT,Random House,The Random House The Silent Patient by Random House combines quality and innovation.
ASHt-8504,Apple OnePlus Nord,Smartphone,Smartphone,745.35,154,7,IT,Apple,The Apple OnePlus Nord by Apple combines quality and innovation.
nXrK-8076,Zara iPhone 14,Smartphone,Smartphone,254.6,84,4,UE,Zara,The Zara iPhone 14 by Zara combines quality and innovation.
qGSC-0875,Wayfair Hot Wheels,Toy,Toy,995.85,131,13,IT,Wayfair,The Wayfair Hot Wheels by Wayfair combines quality and innovation.
jBEL-8832,Nike Barbie Dreamhouse,Toy,Toy,474.53,56,11,UE,Nike,The Nike Barbie Dreamhouse by Nike combines quality and innovation.
MsuR-9738,West Elm Xiaomi Redmi,Smartphone,Smartphone,559.01,170,1,IT,West Elm,The West Elm Xiaomi Redmi by West Elm combines quality and innovation.
VpvV-6457,IKEA Lego City,Toy,Toy,42.41,80,11,UE,IKEA,The IKEA Lego City by IKEA combines quality and innovation.
nEYm-9059,Penguin Hot Wheels,Toy,Toy,797.56,143,10,UE,Penguin,The Penguin Hot Wheels by Penguin combines quality and innovation.
xhDJ-0989,CB2 Lego City,Toy,Toy,128.54,116,12,UE,CB2,The CB2 Lego City by CB2 combines quality and innovation.
Pyue-5608,HarperCollins Ashley Dining Table,Furniture,Furniture,155.05,74,1,IT,HarperCollins,The HarperCollins Ashley Dining Table by HarperCollins combines quality and innovation.
PIIN-0539,Apple Desk Lamp,Furniture,Furniture,315.55,68,11,UE,Apple,The Apple Desk Lamp by Apple combines quality and innovation.
PIup-7625,Lego Lego City,Toy,Toy,426.44,10,5,IT,Lego,The Lego Lego City by Lego combines quality and innovation.
WNhP-8167,Simon & Schuster 1984,Books,Books,321.67,161,3,UE,Simon & Schuster,The Simon & Schuster 1984 by Simon & Schuster combines quality and innovation.
sRoF-2888,Apple Lego City,Toy,Toy,539.76,8,6,UE,Apple,The Apple Lego City by Apple combines quality and innovation.
BwHT-6698,Levi's Desk Lamp,Furniture,Furniture,576.45,195,10,IT,Levi's,The Levi's Desk Lamp by Levi's combines quality and innovation.
svmE-6943,Anker NERF Blaster,Toy,Toy,139.7,11,10,UE,Anker,The Anker NERF Blaster by Anker combines quality and innovation.
AeGW-1728,Wayfair Nike Hoodie,Clothing,Clothing,474.89,87,5,UE,Wayfair,The Wayfair Nike Hoodie by Wayfair combines quality and innovation.
seiv-8216,Playmobil To Kill a Mockingbird,Books,Books,394.29,24,13,IT,Playmobil,The Playmobil To Kill a Mockingbird by Playmobil combines quality and innovation.
rEME-1598,Amazon IKEA MALM Bed,Furniture,Furniture,838.05,80,9,UE,Amazon,The Amazon IKEA MALM Bed by Amazon combines quality and innovation.
KGOB-7440,Pottery Barn Bookshelf Unit,Furniture,Furniture,723.89,192,12,IT,Pottery Barn,The Pottery Barn Bookshelf Unit by Pottery Barn combines quality and innovation.
TaJV-3853,Playmobil Hot Wheels,Toy,Toy,219.88,163,14,UE,Playmobil,The Playmobil Hot Wheels by Playmobil combines quality and innovation.
LFtw-2157,Sony Desk Lamp,Furniture,Furniture,49.1,156,1,IT,Sony,The Sony Desk Lamp by Sony combines quality and innovation.
Mjad-9077,Bose Galaxy S22,Smartphone,Smartphone,672.92,158,8,UE,Bose,The Bose Galaxy S22 by Bose combines quality and innovation.
varl-0842,Mattel Lego City,Toy,Toy,816.26,92,10,UE,Mattel,The Mattel Lego City by Mattel combines quality and innovation.
vEfn-8206,Random House Galaxy S22,Smartphone,Smartphone,788.69,130,4,UE,Random House,The Random House Galaxy S22 by Random House combines quality and innovation.
HqMA-1889,HarperCollins iPhone 14,Smartphone,Smartphone,525.74,2,3,UE,HarperCollins,The HarperCollins iPhone 14 by HarperCollins combines quality and innovation.
OiMj-3375,Random House Dune,Books,Books,922.97,80,1,IT,Random House,The Random House Dune by Random House combines quality and innovation.
PkOA-0525,Logitech To Kill a Mockingbird,Books,Books,357.69,65,9,IT,Logitech,The Logitech To Kill a Mockingbird by Logitech combines quality and innovation.
sdeS-2440,West Elm Xiaomi Redmi,Smartphone,Smartphone,66.16,150,2,UE,West Elm,The West Elm Xiaomi Redmi by West Elm combines quality and innovation.
CZTJ-8913,Fisher-Price IKEA MALM Bed,Furniture,Furniture,211.55,101,9,IT,Fisher-Price,The Fisher-Price IKEA MALM Bed by Fisher-Price combines quality and innovation.
Fihi-1617,HarperCollins IKEA MALM Bed,Furniture,Furniture,788.97,115,1,UE,HarperCollins,The HarperCollins IKEA MALM Bed by HarperCollins combines quality and innovation.
GYOk-7256,Penguin H&M Jacket,Clothing,Clothing,887.82,70,5,IT,Penguin,The Penguin H&M Jacket by Penguin combines quality and innovation.
feZN-1393,Random House H&M Jacket,Clothing,Clothing,315.5,66,1,IT,Random House,The Random House H&M Jacket by Random House combines quality and innovation.
dIfk-4528,Wayfair Bookshelf Unit,Furniture,Furniture,302.8,66,11,IT,Wayfair,The Wayfair Bookshelf Unit by Wayfair combines quality and innovation.
NUwN-4575,Levi's Playmobil Castle,Toy,Toy,791.85,58,10,UE,Levi's,The Levi's Playmobil Castle by Levi's combines quality and innovation.
pMqD-0806,IKEA Atomic Habits,Books,Books,418.38,89,4,UE,IKEA,The IKEA Atomic Habits by IKEA combines quality and innovation.
blDZ-0619,Logitech Galaxy S22,Smartphone,Smartphone,645.27,147,8,IT,Logitech,The Logitech Galaxy S22 by Logitech combines quality and innovation.
vlLP-1499,H&M IKEA MALM Bed,Furniture,Furniture,931.83,63,5,UE,H&M,The H&M IKEA MALM Bed by H&M combines quality and innovation.
PTAP-7104,Anker Hot Wheels,Toy,Toy,163.38,98,4,IT,Anker,The Anker Hot Wheels by Anker combines quality and innovation.
bfEr-5582,Lego Atomic Habits,Books,Books,411.49,156,6,IT,Lego,The Lego Atomic Habits by Lego combines quality and innovation.
FdpX-9547,Playmobil Dune,Books,Books,449.43,110,11,IT,Playmobil,The Playmobil Dune by Playmobil combines quality and innovation.
uLph-7476,H&M Pixel 7,Smartphone,Smartphone,104.47,120,9,IT,H&M,The H&M Pixel 7 by H&M combines quality and innovation.
lYPf-7860,Penguin Ashley Dining Table,Furniture,Furniture,43.95,130,8,IT,Penguin,The Penguin Ashley Dining Table by Penguin combines quality and innovation.
YBsB-5127,Nike Wayfair Sofa,Furniture,Furniture,382.15,16,7,UE,Nike,The Nike Wayfair Sofa by Nike combines quality and innovation.
DahF-3294,IKEA Dune,Books,Books,715.59,28,4,IT,IKEA,The IKEA Dune by IKEA combines quality and innovation.
CWdW-1420,Zara Desk Lamp,Furniture,Furniture,74.19,173,11,IT,Zara,The Zara Desk Lamp by Zara combines quality and innovation.
dxhK-1740,IKEA Wayfair Sofa,Furniture,Furniture,389.46,141,8,IT,IKEA,The IKEA Wayfair Sofa by IKEA combines quality and innovation.
lstj-0222,H&M Desk Lamp,Furniture,Furniture,144.52,149,5,IT,H&M,The H&M Desk Lamp by H&M combines quality and innovation.
vhxy-2264,Bloomsbury Atomic Habits,Books,Books,519.28,139,9,UE,Bloomsbury,The Bloomsbury Atomic Habits by Bloomsbury combines quality and innovation.
jgqm-2331,Lego 1984,Books,Books,632.9,59,12,IT,Lego,The Lego 1984 by Lego combines quality and innovation.
CMzW-2168,Adidas Desk Lamp,Furniture,Furniture,524.15,158,4,IT,Adidas,The Adidas Desk Lamp by Adidas combines quality and innovation.
VNud-2575,Pottery Barn Ashley Dining Table,Furniture,Furniture,373.07,114,7,UE,Pottery Barn,The Pottery Barn Ashley Dining Table by Pottery Barn combines quality and innovation.
ElTI-7616,Lego NERF Blaster,Toy,Toy,560.34,172,5,IT,Lego,The Lego NERF Blaster by Lego combines quality and innovation.
wwPC-5658,Sony Pixel 7,Smartphone,Smartphone,450.88,128,10,UE,Sony,The Sony Pixel 7 by Sony combines quality and innovation.
mIFw-5883,H&M Barbie Dreamhouse,Toy,Toy,409.36,91,6,UE,H&M,The H&M Barbie Dreamhouse by H&M combines quality and innovation.
fswB-2556,Random House The Silent Patient,Books,Books,557.3,182,11,UE,Random House,The Random House The Silent Patient by Random House combines quality and innovation.
kBJf-8256,Levi's 1984,Books,Books,426.47,135,14,UE,Levi's,The Levi's 1984 by Levi's combines quality and innovation.
luLp-3826,IKEA Hot Wheels,Toy,Toy,378.44,112,10,UE,IKEA,The IKEA Hot Wheels by IKEA combines quality and innovation.
WRPZ-5388,Anker OnePlus Nord,Smartphone,Smartphone,777.36,187,3,IT,Anker,The Anker OnePlus Nord by Anker combines quality and innovation.
EgFi-2217,Zara OnePlus Nord,Smartphone,Smartphone,281.82,100,8,UE,Zara,The Zara OnePlus Nord by Zara combines quality and innovation.
CVDs-8465,IKEA Levi's Jeans,Clothing,Clothing,855.84,68,7,IT,IKEA,The IKEA Levi's Jeans by IKEA combines quality and innovation.
BxIG-4843,Playmobil iPhone 14,Smartphone,Smartphone,176.55,41,9,UE,Playmobil,The Playmobil iPhone 14 by Playmobil combines quality and innovation.
dnRt-2598,Penguin Galaxy S22,Smartphone,Smartphone,486.51,26,7,IT,Penguin,The Penguin Galaxy S22 by Penguin combines quality and innovation.
zewy-9604,Apple Desk Lamp,Furniture,Furniture,346.32,128,12,IT,Apple,The Apple Desk Lamp by Apple combines quality and innovation.
UjLe-8306,Zara Xiaomi Redmi,Smartphone,Smartphone,910.37,176,13,UE,Zara,The Zara Xiaomi Redmi by Zara combines quality and innovation.
WsWD-3990,Playmobil OnePlus Nord,Smartphone,Smartphone,872.96,157,12,UE,Playmobil,The Playmobil OnePlus Nord by Playmobil combines quality and innovation.
TtfS-7103,Apple Xiaomi Redmi,Smartphone,Smartphone,434.77,135,6,UE,Apple,The Apple Xiaomi Redmi by Apple combines quality and innovation.
LCNg-4534,Sony Desk Lamp,Furniture,Furniture,427.12,10,9,IT,Sony,The Sony Desk Lamp by Sony combines quality and innovation.
yuvp-7593,Zara Nike Hoodie,Clothing,Clothing,93.57,41,12,IT,Zara,The Zara Nike Hoodie by Zara combines quality and innovation.
Ignu-6963,Penguin Barbie Dreamhouse,Toy,Toy,877.31,56,14,UE,Penguin,The Penguin Barbie Dreamhouse by Penguin combines quality and innovation.
QGes-7749,Bloomsbury H&M Jacket,Clothing,Clothing,996.03,73,4,UE,Bloomsbury,The Bloomsbury H&M Jacket by Bloomsbury combines quality and innovation.
uoFS-5242,Pottery Barn Nike Hoodie,Clothing,Clothing,829.96,102,10,IT,Pottery Barn,The Pottery Barn Nike Hoodie by Pottery Barn combines quality and innovation.
Wpfo-7842,Adidas Ashley Dining Table,Furniture,Furniture,954.54,114,3,IT,Adidas,The Adidas Ashley Dining Table by Adidas combines quality and innovation.
GLFK-7723,IKEA Hot Wheels,Toy,Toy,532.27,152,6,IT,IKEA,The IKEA Hot Wheels by IKEA combines quality and innovation.
ErYN-1031,Anker Levi's Jeans,Clothing,Clothing,546.25,106,14,IT,Anker,The Anker Levi's Jeans by Anker combines quality and innovation.
ndLu-5397,IKEA 1984,Books,Books,493.67,116,10,IT,IKEA,The IKEA 1984 by IKEA combines quality and innovation.
vbzT-2867,Penguin Lego City,Toy,Toy,385.95,25,3,IT,Penguin,The Penguin Lego City by Penguin combines quality and innovation.
hlWY-8590,Adidas Xiaomi Redmi,Smartphone,Smartphone,929.39,127,2,IT,Adidas,The Adidas Xiaomi Redmi by Adidas combines quality and innovation.
HRhh-1127,Adidas Xiaomi Redmi,Smartphone,Smartphone,776.05,137,3,IT,Adidas,The Adidas Xiaomi Redmi by Adidas combines quality and innovation.
prmn-3860,Wayfair H&M Jacket,Clothing,Clothing,452.78,192,11,UE,Wayfair,The Wayfair H&M Jacket by Wayfair combines quality and innovation.
HChj-6679,Puma Atomic Habits,Books,Books,558.86,26,9,IT,Puma,The Puma Atomic Habits by Puma combines quality and innovation.
fGLP-7349,Puma Bookshelf Unit,Furniture,Furniture,349.35,121,12,UE,Puma,The Puma Bookshelf Unit by Puma combines quality and innovation.
hPVr-1263,IKEA Wayfair Sofa,Furniture,Furniture,857.72,30,3,IT,IKEA,The IKEA Wayfair Sofa by IKEA combines quality and innovation.
FnLS-8694,IKEA OnePlus Nord,Smartphone,Smartphone,573.35,80,4,UE,IKEA,The IKEA OnePlus Nord by IKEA combines quality and innovation.
EFRR-5527,Playmobil Atomic Habits,Books,Books,127.79,154,3,UE,Playmobil,The Playmobil Atomic Habits by Playmobil combines quality and innovation.
nPaM-4384,Nike IKEA MALM Bed,Furniture,Furniture,78.27,111,1,UE,Nike,The Nike IKEA MALM Bed by Nike combines quality and innovation.
oyCf-8703,Simon & Schuster Levi's Jeans,Clothing,Clothing,376.08,12,7,IT,Simon & Schuster,The Simon & Schuster Levi's Jeans by Simon & Schuster combines quality and innovation.
hgxf-1000,Amazon Dune,Books,Books,318.54,159,1,UE,Amazon,The Amazon Dune by Amazon combines quality and innovation.
HVnA-9370,Amazon Nike Hoodie,Clothing,Clothing,416.95,109,3,UE,Amazon,The Amazon Nike Hoodie by Amazon combines quality and innovation.
trMs-4362,Puma Desk Lamp,Furniture,Furniture,809.22,19,12,IT,Puma,The Puma Desk Lamp by Puma combines quality and innovation.
hNDC-0595,H&M Hot Wheels,Toy,Toy,419.09,88,12,UE,H&M,The H&M Hot Wheels by H&M combines quality and innovation.
YFXN-1971,IKEA Zara T-Shirt,Clothing,Clothing,165.62,134,10,UE,IKEA,The IKEA Zara T-Shirt by IKEA combines quality and innovation.
Zdcc-0533,Penguin Nike Hoodie,Clothing,Clothing,155.25,35,13,IT,Penguin,The Penguin Nike Hoodie by Penguin combines quality and innovation.
jRsH-1404,Sony Barbie Dreamhouse,Toy,Toy,837.95,22,3,UE,Sony,The Sony Barbie Dreamhouse by Sony combines quality and innovation.
bLpK-0435,Bloomsbury Adidas Tracksuit,Clothing,Clothing,761.07,74,12,UE,Bloomsbury,The Bloomsbury Adidas Tracksuit by Bloomsbury combines quality and innovation.
hlkX-5821,Lego NERF Blaster,Toy,Toy,192.84,121,9,IT,Lego,The Lego NERF Blaster by Lego combines quality and innovation.
vLSq-2084,Playmobil Hot Wheels,Toy,Toy,306.78,96,14,UE,Playmobil,The Playmobil Hot Wheels by Playmobil combines quality and innovation.
uxmC-8150,Adidas Nike Hoodie,Clothing,Clothing,177.49,34,1,IT,Adidas,The Adidas Nike Hoodie by Adidas combines quality and innovation.
RFVg-4751,H&M iPhone 14,Smartphone,Smartphone,20.49,155,9,IT,H&M,The H&M iPhone 14 by H&M combines quality and innovation.
esRv-2779,Anker Adidas Tracksuit,Clothing,Clothing,590.98,94,7,IT,Anker,The Anker Adidas Tracksuit by Anker combines quality and innovation.
lghM-1137,Amazon OnePlus Nord,Smartphone,Smartphone,712.56,169,14,IT,Amazon,The Amazon OnePlus Nord by Amazon combines quality and innovation.
YuhG-4138,Puma Levi's Jeans,Clothing,Clothing,393.18,130,13,IT,Puma,The Puma Levi's Jeans by Puma combines quality and innovation.
bqom-3364,HarperCollins Ashley Dining Table,Furniture,Furniture,573.68,186,10,IT,HarperCollins,The HarperCollins Ashley Dining Table by HarperCollins combines quality and innovation.
oMAi-5915,H&M To Kill a Mockingbird,Books,Books,351.7,18,5,IT,H&M,The H&M To Kill a Mockingbird by H&M combines quality and innovation.
GEDx-6996,Mattel Wayfair Sofa,Furniture,Furniture,579.45,57,11,IT,Mattel,The Mattel Wayfair Sofa by Mattel combines quality and innovation.
BtRF-4070,Amazon Playmobil Castle,Toy,Toy,827.3,15,8,UE,Amazon,The Amazon Playmobil Castle by Amazon combines quality and innovation.
waSe-4841,Nike iPhone 14,Smartphone,Smartphone,674.34,142,7,UE,Nike,The Nike iPhone 14 by Nike combines quality and innovation.
IYWQ-0950,Adidas Nike Hoodie,Clothing,Clothing,882.0,21,12,IT,Adidas,The Adidas Nike Hoodie by Adidas combines quality and innovation.
UKsq-6984,Fisher-Price Wayfair Sofa,Furniture,Furniture,997.08,21,7,IT,Fisher-Price,The Fisher-Price Wayfair Sofa by Fisher-Price combines quality and innovation.
BApN-6435,Fisher-Price H&M Jacket,Clothing,Clothing,733.14,139,6,UE,Fisher-Price,The Fisher-Price H&M Jacket by Fisher-Price combines quality and innovation.
PjWg-2583,HarperCollins Lego City,Toy,Toy,494.73,124,5,IT,HarperCollins,The HarperCollins Lego City by HarperCollins combines quality and innovation.
cFyl-9511,IKEA Levi's Jeans,Clothing,Clothing,881.29,77,7,UE,IKEA,The IKEA Levi's Jeans by IKEA combines quality and innovation.
spPu-4090,Pottery Barn Levi's Jeans,Clothing,Clothing,79.1,64,4,UE,Pottery Barn,The Pottery Barn Levi's Jeans by Pottery Barn combines quality and innovation.
iGEa-7767,Adidas IKEA MALM Bed,Furniture,Furniture,490.56,106,3,UE,Adidas,The Adidas IKEA MALM Bed by Adidas combines quality and innovation.
yvKU-2755,Adidas Dune,Books,Books,707.35,166,3,IT,Adidas,The Adidas Dune by Adidas combines quality and innovation.
GhJw-0543,CB2 IKEA MALM Bed,Furniture,Furniture,725.07,87,4,IT,CB2,The CB2 IKEA MALM Bed by CB2 combines quality and innovation.
msfr-3956,Fisher-Price iPhone 14,Smartphone,Smartphone,551.55,137,2,UE,Fisher-Price,The Fisher-Price iPhone 14 by Fisher-Price combines quality and innovation.
yWFl-8553,Pottery Barn Zara T-Shirt,Clothing,Clothing,843.42,111,1,IT,Pottery Barn,The Pottery Barn Zara T-Shirt by Pottery Barn combines quality and innovation.
OdUQ-2299,Zara Wayfair Sofa,Furniture,Furniture,611.41,13,3,IT,Zara,The Zara Wayfair Sofa by Zara combines quality and innovation.
Lvua-3511,Pottery Barn Barbie Dreamhouse,Toy,Toy,726.52,138,6,UE,Pottery Barn,The Pottery Barn Barbie Dreamhouse by Pottery Barn combines quality and innovation.
IgOd-0758,Levi's iPhone 14,Smartphone,Smartphone,996.78,173,11,UE,Levi's,The Levi's iPhone 14 by Levi's combines quality and innovation.
FuiK-4728,Logitech To Kill a Mockingbird,Books,Books,749.77,186,9,UE,Logitech,The Logitech To Kill a Mockingbird by Logitech combines quality and innovation.
EzeR-7612,Random House Zara T-Shirt,Clothing,Clothing,840.17,165,10,IT,Random House,The Random House Zara T-Shirt by Random House combines quality and innovation.
CPnv-7444,Wayfair Wayfair Sofa,Furniture,Furniture,443.36,183,1,UE,Wayfair,The Wayfair Wayfair Sofa by Wayfair combines quality and innovation.
kBPl-1982,HarperCollins Desk Lamp,Furniture,Furniture,263.3,188,8,UE,HarperCollins,The HarperCollins Desk Lamp by HarperCollins combines quality and innovation.
knqU-9807,Apple IKEA MALM Bed,Furniture,Furniture,832.07,174,8,UE,Apple,The Apple IKEA MALM Bed by Apple combines quality and innovation.
mxEo-0635,IKEA 1984,Books,Books,816.58,67,5,IT,IKEA,The IKEA 1984 by IKEA combines quality and innovation.
SKDE-1184,Lego Bookshelf Unit,Furniture,Furniture,770.77,117,14,IT,Lego,The Lego Bookshelf Unit by Lego combines quality and innovation.
RWBW-3780,HarperCollins H&M Jacket,Clothing,Clothing,842.39,17,11,IT,HarperCollins,The HarperCollins H&M Jacket by HarperCollins combines quality and innovation.
NqeV-7630,HarperCollins Ashley Dining Table,Furniture,Furniture,700.23,31,7,UE,HarperCollins,The HarperCollins Ashley Dining Table by HarperCollins combines quality and innovation.
nOKy-3158,Logitech Adidas Tracksuit,Clothing,Clothing,811.45,89,5,UE,Logitech,The Logitech Adidas Tracksuit by Logitech combines quality and innovation.
oHYo-3565,Pottery Barn Lego City,Toy,Toy,700.78,66,8,IT,Pottery Barn,The Pottery Barn Lego City by Pottery Barn combines quality and innovation.
dTgB-4984,Simon & Schuster Wayfair Sofa,Furniture,Furniture,586.02,51,3,UE,Simon & Schuster,The Simon & Schuster Wayfair Sofa by Simon & Schuster combines quality and innovation.
bUqt-1063,Wayfair Hot Wheels,Toy,Toy,190.53,126,2,UE,Wayfair,The Wayfair Hot Wheels by Wayfair combines quality and innovation.
ZijH-3119,Adidas Adidas Tracksuit,Clothing,Clothing,904.33,0,7,IT,Adidas,The Adidas Adidas Tracksuit by Adidas combines quality and innovation.
pPQg-0161,IKEA Playmobil Castle,Toy,Toy,482.27,52,1,UE,IKEA,The IKEA Playmobil Castle by IKEA combines quality and innovation.
zWWW-9241,HarperCollins To Kill a Mockingbird,Books,Books,107.06,195,8,UE,HarperCollins,The HarperCollins To Kill a Mockingbird by HarperCollins combines quality and innovation.
Mkuy-7415,Lego OnePlus Nord,Smartphone,Smartphone,566.92,93,7,UE,Lego,The Lego OnePlus Nord by Lego combines quality and innovation.
bdLe-7309,West Elm Pixel 7,Smartphone,Smartphone,609.87,196,3,UE,West Elm,The West Elm Pixel 7 by West Elm combines quality and innovation.
xBRU-7869,Bose Galaxy S22,Smartphone,Smartphone,608.27,16,3,IT,Bose,The Bose Galaxy S22 by Bose combines quality and innovation.
Zvak-1351,Logitech Desk Lamp,Furniture,Furniture,815.84,194,10,UE,Logitech,The Logitech Desk Lamp by Logitech combines quality and innovation.
HtNc-0252,West Elm Wayfair Sofa,Furniture,Furniture,159.69,110,13,UE,West Elm,The West Elm Wayfair Sofa by West Elm combines quality and innovation.
faMB-1539,Adidas Nike Hoodie,Clothing,Clothing,120.67,150,9,IT,Adidas,The Adidas Nike Hoodie by Adidas combines quality and innovation.
gTbk-4473,West Elm Atomic Habits,Books,Books,659.13,105,4,IT,West Elm,The West Elm Atomic Habits by West Elm combines quality and innovation.
eofO-3414,Wayfair Barbie Dreamhouse,Toy,Toy,738.95,160,8,UE,Wayfair,The Wayfair Barbie Dreamhouse by Wayfair combines quality and innovation.
ZgmX-4652,Random House iPhone 14,Smartphone,Smartphone,676.89,133,14,IT,Random House,The Random House iPhone 14 by Random House combines quality and innovation.
alGP-9243,Nike OnePlus Nord,Smartphone,Smartphone,87.77,26,4,IT,Nike,The Nike OnePlus Nord by Nike combines quality and innovation.
nHJw-9106,Bose Lego City,Toy,Toy,239.18,91,2,UE,Bose,The Bose Lego City by Bose combines quality and innovation.
tYXn-5748,Apple Adidas Tracksuit,Clothing,Clothing,429.46,138,1,UE,Apple,The Apple Adidas Tracksuit by Apple combines quality and innovation.
zyuB-6347,HarperCollins Levi's Jeans,Clothing,Clothing,461.95,180,8,UE,HarperCollins,The HarperCollins Levi's Jeans by HarperCollins combines quality and innovation.
XnYJ-3837,Lego Pixel 7,Smartphone,Smartphone,22.51,174,5,UE,Lego,The Lego Pixel 7 by Lego combines quality and innovation.
sOkf-2735,Apple Levi's Jeans,Clothing,Clothing,846.72,130,12,IT,Apple,The Apple Levi's Jeans by Apple combines quality and innovation.
qNdX-4043,Simon & Schuster Atomic Habits,Books,Books,652.69,75,6,UE,Simon & Schuster,The Simon & Schuster Atomic Habits by Simon & Schuster combines quality and innovation.
Hwkt-4882,Nike Levi's Jeans,Clothing,Clothing,958.91,113,1,IT,Nike,The Nike Levi's Jeans by Nike combines quality and innovation.
OSnJ-7663,Penguin Nike Hoodie,Clothing,Clothing,571.56,73,8,IT,Penguin,The Penguin Nike Hoodie by Penguin combines quality and innovation.
BaDm-0668,Anker To Kill a Mockingbird,Books,Books,299.68,86,10,IT,Anker,The Anker To Kill a Mockingbird by Anker combines quality and innovation.
fHUP-8178,Sony 1984,Books,Books,411.19,15,11,UE,Sony,The Sony 1984 by Sony combines quality and innovation.
xlcO-9441,Mattel Bookshelf Unit,Furniture,Furniture,185.09,81,3,IT,Mattel,The Mattel Bookshelf Unit by Mattel combines quality and innovation.
liqJ-4463,Nike Lego City,Toy,Toy,421.5,173,4,UE,Nike,The Nike Lego City by Nike combines quality and innovation.
yvss-1202,HarperCollins Playmobil Castle,Toy,Toy,558.05,10,2,UE,HarperCollins,The HarperCollins Playmobil Castle by HarperCollins combines quality and innovation.
rvBS-3923,Mattel Wayfair Sofa,Furniture,Furniture,24.95,139,3,IT,Mattel,The Mattel Wayfair Sofa by Mattel combines quality and innovation.
pyFu-0636,Amazon Wayfair Sofa,Furniture,Furniture,85.61,25,12,UE,Amazon,The Amazon Wayfair Sofa by Amazon combines quality and innovation.
eiMI-7989,Wayfair Atomic Habits,Books,Books,320.81,197,9,IT,Wayfair,The Wayfair Atomic Habits by Wayfair combines quality and innovation.
swXy-8745,Wayfair IKEA MALM Bed,Furniture,Furniture,13.27,103,13,IT,Wayfair,The Wayfair IKEA MALM Bed by Wayfair combines quality and innovation.
AhKY-7845,H&M Wayfair Sofa,Furniture,Furniture,178.47,187,7,UE,H&M,The H&M Wayfair Sofa by H&M combines quality and innovation.
yObe-9903,Anker Wayfair Sofa,Furniture,Furniture,708.53,137,9,IT,Anker,The Anker Wayfair Sofa by Anker combines quality and innovation.
aerH-6859,Adidas NERF Blaster,Toy,Toy,974.64,164,3,UE,Adidas,The Adidas NERF Blaster by Adidas combines quality and innovation.
Hupt-5926,Logitech Ashley Dining Table,Furniture,Furniture,146.05,42,14,IT,Logitech,The Logitech Ashley Dining Table by Logitech combines quality and innovation.
bhWg-7723,Bloomsbury Hot Wheels,Toy,Toy,488.34,158,2,UE,Bloomsbury,The Bloomsbury Hot Wheels by Bloomsbury combines quality and innovation.
FALQ-6912,Anker Xiaomi Redmi,Smartphone,Smartphone,894.96,198,10,IT,Anker,The Anker Xiaomi Redmi by Anker combines quality and innovation.
WTMv-2068,Bloomsbury Barbie Dreamhouse,Toy,Toy,991.78,181,3,UE,Bloomsbury,The Bloomsbury Barbie Dreamhouse by Bloomsbury combines quality and innovation.
RLyx-8374,Bloomsbury Desk Lamp,Furniture,Furniture,672.4,70,1,IT,Bloomsbury,The Bloomsbury Desk Lamp by Bloomsbury combines quality and innovation.
pDEi-8512,Apple Desk Lamp,Furniture,Furniture,919.32,29,13,UE,Apple,The Apple Desk Lamp by Apple combines quality and innovation.
rCAQ-9028,Apple Pixel 7,Smartphone,Smartphone,490.71,174,6,UE,Apple,The Apple Pixel 7 by Apple combines quality and innovation.
lfqt-7468,Mattel Levi's Jeans,Clothing,Clothing,583.46,128,5,UE,Mattel,The Mattel Levi's Jeans by Mattel combines quality and innovation.
rqwn-1189,HarperCollins To Kill a Mockingbird,Books,Books,260.46,33,3,IT,HarperCollins,The HarperCollins To Kill a Mockingbird by HarperCollins combines quality and innovation.
qhdb-6779,Bose The Silent Patient,Books,Books,765.81,28,4,UE,Bose,The Bose The Silent Patient by Bose combines quality and innovation.
fyXl-4622,Wayfair Levi's Jeans,Clothing,Clothing,401.13,57,5,IT,Wayfair,The Wayfair Levi's Jeans by Wayfair combines quality and innovation.
SDIB-4117,Zara Levi's Jeans,Clothing,Clothing,740.78,96,3,UE,Zara,The Zara Levi's Jeans by Zara combines quality and innovation.
vYOe-5089,Simon & Schuster Xiaomi Redmi,Smartphone,Smartphone,967.98,178,5,IT,Simon & Schuster,The Simon & Schuster Xiaomi Redmi by Simon & Schuster combines quality and innovation.
rmtH-5381,Sony Desk Lamp,Furniture,Furniture,932.96,99,12,UE,Sony,The Sony Desk Lamp by Sony combines quality and innovation.
LeWl-2935,Amazon Hot Wheels,Toy,Toy,255.08,5,6,UE,Amazon,The Amazon Hot Wheels by Amazon combines quality and innovation.
OGTv-8021,Penguin iPhone 14,Smartphone,Smartphone,479.43,194,7,UE,Penguin,The Penguin iPhone 14 by Penguin combines quality and innovation.
FjHR-0445,Random House IKEA MALM Bed,Furniture,Furniture,719.07,175,4,UE,Random House,The Random House IKEA MALM Bed by Random House combines quality and innovation.
IEjX-1575,CB2 Galaxy S22,Smartphone,Smartphone,81.58,170,3,IT,CB2,The CB2 Galaxy S22 by CB2 combines quality and innovation.
tfkn-3442,Fisher-Price The Silent Patient,Books,Books,43.57,163,7,IT,Fisher-Price,The Fisher-Price The Silent Patient by Fisher-Price combines quality and innovation.
HWtD-1332,Penguin Barbie Dreamhouse,Toy,Toy,325.28,8,1,UE,Penguin,The Penguin Barbie Dreamhouse by Penguin combines quality and innovation.
gnTA-3170,Lego Dune,Books,Books,463.96,137,11,IT,Lego,The Lego Dune by Lego combines quality and innovation.
mokf-7966,Puma Playmobil Castle,Toy,Toy,173.15,57,13,UE,Puma,The Puma Playmobil Castle by Puma combines quality and innovation.
ibXD-4197,Lego iPhone 14,Smartphone,Smartphone,397.9,72,5,UE,Lego,The Lego iPhone 14 by Lego combines quality and innovation.
TDUl-8904,Nike Nike Hoodie,Clothing,Clothing,567.14,131,14,IT,Nike,The Nike Nike Hoodie by Nike combines quality and innovation.
UGdp-9873,Bose Barbie Dreamhouse,Toy,Toy,50.65,181,6,IT,Bose,The Bose Barbie Dreamhouse by Bose combines quality and innovation.
iVEX-8560,Penguin Atomic Habits,Books,Books,870.73,15,7,IT,Penguin,The Penguin Atomic Habits by Penguin combines quality and innovation.
jbuS-2236,West Elm Zara T-Shirt,Clothing,Clothing,443.06,173,5,IT,West Elm,The West Elm Zara T-Shirt by West Elm combines quality and innovation.
vAta-7340,HarperCollins iPhone 14,Smartphone,Smartphone,943.57,153,4,UE,HarperCollins,The HarperCollins iPhone 14 by HarperCollins combines quality and innovation.
ggzi-8676,Penguin The Silent Patient,Books,Books,980.06,94,12,IT,Penguin,The Penguin The Silent Patient by Penguin combines quality and innovation.
Abyz-8196,H&M Hot Wheels,Toy,Toy,576.36,117,2,UE,H&M,The H&M Hot Wheels by H&M combines quality and innovation.
vJPi-3564,Pottery Barn NERF Blaster,Toy,Toy,954.41,46,7,UE,Pottery Barn,The Pottery Barn NERF Blaster by Pottery Barn combines quality and innovation.
mPvL-4278,Sony iPhone 14,Smartphone,Smartphone,963.65,22,6,IT,Sony,The Sony iPhone 14 by Sony combines quality and innovation.
gdVp-4535,Lego Adidas Tracksuit,Clothing,Clothing,216.16,82,10,UE,Lego,The Lego Adidas Tracksuit by Lego combines quality and innovation.
OLAU-2778,Sony Adidas Tracksuit,Clothing,Clothing,572.36,180,5,UE,Sony,The Sony Adidas Tracksuit by Sony combines quality and innovation.
ryEG-0007,HarperCollins Pixel 7,Smartphone,Smartphone,526.76,51,13,IT,HarperCollins,The HarperCollins Pixel 7 by HarperCollins combines quality and innovation.
uTQV-5825,H&M Adidas Tracksuit,Clothing,Clothing,574.85,86,12,IT,H&M,The H&M Adidas Tracksuit by H&M combines quality and innovation.
taAf-1799,Puma Galaxy S22,Smartphone,Smartphone,775.14,142,2,IT,Puma,The Puma Galaxy S22 by Puma combines quality and innovation.
ccjN-1610,Bloomsbury Nike Hoodie,Clothing,Clothing,650.09,179,1,UE,Bloomsbury,The Bloomsbury Nike Hoodie by Bloomsbury combines quality and innovation.
EOpH-2107,Puma Levi's Jeans,Clothing,Clothing,852.39,182,1,IT,Puma,The Puma Levi's Jeans by Puma combines quality and innovation.
pJSI-4547,HarperCollins iPhone 14,Smartphone,Smartphone,921.04,28,2,IT,HarperCollins,The HarperCollins iPhone 14 by HarperCollins combines quality and innovation.
EVTE-0255,Lego Wayfair Sofa,Furniture,Furniture,61.84,94,13,UE,Lego,The Lego Wayfair Sofa by Lego combines quality and innovation.
SWRz-8384,Logitech The Silent Patient,Books,Books,606.65,165,12,UE,Logitech,The Logitech The Silent Patient by Logitech combines quality and innovation.
Rmbx-8075,Pottery Barn Lego City,Toy,Toy,916.67,170,1,IT,Pottery Barn,The Pottery Barn Lego City by Pottery Barn combines quality and innovation.
MJCm-6369,Lego Zara T-Shirt,Clothing,Clothing,579.42,122,10,UE,Lego,The Lego Zara T-Shirt by Lego combines quality and innovation.
vYYD-4683,Random House NERF Blaster,Toy,Toy,445.15,30,14,IT,Random House,The Random House NERF Blaster by Random House combines quality and innovation.
sbdO-6180,Bose Adidas Tracksuit,Clothing,Clothing,977.7,146,7,UE,Bose,The Bose Adidas Tracksuit by Bose combines quality and innovation.
BCog-2287,IKEA The Silent Patient,Books,Books,312.84,156,4,IT,IKEA,The IKEA The Silent Patient by IKEA combines quality and innovation.
hgHB-6528,Bose Wayfair Sofa,Furniture,Furniture,606.93,39,13,UE,Bose,The Bose Wayfair Sofa by Bose combines quality and innovation.
IcSP-7238,Lego NERF Blaster,Toy,Toy,527.33,42,5,UE,Lego,The Lego NERF Blaster by Lego combines quality and innovation.
dLKq-9707,Apple NERF Blaster,Toy,Toy,206.96,72,10,UE,Apple,The Apple NERF Blaster by Apple combines quality and innovation.
MNuf-8055,Apple Nike Hoodie,Clothing,Clothing,567.39,49,5,UE,Apple,The Apple Nike Hoodie by Apple combines quality and innovation.
LjOq-2874,Pottery Barn iPhone 14,Smartphone,Smartphone,605.68,107,13,IT,Pottery Barn,The Pottery Barn iPhone 14 by Pottery Barn combines quality and innovation.
jxbS-7472,Adidas Dune,Books,Books,119.85,157,14,IT,Adidas,The Adidas Dune by Adidas combines quality and innovation.
jQHP-2153,Fisher-Price The Silent Patient,Books,Books,341.76,32,5,IT,Fisher-Price,The Fisher-Price The Silent Patient by Fisher-Price combines quality and innovation.
jVUB-7672,Penguin H&M Jacket,Clothing,Clothing,742.17,149,7,UE,Penguin,The Penguin H&M Jacket by Penguin combines quality and innovation.
imuu-8328,Random House The Silent Patient,Books,Books,511.12,67,5,UE,Random House,The Random House The Silent Patient by Random House combines quality and innovation.
tHUZ-6000,Sony Zara T-Shirt,Clothing,Clothing,815.97,197,13,IT,Sony,The Sony Zara T-Shirt by Sony combines quality and innovation.
iGlR-5535,Anker OnePlus Nord,Smartphone,Smartphone,860.39,179,1,IT,Anker,The Anker OnePlus Nord by Anker combines quality and innovation.
FycG-1958,Nike OnePlus Nord,Smartphone,Smartphone,955.06,37,6,UE,Nike,The Nike OnePlus Nord by Nike combines quality and innovation.
ylvr-0355,Fisher-Price Atomic Habits,Books,Books,783.53,55,11,UE,Fisher-Price,The Fisher-Price Atomic Habits by Fisher-Price combines quality and innovation.
CHEm-0276,Anker iPhone 14,Smartphone,Smartphone,871.58,68,2,UE,Anker,The Anker iPhone 14 by Anker combines quality and innovation.
uqHp-7640,Lego 1984,Books,Books,55.77,105,9,UE,Lego,The Lego 1984 by Lego combines quality and innovation.
qwfF-5160,Simon & Schuster Playmobil Castle,Toy,Toy,845.71,182,5,UE,Simon & Schuster,The Simon & Schuster Playmobil Castle by Simon & Schuster combines quality and innovation.
gJJh-7895,Sony Dune,Books,Books,130.98,86,12,IT,Sony,The Sony Dune by Sony combines quality and innovation.
zOcx-0659,Anker IKEA MALM Bed,Furniture,Furniture,764.76,23,9,IT,Anker,The Anker IKEA MALM Bed by Anker combines quality and innovation.
yFxA-4925,Mattel Desk Lamp,Furniture,Furniture,907.02,142,6,UE,Mattel,The Mattel Desk Lamp by Mattel combines quality and innovation.
nwBf-0016,Levi's To Kill a Mockingbird,Books,Books,616.08,34,10,UE,Levi's,The Levi's To Kill a Mockingbird by Levi's combines quality and innovation.
oEZi-8865,Levi's Atomic Habits,Books,Books,267.24,21,7,IT,Levi's,The Levi's Atomic Habits by Levi's combines quality and innovation.
XTsB-0427,Wayfair Xiaomi Redmi,Smartphone,Smartphone,837.56,131,3,IT,Wayfair,The Wayfair Xiaomi Redmi by Wayfair combines quality and innovation.
Bieg-0478,Logitech Nike Hoodie,Clothing,Clothing,414.78,165,3,UE,Logitech,The Logitech Nike Hoodie by Logitech combines quality and innovation.
tdjg-1368,Bloomsbury The Silent Patient,Books,Books,992.39,79,9,UE,Bloomsbury,The Bloomsbury The Silent Patient by Bloomsbury combines quality and innovation.
sPtq-3791,Random House H&M Jacket,Clothing,Clothing,943.98,134,4,IT,Random House,The Random House H&M Jacket by Random House combines quality and innovation.
gyry-1970,Amazon 1984,Books,Books,143.88,132,4,UE,Amazon,The Amazon 1984 by Amazon combines quality and innovation.
kWha-3789,H&M NERF Blaster,Toy,Toy,238.93,138,14,IT,H&M,The H&M NERF Blaster by H&M combines quality and innovation.
QlAX-0490,Simon & Schuster 1984,Books,Books,267.08,91,8,IT,Simon & Schuster,The Simon & Schuster 1984 by Simon & Schuster combines quality and innovation.
WHsF-4154,Sony Bookshelf Unit,Furniture,Furniture,903.43,177,11,UE,Sony,The Sony Bookshelf Unit by Sony combines quality and innovation.
ZXTO-6003,Wayfair Lego City,Toy,Toy,195.07,38,10,UE,Wayfair,The Wayfair Lego City by Wayfair combines quality and innovation.
gDvY-3864,IKEA IKEA MALM Bed,Furniture,Furniture,425.2,50,2,UE,IKEA,The IKEA IKEA MALM Bed by IKEA combines quality and innovation.
IFsp-8616,Lego Adidas Tracksuit,Clothing,Clothing,475.56,5,13,IT,Lego,The Lego Adidas Tracksuit by Lego combines quality and innovation.
eyRa-2451,Zara Bookshelf Unit,Furniture,Furniture,814.48,164,8,IT,Zara,The Zara Bookshelf Unit by Zara combines quality and innovation.
TAPH-5326,Random House Desk Lamp,Furniture,Furniture,364.01,169,6,UE,Random House,The Random House Desk Lamp by Random House combines quality and innovation.
zXrK-8774,Lego To Kill a Mockingbird,Books,Books,824.08,80,2,UE,Lego,The Lego To Kill a Mockingbird by Lego combines quality and innovation.
EUuw-3970,Logitech Barbie Dreamhouse,Toy,Toy,130.04,14,13,UE,Logitech,The Logitech Barbie Dreamhouse by Logitech combines quality and innovation.
JkYg-1773,Nike Pixel 7,Smartphone,Smartphone,23.69,21,14,UE,Nike,The Nike Pixel 7 by Nike combines quality and innovation.
DRZh-8986,Mattel Desk Lamp,Furniture,Furniture,17.5,92,8,UE,Mattel,The Mattel Desk Lamp by Mattel combines quality and innovation.
mqra-5182,Levi's Xiaomi Redmi,Smartphone,Smartphone,991.0,135,6,IT,Levi's,The Levi's Xiaomi Redmi by Levi's combines quality and innovation.
LNyJ-2286,Bloomsbury IKEA MALM Bed,Furniture,Furniture,791.31,87,9,IT,Bloomsbury,The Bloomsbury IKEA MALM Bed by Bloomsbury combines quality and innovation.
PHSx-8759,Random House Nike Hoodie,Clothing,Clothing,266.15,37,3,UE,Random House,The Random House Nike Hoodie by Random House combines quality and innovation.
wMFI-6155,Random House Dune,Books,Books,245.49,36,9,IT,Random House,The Random House Dune by Random House combines quality and innovation.
qEIu-0795,IKEA Bookshelf Unit,Furniture,Furniture,320.12,189,10,IT,IKEA,The IKEA Bookshelf Unit by IKEA combines quality and innovation.
fIJx-7462,Amazon Desk Lamp,Furniture,Furniture,615.54,26,8,UE,Amazon,The Amazon Desk Lamp by Amazon combines quality and innovation.
Oied-5648,Fisher-Price 1984,Books,Books,828.58,104,9,IT,Fisher-Price,The Fisher-Price 1984 by Fisher-Price combines quality and innovation.
UgAn-1796,CB2 Levi's Jeans,Clothing,Clothing,56.55,41,13,UE,CB2,The CB2 Levi's Jeans by CB2 combines quality and innovation.
oMLU-3618,CB2 Atomic Habits,Books,Books,735.04,42,11,UE,CB2,The CB2 Atomic Habits by CB2 combines quality and innovation.
tBap-9887,Bloomsbury Playmobil Castle,Toy,Toy,680.75,113,3,IT,Bloomsbury,The Bloomsbury Playmobil Castle by Bloomsbury combines quality and innovation.
VWGJ-3193,Bloomsbury iPhone 14,Smartphone,Smartphone,634.91,74,11,IT,Bloomsbury,The Bloomsbury iPhone 14 by Bloomsbury combines quality and innovation.
lZSB-1129,Nike H&M Jacket,Clothing,Clothing,30.66,13,12,UE,Nike,The Nike H&M Jacket by Nike combines quality and innovation.
UUXf-9461,Nike IKEA MALM Bed,Furniture,Furniture,568.32,6,7,IT,Nike,The Nike IKEA MALM Bed by Nike combines quality and innovation.
mghD-2730,Adidas Adidas Tracksuit,Clothing,Clothing,543.52,187,6,UE,Adidas,The Adidas Adidas Tracksuit by Adidas combines quality and innovation.
VTqS-9733,Sony Desk Lamp,Furniture,Furniture,86.9,49,13,IT,Sony,The Sony Desk Lamp by Sony combines quality and innovation.
xBwv-0192,Logitech 1984,Books,Books,349.25,104,4,IT,Logitech,The Logitech 1984 by Logitech combines quality and innovation.
TUrb-5612,Random House Galaxy S22,Smartphone,Smartphone,955.17,8,2,IT,Random House,The Random House Galaxy S22 by Random House combines quality and innovation.
SqIH-2521,Apple Nike Hoodie,Clothing,Clothing,802.9,38,1,UE,Apple,The Apple Nike Hoodie by Apple combines quality and innovation.
koOC-5729,Anker NERF Blaster,Toy,Toy,542.78,104,4,IT,Anker,The Anker NERF Blaster by Anker combines quality and innovation.
GXFq-7428,Logitech iPhone 14,Smartphone,Smartphone,329.53,173,9,IT,Logitech,The Logitech iPhone 14 by Logitech combines quality and innovation.
sShG-7856,Sony 1984,Books,Books,269.19,15,9,IT,Sony,The Sony 1984 by Sony combines quality and innovation.
CVVd-9128,Playmobil 1984,Books,Books,647.53,95,9,UE,Playmobil,The Playmobil 1984 by Playmobil combines quality and innovation.
OWsz-2786,Puma OnePlus Nord,Smartphone,Smartphone,205.89,119,7,IT,Puma,The Puma OnePlus Nord by Puma combines quality and innovation.
mZVC-0658,Nike The Silent Patient,Books,Books,459.17,66,3,UE,Nike,The Nike The Silent Patient by Nike combines quality and innovation.
MnOH-2634,Bloomsbury Dune,Books,Books,196.95,67,8,IT,Bloomsbury,The Bloomsbury Dune by Bloomsbury combines quality and innovation.
cmnq-2172,H&M Dune,Books,Books,20.96,9,1,UE,H&M,The H&M Dune by H&M combines quality and innovation.
dDbN-3068,Random House Bookshelf Unit,Furniture,Furniture,369.09,114,5,IT,Random House,The Random House Bookshelf Unit by Random House combines quality and innovation.
XoiQ-9242,HarperCollins Wayfair Sofa,Furniture,Furniture,975.79,120,13,UE,HarperCollins,The HarperCollins Wayfair Sofa by HarperCollins combines quality and innovation.
tZup-6846,Levi's To Kill a Mockingbird,Books,Books,411.3,71,7,UE,Levi's,The Levi's To Kill a Mockingbird by Levi's combines quality and innovation.
keFs-8298,H&M iPhone 14,Smartphone,Smartphone,301.87,121,7,UE,H&M,The H&M iPhone 14 by H&M combines quality and innovation.
tmJe-0651,Lego Xiaomi Redmi,Smartphone,Smartphone,653.82,181,1,UE,Lego,The Lego Xiaomi Redmi by Lego combines quality and innovation.
oCTe-1349,Fisher-Price Atomic Habits,Books,Books,563.73,173,4,UE,Fisher-Price,The Fisher-Price Atomic Habits by Fisher-Price combines quality and innovation.
DLaX-4524,Logitech Hot Wheels,Toy,Toy,456.14,71,8,UE,Logitech,The Logitech Hot Wheels by Logitech combines quality and innovation.
mhVI-5678,Mattel To Kill a Mockingbird,Books,Books,379.86,16,2,UE,Mattel,The Mattel To Kill a Mockingbird by Mattel combines quality and innovation.
OGVv-0362,Amazon Playmobil Castle,Toy,Toy,756.15,184,8,UE,Amazon,The Amazon Playmobil Castle by Amazon combines quality and innovation.
thUi-3413,Playmobil Barbie Dreamhouse,Toy,Toy,135.26,51,9,IT,Playmobil,The Playmobil Barbie Dreamhouse by Playmobil combines quality and innovation.
URGF-2142,Simon & Schuster Pixel 7,Smartphone,Smartphone,803.96,163,2,UE,Simon & Schuster,The Simon & Schuster Pixel 7 by Simon & Schuster combines quality and innovation.
MUPN-6799,Simon & Schuster Lego City,Toy,Toy,831.54,39,8,UE,Simon & Schuster,The Simon & Schuster Lego City by Simon & Schuster combines quality and innovation.
YTsu-7892,Logitech Bookshelf Unit,Furniture,Furniture,684.32,49,2,UE,Logitech,The Logitech Bookshelf Unit by Logitech combines quality and innovation.
gdeC-3485,Puma Levi's Jeans,Clothing,Clothing,628.84,59,1,IT,Puma,The Puma Levi's Jeans by Puma combines quality and innovation.
cQFs-9035,Playmobil Nike Hoodie,Clothing,Clothing,888.84,31,6,IT,Playmobil,The Playmobil Nike Hoodie by Playmobil combines quality and innovation.
VNmM-1427,Levi's To Kill a Mockingbird,Books,Books,454.7,176,3,IT,Levi's,The Levi's To Kill a Mockingbird by Levi's combines quality and innovation.
yGrV-5556,Anker Dune,Books,Books,222.98,144,11,IT,Anker,The Anker Dune by Anker combines quality and innovation.
tbFu-1696,Apple Wayfair Sofa,Furniture,Furniture,677.13,20,13,IT,Apple,The Apple Wayfair Sofa by Apple combines quality and innovation.
pcKc-9742,Puma Adidas Tracksuit,Clothing,Clothing,613.49,85,6,IT,Puma,The Puma Adidas Tracksuit by Puma combines quality and innovation.
PAOA-3555,West Elm Barbie Dreamhouse,Toy,Toy,210.05,30,12,IT,West Elm,The West Elm Barbie Dreamhouse by West Elm combines quality and innovation.
VpSm-3963,Simon & Schuster OnePlus Nord,Smartphone,Smartphone,499.46,187,14,IT,Simon & Schuster,The Simon & Schuster OnePlus Nord by Simon & Schuster combines quality and innovation.
EChs-2283,Amazon iPhone 14,Smartphone,Smartphone,135.53,123,11,UE,Amazon,The Amazon iPhone 14 by Amazon combines quality and innovation.
URdE-1390,Fisher-Price NERF Blaster,Toy,Toy,871.64,197,10,UE,Fisher-Price,The Fisher-Price NERF Blaster by Fisher-Price combines quality and innovation.
dBYb-9911,Levi's Zara T-Shirt,Clothing,Clothing,312.91,2,1,IT,Levi's,The Levi's Zara T-Shirt by Levi's combines quality and innovation.
vdxb-1639,Amazon Zara T-Shirt,Clothing,Clothing,834.11,183,10,IT,Amazon,The Amazon Zara T-Shirt by Amazon combines quality and innovation.
mKxo-2412,Zara Adidas Tracksuit,Clothing,Clothing,834.91,153,11,UE,Zara,The Zara Adidas Tracksuit by Zara combines quality and innovation.
SNGu-3512,Anker OnePlus Nord,Smartphone,Smartphone,823.28,31,14,UE,Anker,The Anker OnePlus Nord by Anker combines quality and innovation.
jorc-4027,H&M NERF Blaster,Toy,Toy,753.53,67,5,IT,H&M,The H&M NERF Blaster by H&M combines quality and innovation.
OlEp-0049,Puma To Kill a Mockingbird,Books,Books,61.6,51,13,UE,Puma,The Puma To Kill a Mockingbird by Puma combines quality and innovation.
ciyn-8405,Logitech Ashley Dining Table,Furniture,Furniture,126.02,29,12,IT,Logitech,The Logitech Ashley Dining Table by Logitech combines quality and innovation.
xROR-1556,Penguin Galaxy S22,Smartphone,Smartphone,636.56,151,7,IT,Penguin,The Penguin Galaxy S22 by Penguin combines quality and innovation.
rDAF-6370,H&M Lego City,Toy,Toy,400.53,19,14,IT,H&M,The H&M Lego City by H&M combines quality and innovation.
zWRr-9054,Puma Adidas Tracksuit,Clothing,Clothing,749.96,7,6,IT,Puma,The Puma Adidas Tracksuit by Puma combines quality and innovation.
Kfyf-1339,Simon & Schuster OnePlus Nord,Smartphone,Smartphone,97.31,30,1,IT,Simon & Schuster,The Simon & Schuster OnePlus Nord by Simon & Schuster combines quality and innovation.
bbIu-0298,Sony Playmobil Castle,Toy,Toy,484.56,178,10,UE,Sony,The Sony Playmobil Castle by Sony combines quality and innovation.
vRci-0233,Bloomsbury 1984,Books,Books,182.66,73,2,IT,Bloomsbury,The Bloomsbury 1984 by Bloomsbury combines quality and innovation.
pgcs-4996,Simon & Schuster The Silent Patient,Books,Books,631.49,161,9,IT,Simon & Schuster,The Simon & Schuster The Silent Patient by Simon & Schuster combines quality and innovation.
hiKq-1153,Anker Atomic Habits,Books,Books,532.47,196,5,UE,Anker,The Anker Atomic Habits by Anker combines quality and innovation.
QPKS-7581,Wayfair H&M Jacket,Clothing,Clothing,655.56,12,6,IT,Wayfair,The Wayfair H&M Jacket by Wayfair combines quality and innovation.
HtKe-7005,Logitech Playmobil Castle,Toy,Toy,232.83,78,2,IT,Logitech,The Logitech Playmobil Castle by Logitech combines quality and innovation.
wqOp-5722,Adidas Ashley Dining Table,Furniture,Furniture,390.01,127,5,UE,Adidas,The Adidas Ashley Dining Table by Adidas combines quality and innovation.
DSic-8971,Random House iPhone 14,Smartphone,Smartphone,157.55,39,11,IT,Random House,The Random House iPhone 14 by Random House combines quality and innovation.
kLuE-3911,Random House H&M Jacket,Clothing,Clothing,48.98,50,1,IT,Random House,The Random House H&M Jacket by Random House combines quality and innovation.
oaSj-2254,Bose Bookshelf Unit,Furniture,Furniture,965.28,78,10,IT,Bose,The Bose Bookshelf Unit by Bose combines quality and innovation.
VzhZ-5084,H&M H&M Jacket,Clothing,Clothing,217.45,67,12,UE,H&M,The H&M H&M Jacket by H&M combines quality and innovation.
qwvI-7636,H&M To Kill a Mockingbird,Books,Books,911.56,37,7,IT,H&M,The H&M To Kill a Mockingbird by H&M combines quality and innovation.
kRej-7714,Wayfair Ashley Dining Table,Furniture,Furniture,813.79,65,7,UE,Wayfair,The Wayfair Ashley Dining Table by Wayfair combines quality and innovation.
Tptm-0166,Amazon Bookshelf Unit,Furniture,Furniture,919.05,45,3,UE,Amazon,The Amazon Bookshelf Unit by Amazon combines quality and innovation.
pejB-2276,Lego To Kill a Mockingbird,Books,Books,529.18,138,14,UE,Lego,The Lego To Kill a Mockingbird by Lego combines quality and innovation.
jkXB-2381,Apple H&M Jacket,Clothing,Clothing,217.57,137,7,UE,Apple,The Apple H&M Jacket by Apple combines quality and innovation.
PCWi-3363,Anker iPhone 14,Smartphone,Smartphone,744.97,171,12,UE,Anker,The Anker iPhone 14 by Anker combines quality and innovation.
YmYq-9176,HarperCollins Xiaomi Redmi,Smartphone,Smartphone,836.34,137,2,IT,HarperCollins,The HarperCollins Xiaomi Redmi by HarperCollins combines quality and innovation.
QvcT-8529,IKEA Xiaomi Redmi,Smartphone,Smartphone,957.83,7,2,UE,IKEA,The IKEA Xiaomi Redmi by IKEA combines quality and innovation.
Snhc-7970,H&M Barbie Dreamhouse,Toy,Toy,977.07,44,8,UE,H&M,The H&M Barbie Dreamhouse by H&M combines quality and innovation.
VpYN-4295,Adidas IKEA MALM Bed,Furniture,Furniture,889.14,40,4,IT,Adidas,The Adidas IKEA MALM Bed by Adidas combines quality and innovation.
wLOV-8947,Sony Nike Hoodie,Clothing,Clothing,29.58,185,3,IT,Sony,The Sony Nike Hoodie by Sony combines quality and innovation.
kUko-8660,Fisher-Price Desk Lamp,Furniture,Furniture,400.99,64,9,IT,Fisher-Price,The Fisher-Price Desk Lamp by Fisher-Price combines quality and innovation.
Kntk-4538,Sony iPhone 14,Smartphone,Smartphone,744.16,102,3,IT,Sony,The Sony iPhone 14 by Sony combines quality and innovation.
xONY-2482,Mattel Playmobil Castle,Toy,Toy,420.29,39,4,UE,Mattel,The Mattel Playmobil Castle by Mattel combines quality and innovation.
viCo-6659,HarperCollins Lego City,Toy,Toy,937.31,44,11,IT,HarperCollins,The HarperCollins Lego City by HarperCollins combines quality and innovation.
RZTP-6661,Apple IKEA MALM Bed,Furniture,Furniture,521.3,52,14,UE,Apple,The Apple IKEA MALM Bed by Apple combines quality and innovation.
TbWt-9370,Fisher-Price Xiaomi Redmi,Smartphone,Smartphone,698.6,18,14,IT,Fisher-Price,The Fisher-Price Xiaomi Redmi by Fisher-Price combines quality and innovation.
ZRUe-5090,IKEA IKEA MALM Bed,Furniture,Furniture,578.1,70,6,IT,IKEA,The IKEA IKEA MALM Bed by IKEA combines quality and innovation.
XDaQ-7184,HarperCollins Nike Hoodie,Clothing,Clothing,382.72,131,10,UE,HarperCollins,The HarperCollins Nike Hoodie by HarperCollins combines quality and innovation.
eqco-8131,Wayfair Desk Lamp,Furniture,Furniture,961.42,36,3,IT,Wayfair,The Wayfair Desk Lamp by Wayfair combines quality and innovation.
Zffs-8239,Logitech Levi's Jeans,Clothing,Clothing,899.79,164,14,UE,Logitech,The Logitech Levi's Jeans by Logitech combines quality and innovation.
OuqI-4854,Wayfair OnePlus Nord,Smartphone,Smartphone,911.46,66,10,UE,Wayfair,The Wayfair OnePlus Nord by Wayfair combines quality and innovation.
zqfu-6648,Bloomsbury Adidas Tracksuit,Clothing,Clothing,584.01,188,8,IT,Bloomsbury,The Bloomsbury Adidas Tracksuit by Bloomsbury combines quality and innovation.
CZPF-7039,Amazon Levi's Jeans,Clothing,Clothing,829.67,157,13,UE,Amazon,The Amazon Levi's Jeans by Amazon combines quality and innovation.
YEzW-0329,HarperCollins iPhone 14,Smartphone,Smartphone,644.09,27,1,UE,HarperCollins,The HarperCollins iPhone 14 by HarperCollins combines quality and innovation.
WJEP-1995,Fisher-Price To Kill a Mockingbird,Books,Books,305.43,25,11,IT,Fisher-Price,The Fisher-Price To Kill a Mockingbird by Fisher-Price combines quality and innovation.
bRKA-6109,Bloomsbury To Kill a Mockingbird,Books,Books,864.58,87,3,UE,Bloomsbury,The Bloomsbury To Kill a Mockingbird by Bloomsbury combines quality and innovation.
PQQU-8807,Random House Dune,Books,Books,705.82,27,9,IT,Random House,The Random House Dune by Random House combines quality and innovation.
vOgX-1229,Wayfair 1984,Books,Books,711.91,101,2,UE,Wayfair,The Wayfair 1984 by Wayfair combines quality and innovation.
kovB-6892,Pottery Barn Lego City,Toy,Toy,803.53,12,5,UE,Pottery Barn,The Pottery Barn Lego City by Pottery Barn combines quality and innovation.
PvXF-9543,Simon & Schuster Wayfair Sofa,Furniture,Furniture,296.22,66,9,IT,Simon & Schuster,The Simon & Schuster Wayfair Sofa by Simon & Schuster combines quality and innovation.
aTLW-0012,Sony Desk Lamp,Furniture,Furniture,242.57,87,9,IT,Sony,The Sony Desk Lamp by Sony combines quality and innovation.
XCzy-4055,Lego Hot Wheels,Toy,Toy,773.31,35,1,IT,Lego,The Lego Hot Wheels by Lego combines quality and innovation.
cdDw-1241,Anker Levi's Jeans,Clothing,Clothing,113.61,146,13,IT,Anker,The Anker Levi's Jeans by Anker combines quality and innovation.
eNlX-8007,West Elm Lego City,Toy,Toy,948.09,143,14,UE,West Elm,The West Elm Lego City by West Elm combines quality and innovation.
uaqc-3664,Anker Hot Wheels,Toy,Toy,364.05,57,10,IT,Anker,The Anker Hot Wheels by Anker combines quality and innovation.
TbHn-3968,Pottery Barn NERF Blaster,Toy,Toy,745.16,66,14,UE,Pottery Barn,The Pottery Barn NERF Blaster by Pottery Barn combines quality and innovation.
eZcN-3604,Apple Dune,Books,Books,302.15,180,13,IT,Apple,The Apple Dune by Apple combines quality and innovation.
CtcP-3651,Lego IKEA MALM Bed,Furniture,Furniture,582.86,127,11,IT,Lego,The Lego IKEA MALM Bed by Lego combines quality and innovation.
nQht-2052,Bloomsbury 1984,Books,Books,207.33,192,2,UE,Bloomsbury,The Bloomsbury 1984 by Bloomsbury combines quality and innovation.
ElKn-4849,Anker Xiaomi Redmi,Smartphone,Smartphone,774.07,103,1,UE,Anker,The Anker Xiaomi Redmi by Anker combines quality and innovation.
WjFj-6337,Puma Atomic Habits,Books,Books,805.58,176,7,UE,Puma,The Puma Atomic Habits by Puma combines quality and innovation.
oEQU-1660,Pottery Barn Desk Lamp,Furniture,Furniture,97.14,156,4,IT,Pottery Barn,The Pottery Barn Desk Lamp by Pottery Barn combines quality and innovation.
FIHU-3617,HarperCollins Wayfair Sofa,Furniture,Furniture,686.21,57,2,UE,HarperCollins,The HarperCollins Wayfair Sofa by HarperCollins combines quality and innovation.
Luwe-5764,Lego Adidas Tracksuit,Clothing,Clothing,121.03,150,13,UE,Lego,The Lego Adidas Tracksuit by Lego combines quality and innovation.
mdeS-8010,Nike Galaxy S22,Smartphone,Smartphone,994.67,70,6,IT,Nike,The Nike Galaxy S22 by Nike combines quality and innovation.
GbXX-4138,Levi's Xiaomi Redmi,Smartphone,Smartphone,513.53,17,10,IT,Levi's,The Levi's Xiaomi Redmi by Levi's combines quality and innovation.
CHTM-1285,Sony Pixel 7,Smartphone,Smartphone,962.93,174,8,IT,Sony,The Sony Pixel 7 by Sony combines quality and innovation.
bavN-8303,Playmobil Nike Hoodie,Clothing,Clothing,562.11,41,13,UE,Playmobil,The Playmobil Nike Hoodie by Playmobil combines quality and innovation.
gSRI-0185,Sony Dune,Books,Books,100.53,52,9,IT,Sony,The Sony Dune by Sony combines quality and innovation.
ReRS-3379,CB2 Adidas Tracksuit,Clothing,Clothing,820.61,84,6,IT,CB2,The CB2 Adidas Tracksuit by CB2 combines quality and innovation.
maPG-3484,CB2 Wayfair Sofa,Furniture,Furniture,164.11,20,14,IT,CB2,The CB2 Wayfair Sofa by CB2 combines quality and innovation.
FOyI-3905,Levi's Galaxy S22,Smartphone,Smartphone,837.3,179,12,UE,Levi's,The Levi's Galaxy S22 by Levi's combines quality and innovation.
HGPr-8830,Anker Hot Wheels,Toy,Toy,266.95,15,8,IT,Anker,The Anker Hot Wheels by Anker combines quality and innovation.
eIkg-2064,Logitech Nike Hoodie,Clothing,Clothing,107.5,133,8,UE,Logitech,The Logitech Nike Hoodie by Logitech combines quality and innovation.
Ehts-5621,Nike H&M Jacket,Clothing,Clothing,677.41,138,7,IT,Nike,The Nike H&M Jacket by Nike combines quality and innovation.
XiJr-3681,CB2 OnePlus Nord,Smartphone,Smartphone,587.78,65,1,IT,CB2,The CB2 OnePlus Nord by CB2 combines quality and innovation.
jFZB-9767,Wayfair H&M Jacket,Clothing,Clothing,805.04,199,3,IT,Wayfair,The Wayfair H&M Jacket by Wayfair combines quality and innovation.
Mmdz-0137,Puma H&M Jacket,Clothing,Clothing,866.86,132,8,IT,Puma,The Puma H&M Jacket by Puma combines quality and innovation.
hvvv-7636,Puma 1984,Books,Books,308.46,172,9,UE,Puma,The Puma 1984 by Puma combines quality and innovation.
DusA-0414,Bloomsbury Adidas Tracksuit,Clothing,Clothing,507.37,73,11,UE,Bloomsbury,The Bloomsbury Adidas Tracksuit by Bloomsbury combines quality and innovation.
XGXS-7120,Lego Ashley Dining Table,Furniture,Furniture,322.58,77,5,UE,Lego,The Lego Ashley Dining Table by Lego combines quality and innovation.
xPfJ-1904,Pottery Barn Pixel 7,Smartphone,Smartphone,276.88,73,2,IT,Pottery Barn,The Pottery Barn Pixel 7 by Pottery Barn combines quality and innovation.
SpTW-0618,Penguin Ashley Dining Table,Furniture,Furniture,869.63,58,1,UE,Penguin,The Penguin Ashley Dining Table by Penguin combines quality and innovation.
pTJx-7007,Zara iPhone 14,Smartphone,Smartphone,422.09,149,3,UE,Zara,The Zara iPhone 14 by Zara combines quality and innovation.
zIKP-7330,West Elm Atomic Habits,Books,Books,269.17,6,9,UE,West Elm,The West Elm Atomic Habits by West Elm combines quality and innovation.
cgoj-4714,West Elm Bookshelf Unit,Furniture,Furniture,263.07,73,13,UE,West Elm,The West Elm Bookshelf Unit by West Elm combines quality and innovation.
sDAW-5248,Nike 1984,Books,Books,418.88,4,14,UE,Nike,The Nike 1984 by Nike combines quality and innovation.
zrVm-6207,Pottery Barn Adidas Tracksuit,Clothing,Clothing,744.71,178,8,IT,Pottery Barn,The Pottery Barn Adidas Tracksuit by Pottery Barn combines quality and innovation.
YHqe-3912,Anker Zara T-Shirt,Clothing,Clothing,666.96,141,12,UE,Anker,The Anker Zara T-Shirt by Anker combines quality and innovation.
dSck-2613,Pottery Barn NERF Blaster,Toy,Toy,327.64,39,10,IT,Pottery Barn,The Pottery Barn NERF Blaster by Pottery Barn combines quality and innovation.
Qasg-9697,Playmobil Zara T-Shirt,Clothing,Clothing,725.53,167,3,UE,Playmobil,The Playmobil Zara T-Shirt by Playmobil combines quality and innovation.
CbnA-1055,West Elm NERF Blaster,Toy,Toy,646.37,46,6,UE,West Elm,The West Elm NERF Blaster by West Elm combines quality and innovation.
bKud-9820,IKEA Dune,Books,Books,601.42,72,13,IT,IKEA,The IKEA Dune by IKEA combines quality and innovation.
dMUp-7663,Wayfair Xiaomi Redmi,Smartphone,Smartphone,493.75,90,9,UE,Wayfair,The Wayfair Xiaomi Redmi by Wayfair combines quality and innovation.
MCQW-6446,Nike Barbie Dreamhouse,Toy,Toy,452.02,141,11,UE,Nike,The Nike Barbie Dreamhouse by Nike combines quality and innovation.
Gtwe-7004,Puma Dune,Books,Books,63.05,157,6,UE,Puma,The Puma Dune by Puma combines quality and innovation.
eDMr-2001,IKEA Desk Lamp,Furniture,Furniture,912.56,149,12,IT,IKEA,The IKEA Desk Lamp by IKEA combines quality and innovation.
ZapK-3176,Pottery Barn Zara T-Shirt,Clothing,Clothing,121.68,69,10,UE,Pottery Barn,The Pottery Barn Zara T-Shirt by Pottery Barn combines quality and innovation.
Zcqg-8887,Wayfair 1984,Books,Books,682.89,69,4,IT,Wayfair,The Wayfair 1984 by Wayfair combines quality and innovation.
pQUU-3064,Anker Ashley Dining Table,Furniture,Furniture,20.2,175,6,UE,Anker,The Anker Ashley Dining Table by Anker combines quality and innovation.
mGNK-5989,Levi's 1984,Books,Books,625.66,81,6,UE,Levi's,The Levi's 1984 by Levi's combines quality and innovation.
WILZ-6443,Apple To Kill a Mockingbird,Books,Books,203.33,81,8,IT,Apple,The Apple To Kill a Mockingbird by Apple combines quality and innovation.
Zaae-1859,Nike OnePlus Nord,Smartphone,Smartphone,743.85,69,10,UE,Nike,The Nike OnePlus Nord by Nike combines quality and innovation.
sjNb-5901,Anker Hot Wheels,Toy,Toy,328.2,196,9,IT,Anker,The Anker Hot Wheels by Anker combines quality and innovation.
Kzwu-6020,IKEA NERF Blaster,Toy,Toy,974.8,171,10,UE,IKEA,The IKEA NERF Blaster by IKEA combines quality and innovation.
vYhL-4149,Zara Xiaomi Redmi,Smartphone,Smartphone,572.01,16,14,IT,Zara,The Zara Xiaomi Redmi by Zara combines quality and innovation.
WQrB-1269,Nike Zara T-Shirt,Clothing,Clothing,30.62,122,10,UE,Nike,The Nike Zara T-Shirt by Nike combines quality and innovation.
ameh-1151,Wayfair Adidas Tracksuit,Clothing,Clothing,812.43,10,9,IT,Wayfair,The Wayfair Adidas Tracksuit by Wayfair combines quality and innovation.
ssag-8041,Anker IKEA MALM Bed,Furniture,Furniture,779.23,98,7,UE,Anker,The Anker IKEA MALM Bed by Anker combines quality and innovation.
HKwz-9033,Wayfair Hot Wheels,Toy,Toy,624.23,133,12,UE,Wayfair,The Wayfair Hot Wheels by Wayfair combines quality and innovation.
EaOD-3848,Penguin IKEA MALM Bed,Furniture,Furniture,451.13,184,11,IT,Penguin,The Penguin IKEA MALM Bed by Penguin combines quality and innovation.
CGVK-8210,Adidas NERF Blaster,Toy,Toy,380.94,38,10,IT,Adidas,The Adidas NERF Blaster by Adidas combines quality and innovation.
UnIP-7377,Zara To Kill a Mockingbird,Books,Books,463.92,54,4,UE,Zara,The Zara To Kill a Mockingbird by Zara combines quality and innovation.
cast-1002,HarperCollins Hot Wheels,Toy,Toy,52.5,55,3,IT,HarperCollins,The HarperCollins Hot Wheels by HarperCollins combines quality and innovation.
BOGE-9718,Amazon Galaxy S22,Smartphone,Smartphone,768.64,137,9,IT,Amazon,The Amazon Galaxy S22 by Amazon combines quality and innovation.
qKjk-1947,Bloomsbury Atomic Habits,Books,Books,217.95,193,4,UE,Bloomsbury,The Bloomsbury Atomic Habits by Bloomsbury combines quality and innovation.
MnCz-2378,West Elm OnePlus Nord,Smartphone,Smartphone,226.0,85,7,UE,West Elm,The West Elm OnePlus Nord by West Elm combines quality and innovation.
KTco-1944,HarperCollins Lego City,Toy,Toy,515.58,186,8,IT,HarperCollins,The HarperCollins Lego City by HarperCollins combines quality and innovation.
AzTW-7152,HarperCollins To Kill a Mockingbird,Books,Books,801.12,27,7,UE,HarperCollins,The HarperCollins To Kill a Mockingbird by HarperCollins combines quality and innovation.
DgsN-9321,Fisher-Price Playmobil Castle,Toy,Toy,643.54,144,5,UE,Fisher-Price,The Fisher-Price Playmobil Castle by Fisher-Price combines quality and innovation.
bLgv-7690,Lego The Silent Patient,Books,Books,712.25,10,6,UE,Lego,The Lego The Silent Patient by Lego combines quality and innovation.
BdLK-8534,Anker Playmobil Castle,Toy,Toy,738.66,25,11,IT,Anker,The Anker Playmobil Castle by Anker combines quality and innovation.
PFNf-3215,Amazon Hot Wheels,Toy,Toy,972.77,65,1,IT,Amazon,The Amazon Hot Wheels by Amazon combines quality and innovation.
ogaQ-9614,Wayfair Xiaomi Redmi,Smartphone,Smartphone,132.72,111,3,UE,Wayfair,The Wayfair Xiaomi Redmi by Wayfair combines quality and innovation.
eScR-0389,Apple H&M Jacket,Clothing,Clothing,610.79,79,10,IT,Apple,The Apple H&M Jacket by Apple combines quality and innovation.
OBSH-7000,Lego Barbie Dreamhouse,Toy,Toy,535.13,34,11,UE,Lego,The Lego Barbie Dreamhouse by Lego combines quality and innovation.
NBuv-0943,West Elm NERF Blaster,Toy,Toy,383.72,52,14,UE,West Elm,The West Elm NERF Blaster by West Elm combines quality and innovation.
TGQY-6763,Penguin Wayfair Sofa,Furniture,Furniture,660.94,152,9,UE,Penguin,The Penguin Wayfair Sofa by Penguin combines quality and innovation.
SZqZ-7754,Puma NERF Blaster,Toy,Toy,241.8,3,5,IT,Puma,The Puma NERF Blaster by Puma combines quality and innovation.
nBvB-4086,Logitech Desk Lamp,Furniture,Furniture,191.56,173,2,UE,Logitech,The Logitech Desk Lamp by Logitech combines quality and innovation.
oPBt-2401,Bose Dune,Books,Books,296.3,113,3,IT,Bose,The Bose Dune by Bose combines quality and innovation.
dVfK-0664,Mattel Adidas Tracksuit,Clothing,Clothing,962.82,47,3,UE,Mattel,The Mattel Adidas Tracksuit by Mattel combines quality and innovation.
XVgS-5315,Pottery Barn Lego City,Toy,Toy,198.71,68,12,UE,Pottery Barn,The Pottery Barn Lego City by Pottery Barn combines quality and innovation.
Kuuv-7856,Sony The Silent Patient,Books,Books,419.2,191,8,UE,Sony,The Sony The Silent Patient by Sony combines quality and innovation.
jhjD-4648,Playmobil H&M Jacket,Clothing,Clothing,130.05,14,9,UE,Playmobil,The Playmobil H&M Jacket by Playmobil combines quality and innovation.
fVSl-1727,Amazon Adidas Tracksuit,Clothing,Clothing,500.17,135,13,IT,Amazon,The Amazon Adidas Tracksuit by Amazon combines quality and innovation.
doVw-3707,Sony Galaxy S22,Smartphone,Smartphone,910.1,108,8,IT,Sony,The Sony Galaxy S22 by Sony combines quality and innovation.
evTu-7521,CB2 Playmobil Castle,Toy,Toy,375.76,43,11,UE,CB2,The CB2 Playmobil Castle by CB2 combines quality and innovation.
TgFp-4737,Bose IKEA MALM Bed,Furniture,Furniture,213.39,64,9,UE,Bose,The Bose IKEA MALM Bed by Bose combines quality and innovation.
mftU-3281,Playmobil Zara T-Shirt,Clothing,Clothing,154.12,21,1,IT,Playmobil,The Playmobil Zara T-Shirt by Playmobil combines quality and innovation.
GwTn-9464,Lego Galaxy S22,Smartphone,Smartphone,892.52,11,12,IT,Lego,The Lego Galaxy S22 by Lego combines quality and innovation.
vJfg-6275,Zara Desk Lamp,Furniture,Furniture,753.61,146,12,UE,Zara,The Zara Desk Lamp by Zara combines quality and innovation.
ylJi-3502,West Elm Adidas Tracksuit,Clothing,Clothing,679.94,5,2,IT,West Elm,The West Elm Adidas Tracksuit by West Elm combines quality and innovation.
tISC-9392,Adidas Ashley Dining Table,Furniture,Furniture,148.78,7,8,IT,Adidas,The Adidas Ashley Dining Table by Adidas combines quality and innovation.
RfKH-8512,Logitech iPhone 14,Smartphone,Smartphone,934.75,59,10,UE,Logitech,The Logitech iPhone 14 by Logitech combines quality and innovation.
xYSu-5211,Bose NERF Blaster,Toy,Toy,975.64,173,9,UE,Bose,The Bose NERF Blaster by Bose combines quality and innovation.
kjSV-0743,CB2 Bookshelf Unit,Furniture,Furniture,694.94,2,5,IT,CB2,The CB2 Bookshelf Unit by CB2 combines quality and innovation.
WNMd-1697,Playmobil H&M Jacket,Clothing,Clothing,991.04,11,7,UE,Playmobil,The Playmobil H&M Jacket by Playmobil combines quality and innovation.
ipGh-3473,Fisher-Price Pixel 7,Smartphone,Smartphone,877.05,14,8,UE,Fisher-Price,The Fisher-Price Pixel 7 by Fisher-Price combines quality and innovation.
LzJS-1887,Apple NERF Blaster,Toy,Toy,309.84,197,3,IT,Apple,The Apple NERF Blaster by Apple combines quality and innovation.
RpiG-8633,Bose 1984,Books,Books,200.17,98,2,IT,Bose,The Bose 1984 by Bose combines quality and innovation.
fCix-3534,Adidas Lego City,Toy,Toy,768.73,82,9,IT,Adidas,The Adidas Lego City by Adidas combines quality and innovation.
phJS-1066,Bloomsbury Bookshelf Unit,Furniture,Furniture,823.16,153,13,IT,Bloomsbury,The Bloomsbury Bookshelf Unit by Bloomsbury combines quality and innovation.
MvFa-8930,Mattel Levi's Jeans,Clothing,Clothing,79.66,32,6,IT,Mattel,The Mattel Levi's Jeans by Mattel combines quality and innovation.
BJuP-6339,Apple Levi's Jeans,Clothing,Clothing,16.57,115,11,IT,Apple,The Apple Levi's Jeans by Apple combines quality and innovation.
hxRi-0306,HarperCollins Atomic Habits,Books,Books,549.37,176,9,UE,HarperCollins,The HarperCollins Atomic Habits by HarperCollins combines quality and innovation.
AUhl-6290,Fisher-Price Barbie Dreamhouse,Toy,Toy,547.94,61,9,IT,Fisher-Price,The Fisher-Price Barbie Dreamhouse by Fisher-Price combines quality and innovation.
yjsB-0309,West Elm Barbie Dreamhouse,Toy,Toy,532.99,152,7,UE,West Elm,The West Elm Barbie Dreamhouse by West Elm combines quality and innovation.
YPkk-9515,Nike NERF Blaster,Toy,Toy,434.82,104,6,IT,Nike,The Nike NERF Blaster by Nike combines quality and innovation.
jNGP-7893,HarperCollins Adidas Tracksuit,Clothing,Clothing,656.97,165,8,UE,HarperCollins,The HarperCollins Adidas Tracksuit by HarperCollins combines quality and innovation.
NGXh-7328,HarperCollins Barbie Dreamhouse,Toy,Toy,99.56,71,4,UE,HarperCollins,The HarperCollins Barbie Dreamhouse by HarperCollins combines quality and innovation.
ENmq-9016,Simon & Schuster Pixel 7,Smartphone,Smartphone,427.62,107,12,UE,Simon & Schuster,The Simon & Schuster Pixel 7 by Simon & Schuster combines quality and innovation.
PboX-1418,Anker OnePlus Nord,Smartphone,Smartphone,547.72,6,1,UE,Anker,The Anker OnePlus Nord by Anker combines quality and innovation.
BybN-7308,Bose Ashley Dining Table,Furniture,Furniture,566.35,29,2,IT,Bose,The Bose Ashley Dining Table by Bose combines quality and innovation.
fdnn-7727,Amazon Wayfair Sofa,Furniture,Furniture,545.26,57,14,IT,Amazon,The Amazon Wayfair Sofa by Amazon combines quality and innovation.
VPHb-9886,Wayfair Xiaomi Redmi,Smartphone,Smartphone,189.08,38,1,UE,Wayfair,The Wayfair Xiaomi Redmi by Wayfair combines quality and innovation.
zUCI-3410,Fisher-Price The Silent Patient,Books,Books,803.84,18,11,IT,Fisher-Price,The Fisher-Price The Silent Patient by Fisher-Price combines quality and innovation.
MDvc-8030,Simon & Schuster Atomic Habits,Books,Books,898.4,163,4,IT,Simon & Schuster,The Simon & Schuster Atomic Habits by Simon & Schuster combines quality and innovation.
ohEa-9430,IKEA 1984,Books,Books,222.55,134,13,UE,IKEA,The IKEA 1984 by IKEA combines quality and innovation.
Xauj-1053,Amazon Zara T-Shirt,Clothing,Clothing,796.97,103,3,IT,Amazon,The Amazon Zara T-Shirt by Amazon combines quality and innovation.
AZxZ-2938,H&M Bookshelf Unit,Furniture,Furniture,681.26,6,14,UE,H&M,The H&M Bookshelf Unit by H&M combines quality and innovation.
RAII-5382,Wayfair Lego City,Toy,Toy,120.63,107,7,UE,Wayfair,The Wayfair Lego City by Wayfair combines quality and innovation.
ztxZ-2266,Random House Lego City,Toy,Toy,312.18,138,9,UE,Random House,The Random House Lego City by Random House combines quality and innovation.
KVEw-8893,Nike Ashley Dining Table,Furniture,Furniture,220.69,107,10,UE,Nike,The Nike Ashley Dining Table by Nike combines quality and innovation.
kwBr-9272,Bose Playmobil Castle,Toy,Toy,976.28,61,7,IT,Bose,The Bose Playmobil Castle by Bose combines quality and innovation.
Bhba-7895,Playmobil Adidas Tracksuit,Clothing,Clothing,274.06,65,14,UE,Playmobil,The Playmobil Adidas Tracksuit by Playmobil combines quality and innovation.
eoiV-9706,Adidas H&M Jacket,Clothing,Clothing,729.34,45,2,IT,Adidas,The Adidas H&M Jacket by Adidas combines quality and innovation.
KrGZ-7287,Levi's Desk Lamp,Furniture,Furniture,158.07,21,10,UE,Levi's,The Levi's Desk Lamp by Levi's combines quality and innovation.
VQKR-0434,Wayfair To Kill a Mockingbird,Books,Books,181.0,40,3,UE,Wayfair,The Wayfair To Kill a Mockingbird by Wayfair combines quality and innovation.
sNeJ-8260,Nike Ashley Dining Table,Furniture,Furniture,993.02,140,9,IT,Nike,The Nike Ashley Dining Table by Nike combines quality and innovation.
lNFj-0168,Pottery Barn Hot Wheels,Toy,Toy,616.08,133,1,IT,Pottery Barn,The Pottery Barn Hot Wheels by Pottery Barn combines quality and innovation.
uPFN-0212,Sony Pixel 7,Smartphone,Smartphone,266.07,113,8,UE,Sony,The Sony Pixel 7 by Sony combines quality and innovation.
RLbS-8093,H&M Adidas Tracksuit,Clothing,Clothing,857.86,4,1,UE,H&M,The H&M Adidas Tracksuit by H&M combines quality and innovation.
qhoc-3113,Fisher-Price Zara T-Shirt,Clothing,Clothing,657.17,144,4,UE,Fisher-Price,The Fisher-Price Zara T-Shirt by Fisher-Price combines quality and innovation.
CPXD-0098,CB2 iPhone 14,Smartphone,Smartphone,594.07,170,5,IT,CB2,The CB2 iPhone 14 by CB2 combines quality and innovation.
cDFS-2131,Simon & Schuster Zara T-Shirt,Clothing,Clothing,980.28,94,9,UE,Simon & Schuster,The Simon & Schuster Zara T-Shirt by Simon & Schuster combines quality and innovation.
FRzE-3748,CB2 Dune,Books,Books,589.84,113,7,UE,CB2,The CB2 Dune by CB2 combines quality and innovation.
zFQE-3393,Logitech Ashley Dining Table,Furniture,Furniture,724.35,171,3,IT,Logitech,The Logitech Ashley Dining Table by Logitech combines quality and innovation.
iVfj-9364,Fisher-Price To Kill a Mockingbird,Books,Books,682.0,146,13,UE,Fisher-Price,The Fisher-Price To Kill a Mockingbird by Fisher-Price combines quality and innovation.
inig-9912,Mattel The Silent Patient,Books,Books,379.94,1,12,UE,Mattel,The Mattel The Silent Patient by Mattel combines quality and innovation.
xeiz-2190,Simon & Schuster Galaxy S22,Smartphone,Smartphone,703.05,15,4,UE,Simon & Schuster,The Simon & Schuster Galaxy S22 by Simon & Schuster combines quality and innovation.
WXHA-5291,Mattel Atomic Habits,Books,Books,756.52,152,11,IT,Mattel,The Mattel Atomic Habits by Mattel combines quality and innovation.
dSPP-6576,Wayfair Desk Lamp,Furniture,Furniture,662.71,11,8,UE,Wayfair,The Wayfair Desk Lamp by Wayfair combines quality and innovation.
iPas-0011,Mattel Lego City,Toy,Toy,920.62,26,4,IT,Mattel,The Mattel Lego City by Mattel combines quality and innovation.
kJlQ-9247,Lego Nike Hoodie,Clothing,Clothing,214.78,13,3,UE,Lego,The Lego Nike Hoodie by Lego combines quality and innovation.
EmVp-9304,Amazon Galaxy S22,Smartphone,Smartphone,187.27,4,6,IT,Amazon,The Amazon Galaxy S22 by Amazon combines quality and innovation.
fNMZ-2854,Apple Pixel 7,Smartphone,Smartphone,781.99,66,9,UE,Apple,The Apple Pixel 7 by Apple combines quality and innovation.
YCVV-5802,HarperCollins The Silent Patient,Books,Books,681.21,182,5,IT,HarperCollins,The HarperCollins The Silent Patient by HarperCollins combines quality and innovation.
azTr-2418,Bose Playmobil Castle,Toy,Toy,906.49,172,13,UE,Bose,The Bose Playmobil Castle by Bose combines quality and innovation.
QCjP-0993,Apple Pixel 7,Smartphone,Smartphone,811.09,94,1,IT,Apple,The Apple Pixel 7 by Apple combines quality and innovation.
onTn-1028,H&M Xiaomi Redmi,Smartphone,Smartphone,152.3,87,14,UE,H&M,The H&M Xiaomi Redmi by H&M combines quality and innovation.
xLuf-3777,Adidas Pixel 7,Smartphone,Smartphone,168.0,47,2,IT,Adidas,The Adidas Pixel 7 by Adidas combines quality and innovation.
SvxG-6137,Mattel Desk Lamp,Furniture,Furniture,169.53,93,3,UE,Mattel,The Mattel Desk Lamp by Mattel combines quality and innovation.
yWqf-2209,Puma Pixel 7,Smartphone,Smartphone,62.39,179,12,UE,Puma,The Puma Pixel 7 by Puma combines quality and innovation.
Qekb-3770,Zara Wayfair Sofa,Furniture,Furniture,464.17,175,8,IT,Zara,The Zara Wayfair Sofa by Zara combines quality and innovation.
hrRi-6878,Bloomsbury Barbie Dreamhouse,Toy,Toy,621.39,17,13,UE,Bloomsbury,The Bloomsbury Barbie Dreamhouse by Bloomsbury combines quality and innovation.
WHmp-3083,HarperCollins 1984,Books,Books,683.09,187,2,IT,HarperCollins,The HarperCollins 1984 by HarperCollins combines quality and innovation.
MGNB-3242,Puma Barbie Dreamhouse,Toy,Toy,77.68,98,11,UE,Puma,The Puma Barbie Dreamhouse by Puma combines quality and innovation.
bTIL-3447,Adidas Lego City,Toy,Toy,623.5,179,12,IT,Adidas,The Adidas Lego City by Adidas combines quality and innovation.
xOEx-8434,West Elm Barbie Dreamhouse,Toy,Toy,233.15,139,8,UE,West Elm,The West Elm Barbie Dreamhouse by West Elm combines quality and innovation.
uLwW-7558,IKEA Adidas Tracksuit,Clothing,Clothing,326.38,186,1,IT,IKEA,The IKEA Adidas Tracksuit by IKEA combines quality and innovation.
CpIe-0903,HarperCollins Wayfair Sofa,Furniture,Furniture,66.69,193,5,IT,HarperCollins,The HarperCollins Wayfair Sofa by HarperCollins combines quality and innovation.
vKcI-6718,Penguin Barbie Dreamhouse,Toy,Toy,140.12,79,6,IT,Penguin,The Penguin Barbie Dreamhouse by Penguin combines quality and innovation.
HxvX-4071,Amazon Lego City,Toy,Toy,338.51,35,12,IT,Amazon,The Amazon Lego City by Amazon combines quality and innovation.
HNuo-9355,West Elm iPhone 14,Smartphone,Smartphone,887.19,13,7,IT,West Elm,The West Elm iPhone 14 by West Elm combines quality and innovation.
dPtw-1541,H&M To Kill a Mockingbird,Books,Books,76.01,73,7,UE,H&M,The H&M To Kill a Mockingbird by H&M combines quality and innovation.
THdi-8078,Zara Barbie Dreamhouse,Toy,Toy,536.64,137,5,IT,Zara,The Zara Barbie Dreamhouse by Zara combines quality and innovation.
ZPkC-9417,West Elm Nike Hoodie,Clothing,Clothing,597.13,187,12,UE,West Elm,The West Elm Nike Hoodie by West Elm combines quality and innovation.
lEht-0524,Lego Ashley Dining Table,Furniture,Furniture,137.29,186,9,IT,Lego,The Lego Ashley Dining Table by Lego combines quality and innovation.
tMGj-7606,Anker Desk Lamp,Furniture,Furniture,270.31,132,10,IT,Anker,The Anker Desk Lamp by Anker combines quality and innovation.
Eecf-1479,Simon & Schuster iPhone 14,Smartphone,Smartphone,225.52,76,8,IT,Simon & Schuster,The Simon & Schuster iPhone 14 by Simon & Schuster combines quality and innovation.
BxPM-1413,Zara Dune,Books,Books,907.71,156,1,IT,Zara,The Zara Dune by Zara combines quality and innovation.
kaYW-9915,Amazon To Kill a Mockingbird,Books,Books,695.21,139,4,IT,Amazon,The Amazon To Kill a Mockingbird by Amazon combines quality and innovation.
enXW-5826,IKEA Levi's Jeans,Clothing,Clothing,626.78,185,14,UE,IKEA,The IKEA Levi's Jeans by IKEA combines quality and innovation.
OmDB-5745,CB2 Playmobil Castle,Toy,Toy,936.97,90,12,UE,CB2,The CB2 Playmobil Castle by CB2 combines quality and innovation.
SWFJ-7904,Fisher-Price Levi's Jeans,Clothing,Clothing,676.67,72,10,UE,Fisher-Price,The Fisher-Price Levi's Jeans by Fisher-Price combines quality and innovation.
Gncb-4964,Playmobil NERF Blaster,Toy,Toy,335.77,146,1,IT,Playmobil,The Playmobil NERF Blaster by Playmobil combines quality and innovation.
Fout-0634,West Elm Desk Lamp,Furniture,Furniture,13.66,60,4,IT,West Elm,The West Elm Desk Lamp by West Elm combines quality and innovation.
vcEq-5265,West Elm Pixel 7,Smartphone,Smartphone,577.56,97,9,UE,West Elm,The West Elm Pixel 7 by West Elm combines quality and innovation.
jAlO-0679,Apple NERF Blaster,Toy,Toy,229.35,58,1,IT,Apple,The Apple NERF Blaster by Apple combines quality and innovation.
VRzw-5790,Amazon Barbie Dreamhouse,Toy,Toy,594.71,199,7,UE,Amazon,The Amazon Barbie Dreamhouse by Amazon combines quality and innovation.
pzfr-0893,Sony Nike Hoodie,Clothing,Clothing,509.37,146,3,UE,Sony,The Sony Nike Hoodie by Sony combines quality and innovation.
tGCq-4364,Mattel Xiaomi Redmi,Smartphone,Smartphone,889.99,94,9,IT,Mattel,The Mattel Xiaomi Redmi by Mattel combines quality and innovation.
OqJU-8976,Simon & Schuster Adidas Tracksuit,Clothing,Clothing,231.41,96,3,UE,Simon & Schuster,The Simon & Schuster Adidas Tracksuit by Simon & Schuster combines quality and innovation.
hOZg-9032,Playmobil iPhone 14,Smartphone,Smartphone,556.66,167,2,UE,Playmobil,The Playmobil iPhone 14 by Playmobil combines quality and innovation.
UboG-7387,Amazon Nike Hoodie,Clothing,Clothing,658.58,4,8,UE,Amazon,The Amazon Nike Hoodie by Amazon combines quality and innovation.
ofQV-8139,Simon & Schuster Nike Hoodie,Clothing,Clothing,159.49,106,5,UE,Simon & Schuster,The Simon & Schuster Nike Hoodie by Simon & Schuster combines quality and innovation.
IbAj-9699,Logitech The Silent Patient,Books,Books,120.1,113,4,IT,Logitech,The Logitech The Silent Patient by Logitech combines quality and innovation.
IIHa-7174,Anker Wayfair Sofa,Furniture,Furniture,795.96,142,3,IT,Anker,The Anker Wayfair Sofa by Anker combines quality and innovation.
sFZy-7091,HarperCollins Adidas Tracksuit,Clothing,Clothing,884.09,136,1,UE,HarperCollins,The HarperCollins Adidas Tracksuit by HarperCollins combines quality and innovation.
sVUl-6292,Adidas Xiaomi Redmi,Smartphone,Smartphone,574.23,113,3,IT,Adidas,The Adidas Xiaomi Redmi by Adidas combines quality and innovation.
VmDT-8271,IKEA NERF Blaster,Toy,Toy,498.09,118,3,UE,IKEA,The IKEA NERF Blaster by IKEA combines quality and innovation.
HKPd-2956,CB2 Dune,Books,Books,459.19,28,3,IT,CB2,The CB2 Dune by CB2 combines quality and innovation.
krOT-6219,Lego Wayfair Sofa,Furniture,Furniture,991.38,92,4,IT,Lego,The Lego Wayfair Sofa by Lego combines quality and innovation.
YOXD-6253,Lego Galaxy S22,Smartphone,Smartphone,693.29,145,14,UE,Lego,The Lego Galaxy S22 by Lego combines quality and innovation.
cQti-3892,Bloomsbury H&M Jacket,Clothing,Clothing,816.74,58,12,IT,Bloomsbury,The Bloomsbury H&M Jacket by Bloomsbury combines quality and innovation.
SSrJ-3008,Levi's Lego City,Toy,Toy,99.37,62,6,IT,Levi's,The Levi's Lego City by Levi's combines quality and innovation.
DCqI-7245,West Elm 1984,Books,Books,11.06,146,7,UE,West Elm,The West Elm 1984 by West Elm combines quality and innovation.
iBug-1626,Adidas Pixel 7,Smartphone,Smartphone,480.21,3,8,IT,Adidas,The Adidas Pixel 7 by Adidas combines quality and innovation.
RAwD-7293,Wayfair Ashley Dining Table,Furniture,Furniture,475.49,131,1,IT,Wayfair,The Wayfair Ashley Dining Table by Wayfair combines quality and innovation.
Evay-6925,Simon & Schuster H&M Jacket,Clothing,Clothing,653.79,74,11,IT,Simon & Schuster,The Simon & Schuster H&M Jacket by Simon & Schuster combines quality and innovation.
oIZs-7456,Nike Bookshelf Unit,Furniture,Furniture,179.5,0,12,IT,Nike,The Nike Bookshelf Unit by Nike combines quality and innovation.
gvBL-9974,Lego Lego City,Toy,Toy,946.52,129,12,IT,Lego,The Lego Lego City by Lego combines quality and innovation.
mjeK-8392,Simon & Schuster Dune,Books,Books,126.48,105,9,IT,Simon & Schuster,The Simon & Schuster Dune by Simon & Schuster combines quality and innovation.
BPwt-6696,Logitech Hot Wheels,Toy,Toy,494.57,107,9,IT,Logitech,The Logitech Hot Wheels by Logitech combines quality and innovation.
mNFf-7168,Puma Barbie Dreamhouse,Toy,Toy,875.06,95,3,UE,Puma,The Puma Barbie Dreamhouse by Puma combines quality and innovation.
vdvV-0862,Amazon To Kill a Mockingbird,Books,Books,653.01,75,11,UE,Amazon,The Amazon To Kill a Mockingbird by Amazon combines quality and innovation.
ljWc-3929,Bose IKEA MALM Bed,Furniture,Furniture,827.35,181,6,IT,Bose,The Bose IKEA MALM Bed by Bose combines quality and innovation.
fYZU-4493,Nike Xiaomi Redmi,Smartphone,Smartphone,555.69,73,4,UE,Nike,The Nike Xiaomi Redmi by Nike combines quality and innovation.
LPwy-5360,Levi's IKEA MALM Bed,Furniture,Furniture,897.4,181,1,UE,Levi's,The Levi's IKEA MALM Bed by Levi's combines quality and innovation.
uFYI-1552,Adidas iPhone 14,Smartphone,Smartphone,387.97,172,14,IT,Adidas,The Adidas iPhone 14 by Adidas combines quality and innovation.
ufVb-7710,Playmobil Desk Lamp,Furniture,Furniture,559.62,107,7,IT,Playmobil,The Playmobil Desk Lamp by Playmobil combines quality and innovation.
rUWr-7060,Simon & Schuster OnePlus Nord,Smartphone,Smartphone,281.02,107,11,IT,Simon & Schuster,The Simon & Schuster OnePlus Nord by Simon & Schuster combines quality and innovation.
fOxL-3597,CB2 Levi's Jeans,Clothing,Clothing,30.12,171,14,UE,CB2,The CB2 Levi's Jeans by CB2 combines quality and innovation.
KfCJ-9449,Zara iPhone 14,Smartphone,Smartphone,465.33,127,13,IT,Zara,The Zara iPhone 14 by Zara combines quality and innovation.
UBsL-6857,Pottery Barn Xiaomi Redmi,Smartphone,Smartphone,532.55,127,1,IT,Pottery Barn,The Pottery Barn Xiaomi Redmi by Pottery Barn combines quality and innovation.
uVnM-9597,Amazon Galaxy S22,Smartphone,Smartphone,912.43,197,8,UE,Amazon,The Amazon Galaxy S22 by Amazon combines quality and innovation.
UICD-9744,Playmobil Zara T-Shirt,Clothing,Clothing,27.61,122,7,IT,Playmobil,The Playmobil Zara T-Shirt by Playmobil combines quality and innovation.
SOKr-8094,Mattel Playmobil Castle,Toy,Toy,518.7,168,11,UE,Mattel,The Mattel Playmobil Castle by Mattel combines quality and innovation.
xTWh-5451,Random House 1984,Books,Books,997.06,143,12,IT,Random House,The Random House 1984 by Random House combines quality and innovation.
kEOQ-2724,Adidas Zara T-Shirt,Clothing,Clothing,313.37,64,6,IT,Adidas,The Adidas Zara T-Shirt by Adidas combines quality and innovation.
YnYv-0718,Pottery Barn Xiaomi Redmi,Smartphone,Smartphone,736.25,61,12,UE,Pottery Barn,The Pottery Barn Xiaomi Redmi by Pottery Barn combines quality and innovation.
ozaX-2258,Penguin Xiaomi Redmi,Smartphone,Smartphone,812.89,59,12,UE,Penguin,The Penguin Xiaomi Redmi by Penguin combines quality and innovation.
jGZZ-4952,Penguin OnePlus Nord,Smartphone,Smartphone,872.47,135,11,UE,Penguin,The Penguin OnePlus Nord by Penguin combines quality and innovation.
nPOD-6401,Playmobil Pixel 7,Smartphone,Smartphone,420.54,105,4,UE,Playmobil,The Playmobil Pixel 7 by Playmobil combines quality and innovation.
sJtf-2093,Zara IKEA MALM Bed,Furniture,Furniture,97.19,128,11,IT,Zara,The Zara IKEA MALM Bed by Zara combines quality and innovation.
QrPu-2764,Bloomsbury Dune,Books,Books,101.88,112,6,IT,Bloomsbury,The Bloomsbury Dune by Bloomsbury combines quality and innovation.
DCbI-4600,Pottery Barn To Kill a Mockingbird,Books,Books,40.22,155,14,UE,Pottery Barn,The Pottery Barn To Kill a Mockingbird by Pottery Barn combines quality and innovation.
nVuR-7272,Fisher-Price Pixel 7,Smartphone,Smartphone,644.97,182,11,IT,Fisher-Price,The Fisher-Price Pixel 7 by Fisher-Price combines quality and innovation.
uLUo-2823,Apple Barbie Dreamhouse,Toy,Toy,13.79,86,8,IT,Apple,The Apple Barbie Dreamhouse by Apple combines quality and innovation.
QiNq-9050,H&M Pixel 7,Smartphone,Smartphone,84.57,111,2,UE,H&M,The H&M Pixel 7 by H&M combines quality and innovation.
LLPU-1009,Penguin Desk Lamp,Furniture,Furniture,945.23,124,12,UE,Penguin,The Penguin Desk Lamp by Penguin combines quality and innovation.
ULHj-0202,IKEA Pixel 7,Smartphone,Smartphone,426.24,17,10,IT,IKEA,The IKEA Pixel 7 by IKEA combines quality and innovation.
DdaJ-9692,Sony Adidas Tracksuit,Clothing,Clothing,170.72,162,4,UE,Sony,The Sony Adidas Tracksuit by Sony combines quality and innovation.
EyFJ-8810,Bose IKEA MALM Bed,Furniture,Furniture,830.48,199,6,IT,Bose,The Bose IKEA MALM Bed by Bose combines quality and innovation.
ooIv-4161,Adidas OnePlus Nord,Smartphone,Smartphone,465.33,3,12,UE,Adidas,The Adidas OnePlus Nord by Adidas combines quality and innovation.
lKiD-1439,West Elm Xiaomi Redmi,Smartphone,Smartphone,527.18,125,9,UE,West Elm,The West Elm Xiaomi Redmi by West Elm combines quality and innovation.
LEzZ-1453,Anker NERF Blaster,Toy,Toy,939.48,73,9,UE,Anker,The Anker NERF Blaster by Anker combines quality and innovation.
pzLK-7306,Fisher-Price Playmobil Castle,Toy,Toy,345.41,82,10,IT,Fisher-Price,The Fisher-Price Playmobil Castle by Fisher-Price combines quality and innovation.
lNMr-8121,Bose Hot Wheels,Toy,Toy,667.47,122,12,IT,Bose,The Bose Hot Wheels by Bose combines quality and innovation.
EGeI-4523,Nike Hot Wheels,Toy,Toy,456.51,137,4,IT,Nike,The Nike Hot Wheels by Nike combines quality and innovation.
URVX-8415,Mattel Galaxy S22,Smartphone,Smartphone,183.07,21,11,IT,Mattel,The Mattel Galaxy S22 by Mattel combines quality and innovation.
gODJ-2472,Wayfair Atomic Habits,Books,Books,758.2,62,1,IT,Wayfair,The Wayfair Atomic Habits by Wayfair combines quality and innovation.
tpin-3260,Nike Lego City,Toy,Toy,690.68,170,12,UE,Nike,The Nike Lego City by Nike combines quality and innovation.
BBYR-6346,Anker Lego City,Toy,Toy,363.58,159,9,UE,Anker,The Anker Lego City by Anker combines quality and innovation.
KHZW-9532,HarperCollins Hot Wheels,Toy,Toy,891.14,147,11,UE,HarperCollins,The HarperCollins Hot Wheels by HarperCollins combines quality and innovation.
SCLW-2702,West Elm The Silent Patient,Books,Books,969.34,59,13,UE,West Elm,The West Elm The Silent Patient by West Elm combines quality and innovation.
hZYi-1945,Random House H&M Jacket,Clothing,Clothing,774.46,62,12,UE,Random House,The Random House H&M Jacket by Random House combines quality and innovation.
ruLB-8422,Simon & Schuster Wayfair Sofa,Furniture,Furniture,628.64,92,9,IT,Simon & Schuster,The Simon & Schuster Wayfair Sofa by Simon & Schuster combines quality and innovation.
xRMV-8487,CB2 Ashley Dining Table,Furniture,Furniture,169.06,184,8,UE,CB2,The CB2 Ashley Dining Table by CB2 combines quality and innovation.
nVMu-9653,Sony NERF Blaster,Toy,Toy,512.08,94,14,IT,Sony,The Sony NERF Blaster by Sony combines quality and innovation.
XXAg-3750,Adidas 1984,Books,Books,56.34,138,11,UE,Adidas,The Adidas 1984 by Adidas combines quality and innovation.
QPKQ-0440,Sony H&M Jacket,Clothing,Clothing,917.68,141,2,IT,Sony,The Sony H&M Jacket by Sony combines quality and innovation.
WlXv-1922,IKEA IKEA MALM Bed,Furniture,Furniture,503.86,38,4,UE,IKEA,The IKEA IKEA MALM Bed by IKEA combines quality and innovation.
jPYj-2258,Playmobil OnePlus Nord,Smartphone,Smartphone,638.72,63,4,UE,Playmobil,The Playmobil OnePlus Nord by Playmobil combines quality and innovation.
qHmg-5834,Playmobil Atomic Habits,Books,Books,178.16,39,1,IT,Playmobil,The Playmobil Atomic Habits by Playmobil combines quality and innovation.
vfSD-9529,CB2 Barbie Dreamhouse,Toy,Toy,643.63,189,2,UE,CB2,The CB2 Barbie Dreamhouse by CB2 combines quality and innovation.
oQay-4672,Pottery Barn Galaxy S22,Smartphone,Smartphone,195.39,74,3,IT,Pottery Barn,The Pottery Barn Galaxy S22 by Pottery Barn combines quality and innovation.
vEGx-6976,CB2 The Silent Patient,Books,Books,950.44,29,5,IT,CB2,The CB2 The Silent Patient by CB2 combines quality and innovation.
FWzd-9143,Nike NERF Blaster,Toy,Toy,517.24,100,1,UE,Nike,The Nike NERF Blaster by Nike combines quality and innovation.
zalN-3124,Pottery Barn NERF Blaster,Toy,Toy,578.0,68,6,IT,Pottery Barn,The Pottery Barn NERF Blaster by Pottery Barn combines quality and innovation.
RTac-0749,Adidas iPhone 14,Smartphone,Smartphone,318.27,13,6,UE,Adidas,The Adidas iPhone 14 by Adidas combines quality and innovation.
Firm-8616,Logitech Pixel 7,Smartphone,Smartphone,117.04,125,10,UE,Logitech,The Logitech Pixel 7 by Logitech combines quality and innovation.
yDLZ-3799,Lego 1984,Books,Books,934.29,32,13,UE,Lego,The Lego 1984 by Lego combines quality and innovation.
JWKs-1264,Lego Bookshelf Unit,Furniture,Furniture,955.38,189,1,UE,Lego,The Lego Bookshelf Unit by Lego combines quality and innovation.
SwUY-0848,Apple To Kill a Mockingbird,Books,Books,913.61,152,8,IT,Apple,The Apple To Kill a Mockingbird by Apple combines quality and innovation.
ZEAo-5321,Puma Hot Wheels,Toy,Toy,834.56,159,1,IT,Puma,The Puma Hot Wheels by Puma combines quality and innovation.
ACSW-2707,Penguin Levi's Jeans,Clothing,Clothing,253.23,26,8,IT,Penguin,The Penguin Levi's Jeans by Penguin combines quality and innovation.
XdPn-9772,Lego Galaxy S22,Smartphone,Smartphone,142.95,119,13,UE,Lego,The Lego Galaxy S22 by Lego combines quality and innovation.
eVNp-3597,Pottery Barn IKEA MALM Bed,Furniture,Furniture,568.95,36,7,IT,Pottery Barn,The Pottery Barn IKEA MALM Bed by Pottery Barn combines quality and innovation.
fuGp-5696,Sony Ashley Dining Table,Furniture,Furniture,555.53,152,14,IT,Sony,The Sony Ashley Dining Table by Sony combines quality and innovation.
EXuK-7436,CB2 NERF Blaster,Toy,Toy,801.97,133,14,IT,CB2,The CB2 NERF Blaster by CB2 combines quality and innovation.
Ckox-5632,Amazon Pixel 7,Smartphone,Smartphone,404.62,6,14,IT,Amazon,The Amazon Pixel 7 by Amazon combines quality and innovation.
dndk-9887,Bloomsbury Atomic Habits,Books,Books,847.21,148,12,UE,Bloomsbury,The Bloomsbury Atomic Habits by Bloomsbury combines quality and innovation.
VhMm-5407,IKEA Zara T-Shirt,Clothing,Clothing,444.68,38,7,IT,IKEA,The IKEA Zara T-Shirt by IKEA combines quality and innovation.
FjnK-5397,Logitech Nike Hoodie,Clothing,Clothing,348.23,61,1,IT,Logitech,The Logitech Nike Hoodie by Logitech combines quality and innovation.
SzbK-2097,Logitech Zara T-Shirt,Clothing,Clothing,990.14,63,5,UE,Logitech,The Logitech Zara T-Shirt by Logitech combines quality and innovation.
KoOf-3005,West Elm H&M Jacket,Clothing,Clothing,279.69,109,14,UE,West Elm,The West Elm H&M Jacket by West Elm combines quality and innovation.
qelQ-0503,Puma Pixel 7,Smartphone,Smartphone,143.71,26,5,UE,Puma,The Puma Pixel 7 by Puma combines quality and innovation.
smpq-9285,West Elm Galaxy S22,Smartphone,Smartphone,423.25,129,7,UE,West Elm,The West Elm Galaxy S22 by West Elm combines quality and innovation.
hZzP-8948,HarperCollins Wayfair Sofa,Furniture,Furniture,583.05,97,8,IT,HarperCollins,The HarperCollins Wayfair Sofa by HarperCollins combines quality and innovation.
nlvW-4721,Wayfair Galaxy S22,Smartphone,Smartphone,537.54,94,1,IT,Wayfair,The Wayfair Galaxy S22 by Wayfair combines quality and innovation.
rTBi-5794,Sony To Kill a Mockingbird,Books,Books,774.64,44,6,IT,Sony,The Sony To Kill a Mockingbird by Sony combines quality and innovation.
KSOw-7069,Lego Lego City,Toy,Toy,168.85,155,1,UE,Lego,The Lego Lego City by Lego combines quality and innovation.
TOFL-0542,IKEA NERF Blaster,Toy,Toy,288.69,129,5,UE,IKEA,The IKEA NERF Blaster by IKEA combines quality and innovation.
cYei-8195,Apple Hot Wheels,Toy,Toy,558.64,65,1,UE,Apple,The Apple Hot Wheels by Apple combines quality and innovation.
Sxqb-6549,HarperCollins Pixel 7,Smartphone,Smartphone,794.56,188,3,IT,HarperCollins,The HarperCollins Pixel 7 by HarperCollins combines quality and innovation.
VSVn-4005,Apple NERF Blaster,Toy,Toy,418.76,75,5,UE,Apple,The Apple NERF Blaster by Apple combines quality and innovation.
SgRc-2024,Zara Pixel 7,Smartphone,Smartphone,672.68,198,13,UE,Zara,The Zara Pixel 7 by Zara combines quality and innovation.
fCuH-6841,IKEA Adidas Tracksuit,Clothing,Clothing,322.77,58,8,UE,IKEA,The IKEA Adidas Tracksuit by IKEA combines quality and innovation.
RyWp-1246,Amazon Zara T-Shirt,Clothing,Clothing,119.5,8,5,IT,Amazon,The Amazon Zara T-Shirt by Amazon combines quality and innovation.
eRWm-6856,Logitech iPhone 14,Smartphone,Smartphone,734.05,70,14,IT,Logitech,The Logitech iPhone 14 by Logitech combines quality and innovation.
CvUV-0911,Bloomsbury NERF Blaster,Toy,Toy,916.51,79,13,IT,Bloomsbury,The Bloomsbury NERF Blaster by Bloomsbury combines quality and innovation.
csil-3633,Logitech Xiaomi Redmi,Smartphone,Smartphone,116.96,27,3,IT,Logitech,The Logitech Xiaomi Redmi by Logitech combines quality and innovation.
blPg-4299,Simon & Schuster IKEA MALM Bed,Furniture,Furniture,923.08,4,10,UE,Simon & Schuster,The Simon & Schuster IKEA MALM Bed by Simon & Schuster combines quality and innovation.
PlwA-6990,Levi's Galaxy S22,Smartphone,Smartphone,104.03,149,8,UE,Levi's,The Levi's Galaxy S22 by Levi's combines quality and innovation.
NxUf-1896,Sony OnePlus Nord,Smartphone,Smartphone,644.74,64,8,IT,Sony,The Sony OnePlus Nord by Sony combines quality and innovation.
menJ-0866,Puma Hot Wheels,Toy,Toy,974.64,75,2,IT,Puma,The Puma Hot Wheels by Puma combines quality and innovation.
nWMW-9631,Mattel Lego City,Toy,Toy,337.78,156,2,UE,Mattel,The Mattel Lego City by Mattel combines quality and innovation.
gyBn-1990,CB2 Pixel 7,Smartphone,Smartphone,821.33,119,11,UE,CB2,The CB2 Pixel 7 by CB2 combines quality and innovation.
ZZrc-5063,Playmobil Ashley Dining Table,Furniture,Furniture,913.01,160,11,UE,Playmobil,The Playmobil Ashley Dining Table by Playmobil combines quality and innovation.
Wpdg-2321,Penguin Wayfair Sofa,Furniture,Furniture,493.05,61,2,UE,Penguin,The Penguin Wayfair Sofa by Penguin combines quality and innovation.
tPbN-0348,Playmobil Wayfair Sofa,Furniture,Furniture,992.27,183,9,UE,Playmobil,The Playmobil Wayfair Sofa by Playmobil combines quality and innovation.
nauN-3558,Amazon Dune,Books,Books,769.76,72,10,UE,Amazon,The Amazon Dune by Amazon combines quality and innovation.
bsgu-3487,Nike Zara T-Shirt,Clothing,Clothing,833.7,53,7,UE,Nike,The Nike Zara T-Shirt by Nike combines quality and innovation.
aPWb-1522,Amazon To Kill a Mockingbird,Books,Books,102.72,11,7,UE,Amazon,The Amazon To Kill a Mockingbird by Amazon combines quality and innovation.
qRdk-6810,HarperCollins Ashley Dining Table,Furniture,Furniture,510.17,92,5,UE,HarperCollins,The HarperCollins Ashley Dining Table by HarperCollins combines quality and innovation.
zKRH-6495,Pottery Barn Pixel 7,Smartphone,Smartphone,244.36,34,13,IT,Pottery Barn,The Pottery Barn Pixel 7 by Pottery Barn combines quality and innovation.
hnwU-6553,Random House Bookshelf Unit,Furniture,Furniture,243.81,15,6,UE,Random House,The Random House Bookshelf Unit by Random House combines quality and innovation.
wUEx-6453,Simon & Schuster Pixel 7,Smartphone,Smartphone,866.93,137,4,UE,Simon & Schuster,The Simon & Schuster Pixel 7 by Simon & Schuster combines quality and innovation.
TfLn-9092,Anker Barbie Dreamhouse,Toy,Toy,856.35,53,5,UE,Anker,The Anker Barbie Dreamhouse by Anker combines quality and innovation.
NBBt-7280,Levi's Nike Hoodie,Clothing,Clothing,779.34,5,13,IT,Levi's,The Levi's Nike Hoodie by Levi's combines quality and innovation.
zWDc-0068,Apple Adidas Tracksuit,Clothing,Clothing,455.1,10,11,UE,Apple,The Apple Adidas Tracksuit by Apple combines quality and innovation.
aKhZ-3286,Adidas The Silent Patient,Books,Books,166.87,39,5,UE,Adidas,The Adidas The Silent Patient by Adidas combines quality and innovation.
CNCG-0433,Puma Atomic Habits,Books,Books,620.6,48,3,UE,Puma,The Puma Atomic Habits by Puma combines quality and innovation.
DTIh-1014,Zara H&M Jacket,Clothing,Clothing,534.13,195,12,IT,Zara,The Zara H&M Jacket by Zara combines quality and innovation.
dWKZ-2800,IKEA Hot Wheels,Toy,Toy,42.97,71,13,UE,IKEA,The IKEA Hot Wheels by IKEA combines quality and innovation.
rQBs-7262,Wayfair Wayfair Sofa,Furniture,Furniture,730.34,177,14,UE,Wayfair,The Wayfair Wayfair Sofa by Wayfair combines quality and innovation.
IVZj-9762,IKEA H&M Jacket,Clothing,Clothing,256.73,115,6,UE,IKEA,The IKEA H&M Jacket by IKEA combines quality and innovation.
gDqY-4846,Lego Adidas Tracksuit,Clothing,Clothing,183.85,105,10,IT,Lego,The Lego Adidas Tracksuit by Lego combines quality and innovation.
RsvN-5800,Anker IKEA MALM Bed,Furniture,Furniture,78.47,120,8,IT,Anker,The Anker IKEA MALM Bed by Anker combines quality and innovation.
hDIE-0358,Fisher-Price Dune,Books,Books,866.77,181,6,UE,Fisher-Price,The Fisher-Price Dune by Fisher-Price combines quality and innovation.
ZgOr-6373,Zara Ashley Dining Table,Furniture,Furniture,685.59,20,13,IT,Zara,The Zara Ashley Dining Table by Zara combines quality and innovation.
sEES-5700,Adidas Desk Lamp,Furniture,Furniture,569.62,49,9,IT,Adidas,The Adidas Desk Lamp by Adidas combines quality and innovation.
GsjN-1346,Wayfair Adidas Tracksuit,Clothing,Clothing,773.96,178,5,IT,Wayfair,The Wayfair Adidas Tracksuit by Wayfair combines quality and innovation.
FkZF-1193,HarperCollins H&M Jacket,Clothing,Clothing,934.05,184,9,IT,HarperCollins,The HarperCollins H&M Jacket by HarperCollins combines quality and innovation.
wMhU-3184,Adidas Playmobil Castle,Toy,Toy,568.23,58,10,UE,Adidas,The Adidas Playmobil Castle by Adidas combines quality and innovation.
neip-1769,Amazon The Silent Patient,Books,Books,389.01,133,1,UE,Amazon,The Amazon The Silent Patient by Amazon combines quality and innovation.
MuJO-8504,Simon & Schuster Bookshelf Unit,Furniture,Furniture,99.76,194,2,IT,Simon & Schuster,The Simon & Schuster Bookshelf Unit by Simon & Schuster combines quality and innovation.
EfLQ-0928,Amazon The Silent Patient,Books,Books,395.94,22,7,UE,Amazon,The Amazon The Silent Patient by Amazon combines quality and innovation.
bXfv-4922,Lego Galaxy S22,Smartphone,Smartphone,517.0,165,11,UE,Lego,The Lego Galaxy S22 by Lego combines quality and innovation.
Iann-3620,CB2 Ashley Dining Table,Furniture,Furniture,805.22,180,7,UE,CB2,The CB2 Ashley Dining Table by CB2 combines quality and innovation.
rkyY-3019,Lego iPhone 14,Smartphone,Smartphone,456.09,4,4,UE,Lego,The Lego iPhone 14 by Lego combines quality and innovation.
zQDT-2134,Logitech NERF Blaster,Toy,Toy,523.85,3,10,IT,Logitech,The Logitech NERF Blaster by Logitech combines quality and innovation.
vnqp-2774,Logitech H&M Jacket,Clothing,Clothing,952.57,174,5,IT,Logitech,The Logitech H&M Jacket by Logitech combines quality and innovation.
TTOw-9755,CB2 To Kill a Mockingbird,Books,Books,743.31,186,10,UE,CB2,The CB2 To Kill a Mockingbird by CB2 combines quality and innovation.
jCWY-1862,Wayfair To Kill a Mockingbird,Books,Books,30.59,157,11,IT,Wayfair,The Wayfair To Kill a Mockingbird by Wayfair combines quality and innovation.
XWQF-8863,Apple Desk Lamp,Furniture,Furniture,523.0,41,13,UE,Apple,The Apple Desk Lamp by Apple combines quality and innovation.
BbiW-3761,IKEA Playmobil Castle,Toy,Toy,141.89,33,8,UE,IKEA,The IKEA Playmobil Castle by IKEA combines quality and innovation.
sCFM-2938,Pottery Barn 1984,Books,Books,575.35,43,4,UE,Pottery Barn,The Pottery Barn 1984 by Pottery Barn combines quality and innovation.
mBAm-4422,Penguin Ashley Dining Table,Furniture,Furniture,688.43,23,10,IT,Penguin,The Penguin Ashley Dining Table by Penguin combines quality and innovation.
AKoL-6567,Levi's Ashley Dining Table,Furniture,Furniture,681.53,193,1,UE,Levi's,The Levi's Ashley Dining Table by Levi's combines quality and innovation.
lDNH-8090,Lego OnePlus Nord,Smartphone,Smartphone,201.88,8,14,UE,Lego,The Lego OnePlus Nord by Lego combines quality and innovation.
gEPo-8890,Apple Hot Wheels,Toy,Toy,291.29,145,6,IT,Apple,The Apple Hot Wheels by Apple combines quality and innovation.
nzWn-1809,Penguin 1984,Books,Books,735.82,22,5,UE,Penguin,The Penguin 1984 by Penguin combines quality and innovation.
ZqmW-3601,Fisher-Price Atomic Habits,Books,Books,488.56,71,4,UE,Fisher-Price,The Fisher-Price Atomic Habits by Fisher-Price combines quality and innovation.
emBg-5165,IKEA The Silent Patient,Books,Books,32.51,149,6,IT,IKEA,The IKEA The Silent Patient by IKEA combines quality and innovation.
siga-8966,Simon & Schuster Playmobil Castle,Toy,Toy,123.58,193,2,IT,Simon & Schuster,The Simon & Schuster Playmobil Castle by Simon & Schuster combines quality and innovation.
Rkdk-1946,H&M Galaxy S22,Smartphone,Smartphone,78.57,123,9,IT,H&M,The H&M Galaxy S22 by H&M combines quality and innovation.
lYzx-3764,Fisher-Price Dune,Books,Books,957.99,147,3,UE,Fisher-Price,The Fisher-Price Dune by Fisher-Price combines quality and innovation.
taDh-5188,Adidas IKEA MALM Bed,Furniture,Furniture,123.49,86,3,UE,Adidas,The Adidas IKEA MALM Bed by Adidas combines quality and innovation.
DCHl-2740,Lego Ashley Dining Table,Furniture,Furniture,548.81,155,10,UE,Lego,The Lego Ashley Dining Table by Lego combines quality and innovation.
jRJj-6817,Amazon iPhone 14,Smartphone,Smartphone,540.71,3,5,UE,Amazon,The Amazon iPhone 14 by Amazon combines quality and innovation.
JCiO-1717,Random House Pixel 7,Smartphone,Smartphone,550.81,30,1,IT,Random House,The Random House Pixel 7 by Random House combines quality and innovation.
qJtK-8255,Penguin Galaxy S22,Smartphone,Smartphone,324.61,72,13,UE,Penguin,The Penguin Galaxy S22 by Penguin combines quality and innovation.
DwqL-0172,CB2 1984,Books,Books,661.15,88,5,IT,CB2,The CB2 1984 by CB2 combines quality and innovation.
Feop-7071,Nike iPhone 14,Smartphone,Smartphone,910.64,193,8,UE,Nike,The Nike iPhone 14 by Nike combines quality and innovation.
fFho-6033,Puma The Silent Patient,Books,Books,812.17,189,7,IT,Puma,The Puma The Silent Patient by Puma combines quality and innovation.
Ubre-9477,CB2 Hot Wheels,Toy,Toy,194.44,150,10,UE,CB2,The CB2 Hot Wheels by CB2 combines quality and innovation.
cyet-0854,Fisher-Price The Silent Patient,Books,Books,27.97,3,10,IT,Fisher-Price,The Fisher-Price The Silent Patient by Fisher-Price combines quality and innovation.
zgap-7618,Penguin Lego City,Toy,Toy,319.84,1,2,IT,Penguin,The Penguin Lego City by Penguin combines quality and innovation.
GsOi-5713,H&M Adidas Tracksuit,Clothing,Clothing,283.57,176,2,IT,H&M,The H&M Adidas Tracksuit by H&M combines quality and innovation.
HBPC-2008,Bloomsbury Pixel 7,Smartphone,Smartphone,818.21,196,6,UE,Bloomsbury,The Bloomsbury Pixel 7 by Bloomsbury combines quality and innovation.
oUgo-4473,Logitech Ashley Dining Table,Furniture,Furniture,804.91,105,2,IT,Logitech,The Logitech Ashley Dining Table by Logitech combines quality and innovation.
QojM-9104,West Elm Xiaomi Redmi,Smartphone,Smartphone,595.5,158,5,UE,West Elm,The West Elm Xiaomi Redmi by West Elm combines quality and innovation.
cXbW-3301,HarperCollins Bookshelf Unit,Furniture,Furniture,655.98,197,2,UE,HarperCollins,The HarperCollins Bookshelf Unit by HarperCollins combines quality and innovation.
Frrx-9927,Mattel Lego City,Toy,Toy,225.85,114,13,IT,Mattel,The Mattel Lego City by Mattel combines quality and innovation.
DVXQ-9042,Zara Nike Hoodie,Clothing,Clothing,865.07,84,7,UE,Zara,The Zara Nike Hoodie by Zara combines quality and innovation.
Eunl-4288,Pottery Barn Hot Wheels,Toy,Toy,135.76,180,4,IT,Pottery Barn,The Pottery Barn Hot Wheels by Pottery Barn combines quality and innovation.
UcUE-6031,IKEA Dune,Books,Books,50.36,82,4,UE,IKEA,The IKEA Dune by IKEA combines quality and innovation.
Fywa-9193,HarperCollins OnePlus Nord,Smartphone,Smartphone,155.09,44,3,UE,HarperCollins,The HarperCollins OnePlus Nord by HarperCollins combines quality and innovation.
jCPz-3440,Wayfair Xiaomi Redmi,Smartphone,Smartphone,653.93,110,7,IT,Wayfair,The Wayfair Xiaomi Redmi by Wayfair combines quality and innovation.
Pvsl-3617,Anker The Silent Patient,Books,Books,235.69,198,12,UE,Anker,The Anker The Silent Patient by Anker combines quality and innovation.
iNOp-7004,Amazon iPhone 14,Smartphone,Smartphone,517.99,81,12,IT,Amazon,The Amazon iPhone 14 by Amazon combines quality and innovation.
gGRv-5281,Anker 1984,Books,Books,615.5,20,1,IT,Anker,The Anker 1984 by Anker combines quality and innovation.
horB-7069,Pottery Barn Ashley Dining Table,Furniture,Furniture,711.74,12,7,IT,Pottery Barn,The Pottery Barn Ashley Dining Table by Pottery Barn combines quality and innovation.
yHYa-2495,Pottery Barn Xiaomi Redmi,Smartphone,Smartphone,668.06,170,1,IT,Pottery Barn,The Pottery Barn Xiaomi Redmi by Pottery Barn combines quality and innovation.
EePs-3860,Random House The Silent Patient,Books,Books,479.06,78,8,IT,Random House,The Random House The Silent Patient by Random House combines quality and innovation.
DTZS-6492,Amazon Barbie Dreamhouse,Toy,Toy,780.77,156,14,IT,Amazon,The Amazon Barbie Dreamhouse by Amazon combines quality and innovation.
Qqer-9439,Anker Hot Wheels,Toy,Toy,825.68,155,12,UE,Anker,The Anker Hot Wheels by Anker combines quality and innovation.
MRwu-6996,CB2 NERF Blaster,Toy,Toy,376.03,119,7,IT,CB2,The CB2 NERF Blaster by CB2 combines quality and innovation.
RExK-8401,H&M Bookshelf Unit,Furniture,Furniture,408.98,184,3,IT,H&M,The H&M Bookshelf Unit by H&M combines quality and innovation.
gxCD-7607,Amazon H&M Jacket,Clothing,Clothing,274.12,168,1,UE,Amazon,The Amazon H&M Jacket by Amazon combines quality and innovation.
fwop-1168,Amazon Bookshelf Unit,Furniture,Furniture,23.68,103,7,UE,Amazon,The Amazon Bookshelf Unit by Amazon combines quality and innovation.
LQJu-0311,IKEA Bookshelf Unit,Furniture,Furniture,345.83,30,6,IT,IKEA,The IKEA Bookshelf Unit by IKEA combines quality and innovation.
hysO-7059,CB2 Barbie Dreamhouse,Toy,Toy,349.28,82,6,IT,CB2,The CB2 Barbie Dreamhouse by CB2 combines quality and innovation.
gJVu-6913,CB2 To Kill a Mockingbird,Books,Books,645.26,111,10,IT,CB2,The CB2 To Kill a Mockingbird by CB2 combines quality and innovation.
cSmL-8804,Puma Adidas Tracksuit,Clothing,Clothing,51.63,131,5,IT,Puma,The Puma Adidas Tracksuit by Puma combines quality and innovation.
bbFq-9139,Amazon Hot Wheels,Toy,Toy,348.06,179,13,IT,Amazon,The Amazon Hot Wheels by Amazon combines quality and innovation.
JmNw-3631,West Elm Dune,Books,Books,109.82,108,3,IT,West Elm,The West Elm Dune by West Elm combines quality and innovation.
OqjC-7638,Nike Galaxy S22,Smartphone,Smartphone,124.25,104,5,IT,Nike,The Nike Galaxy S22 by Nike combines quality and innovation.
McYy-8627,CB2 OnePlus Nord,Smartphone,Smartphone,105.09,142,6,UE,CB2,The CB2 OnePlus Nord by CB2 combines quality and innovation.
xaUb-5664,IKEA Barbie Dreamhouse,Toy,Toy,187.86,68,6,UE,IKEA,The IKEA Barbie Dreamhouse by IKEA combines quality and innovation.
cRCY-7243,Fisher-Price The Silent Patient,Books,Books,599.62,71,13,IT,Fisher-Price,The Fisher-Price The Silent Patient by Fisher-Price combines quality and innovation.
hXCO-4967,Penguin H&M Jacket,Clothing,Clothing,795.68,119,4,UE,Penguin,The Penguin H&M Jacket by Penguin combines quality and innovation.
bGGH-2092,Zara H&M Jacket,Clothing,Clothing,173.85,10,7,IT,Zara,The Zara H&M Jacket by Zara combines quality and innovation.
KGBp-2886,CB2 Barbie Dreamhouse,Toy,Toy,408.03,80,13,UE,CB2,The CB2 Barbie Dreamhouse by CB2 combines quality and innovation.
SeST-9894,Sony Bookshelf Unit,Furniture,Furniture,659.61,110,13,IT,Sony,The Sony Bookshelf Unit by Sony combines quality and innovation.
bFQR-6462,IKEA To Kill a Mockingbird,Books,Books,620.95,142,8,UE,IKEA,The IKEA To Kill a Mockingbird by IKEA combines quality and innovation.
PEdG-4949,Mattel OnePlus Nord,Smartphone,Smartphone,533.89,21,5,UE,Mattel,The Mattel OnePlus Nord by Mattel combines quality and innovation.
JblN-6291,Puma The Silent Patient,Books,Books,597.82,170,4,IT,Puma,The Puma The Silent Patient by Puma combines quality and innovation.
lheP-2782,Penguin The Silent Patient,Books,Books,587.79,67,1,IT,Penguin,The Penguin The Silent Patient by Penguin combines quality and innovation.
HkDN-0345,Amazon To Kill a Mockingbird,Books,Books,650.5,64,11,IT,Amazon,The Amazon To Kill a Mockingbird by Amazon combines quality and innovation.
GvBr-0128,Fisher-Price Lego City,Toy,Toy,948.67,44,1,IT,Fisher-Price,The Fisher-Price Lego City by Fisher-Price combines quality and innovation.
aDEm-6091,Logitech Barbie Dreamhouse,Toy,Toy,556.44,194,9,UE,Logitech,The Logitech Barbie Dreamhouse by Logitech combines quality and innovation.
MWVg-7157,Playmobil To Kill a Mockingbird,Books,Books,614.25,20,9,IT,Playmobil,The Playmobil To Kill a Mockingbird by Playmobil combines quality and innovation.
iwND-9487,H&M IKEA MALM Bed,Furniture,Furniture,26.92,99,7,UE,H&M,The H&M IKEA MALM Bed by H&M combines quality and innovation.
VXxA-4557,Levi's The Silent Patient,Books,Books,182.18,82,2,UE,Levi's,The Levi's The Silent Patient by Levi's combines quality and innovation.
kGDO-8866,Zara Desk Lamp,Furniture,Furniture,341.54,104,10,UE,Zara,The Zara Desk Lamp by Zara combines quality and innovation.
NhLs-6013,HarperCollins Pixel 7,Smartphone,Smartphone,821.04,84,7,UE,HarperCollins,The HarperCollins Pixel 7 by HarperCollins combines quality and innovation.
ERfi-0944,Amazon Wayfair Sofa,Furniture,Furniture,757.07,35,5,UE,Amazon,The Amazon Wayfair Sofa by Amazon combines quality and innovation.
JeIQ-4531,HarperCollins Nike Hoodie,Clothing,Clothing,375.89,176,10,IT,HarperCollins,The HarperCollins Nike Hoodie by HarperCollins combines quality and innovation.
tcWR-2664,Zara 1984,Books,Books,173.1,137,4,IT,Zara,The Zara 1984 by Zara combines quality and innovation.
hciI-7330,IKEA Ashley Dining Table,Furniture,Furniture,848.63,26,7,UE,IKEA,The IKEA Ashley Dining Table by IKEA combines quality and innovation.
ecJb-4410,HarperCollins Hot Wheels,Toy,Toy,344.13,4,10,UE,HarperCollins,The HarperCollins Hot Wheels by HarperCollins combines quality and innovation.
Meuv-9088,Adidas Xiaomi Redmi,Smartphone,Smartphone,949.16,172,11,IT,Adidas,The Adidas Xiaomi Redmi by Adidas combines quality and innovation.
ltUJ-4383,Amazon OnePlus Nord,Smartphone,Smartphone,748.14,148,8,IT,Amazon,The Amazon OnePlus Nord by Amazon combines quality and innovation.
XtSk-1497,H&M OnePlus Nord,Smartphone,Smartphone,53.25,144,13,IT,H&M,The H&M OnePlus Nord by H&M combines quality and innovation.
Svfi-1800,Anker Adidas Tracksuit,Clothing,Clothing,445.17,25,6,IT,Anker,The Anker Adidas Tracksuit by Anker combines quality and innovation.
sMNq-8073,Apple Nike Hoodie,Clothing,Clothing,452.83,142,11,UE,Apple,The Apple Nike Hoodie by Apple combines quality and innovation.
dyVB-4444,Anker 1984,Books,Books,653.83,109,5,IT,Anker,The Anker 1984 by Anker combines quality and innovation.
DySc-9289,Simon & Schuster Nike Hoodie,Clothing,Clothing,637.87,141,12,UE,Simon & Schuster,The Simon & Schuster Nike Hoodie by Simon & Schuster combines quality and innovation.
jjyw-4884,Amazon Dune,Books,Books,557.75,134,8,UE,Amazon,The Amazon Dune by Amazon combines quality and innovation.
DJyI-9307,Zara Levi's Jeans,Clothing,Clothing,398.26,88,14,UE,Zara,The Zara Levi's Jeans by Zara combines quality and innovation.
bYHO-7601,Bose 1984,Books,Books,717.54,17,12,IT,Bose,The Bose 1984 by Bose combines quality and innovation.
uSys-9233,Penguin OnePlus Nord,Smartphone,Smartphone,408.48,184,6,IT,Penguin,The Penguin OnePlus Nord by Penguin combines quality and innovation.
TAGc-1460,Bose iPhone 14,Smartphone,Smartphone,690.24,191,1,IT,Bose,The Bose iPhone 14 by Bose combines quality and innovation.
eLen-2735,Fisher-Price Ashley Dining Table,Furniture,Furniture,97.3,144,3,IT,Fisher-Price,The Fisher-Price Ashley Dining Table by Fisher-Price combines quality and innovation.
JNSO-5463,Wayfair Ashley Dining Table,Furniture,Furniture,408.72,37,8,IT,Wayfair,The Wayfair Ashley Dining Table by Wayfair combines quality and innovation.
nrdM-2517,Amazon 1984,Books,Books,858.8,170,1,IT,Amazon,The Amazon 1984 by Amazon combines quality and innovation.
XSIf-9135,Lego Wayfair Sofa,Furniture,Furniture,846.34,164,10,IT,Lego,The Lego Wayfair Sofa by Lego combines quality and innovation.
clTn-0132,Amazon Zara T-Shirt,Clothing,Clothing,890.14,31,5,IT,Amazon,The Amazon Zara T-Shirt by Amazon combines quality and innovation.
itiM-6576,Fisher-Price Playmobil Castle,Toy,Toy,789.96,190,14,UE,Fisher-Price,The Fisher-Price Playmobil Castle by Fisher-Price combines quality and innovation.
bBgH-5280,Logitech Atomic Habits,Books,Books,435.52,178,13,UE,Logitech,The Logitech Atomic Habits by Logitech combines quality and innovation.
WgZZ-1840,Lego 1984,Books,Books,235.84,156,1,UE,Lego,The Lego 1984 by Lego combines quality and innovation.
oFHD-8882,Bloomsbury Bookshelf Unit,Furniture,Furniture,81.44,135,13,UE,Bloomsbury,The Bloomsbury Bookshelf Unit by Bloomsbury combines quality and innovation.
DzTd-6819,H&M The Silent Patient,Books,Books,213.36,12,3,UE,H&M,The H&M The Silent Patient by H&M combines quality and innovation.
EtHg-3585,Simon & Schuster H&M Jacket,Clothing,Clothing,723.25,33,11,UE,Simon & Schuster,The Simon & Schuster H&M Jacket by Simon & Schuster combines quality and innovation.
yUIU-5270,Bloomsbury Adidas Tracksuit,Clothing,Clothing,180.89,152,10,IT,Bloomsbury,The Bloomsbury Adidas Tracksuit by Bloomsbury combines quality and innovation.
qsSb-8157,CB2 Wayfair Sofa,Furniture,Furniture,247.64,80,14,UE,CB2,The CB2 Wayfair Sofa by CB2 combines quality and innovation.
KpmU-5492,Logitech IKEA MALM Bed,Furniture,Furniture,513.35,141,11,IT,Logitech,The Logitech IKEA MALM Bed by Logitech combines quality and innovation.
oheE-4581,Random House Ashley Dining Table,Furniture,Furniture,427.88,167,12,UE,Random House,The Random House Ashley Dining Table by Random House combines quality and innovation.
nXzR-4420,Fisher-Price Adidas Tracksuit,Clothing,Clothing,636.89,119,1,IT,Fisher-Price,The Fisher-Price Adidas Tracksuit by Fisher-Price combines quality and innovation.
UVhy-6210,HarperCollins Wayfair Sofa,Furniture,Furniture,391.6,34,9,UE,HarperCollins,The HarperCollins Wayfair Sofa by HarperCollins combines quality and innovation.
wqVj-7340,Lego H&M Jacket,Clothing,Clothing,586.23,154,7,UE,Lego,The Lego H&M Jacket by Lego combines quality and innovation.
TNUK-8492,Lego Wayfair Sofa,Furniture,Furniture,665.51,21,8,UE,Lego,The Lego Wayfair Sofa by Lego combines quality and innovation.
TQYF-0988,IKEA Atomic Habits,Books,Books,752.75,187,8,IT,IKEA,The IKEA Atomic Habits by IKEA combines quality and innovation.
FBCk-2604,Zara 1984,Books,Books,592.91,8,1,UE,Zara,The Zara 1984 by Zara combines quality and innovation.
rvXs-8618,Penguin Zara T-Shirt,Clothing,Clothing,535.55,119,8,IT,Penguin,The Penguin Zara T-Shirt by Penguin combines quality and innovation.
lOnZ-9607,Logitech Dune,Books,Books,165.56,42,1,IT,Logitech,The Logitech Dune by Logitech combines quality and innovation.
LQQU-9604,Logitech Wayfair Sofa,Furniture,Furniture,120.46,117,9,UE,Logitech,The Logitech Wayfair Sofa by Logitech combines quality and innovation.
nNsk-6506,Random House H&M Jacket,Clothing,Clothing,55.68,14,1,IT,Random House,The Random House H&M Jacket by Random House combines quality and innovation.
uMDA-5386,Anker Zara T-Shirt,Clothing,Clothing,276.61,44,5,UE,Anker,The Anker Zara T-Shirt by Anker combines quality and innovation.
QnGK-6523,Mattel Galaxy S22,Smartphone,Smartphone,535.26,188,3,IT,Mattel,The Mattel Galaxy S22 by Mattel combines quality and innovation.
qXKf-8576,Wayfair Desk Lamp,Furniture,Furniture,550.18,61,13,IT,Wayfair,The Wayfair Desk Lamp by Wayfair combines quality and innovation.
uNBM-9353,West Elm Lego City,Toy,Toy,831.44,159,4,IT,West Elm,The West Elm Lego City by West Elm combines quality and innovation.
fkYB-7831,Apple Lego City,Toy,Toy,657.51,157,9,UE,Apple,The Apple Lego City by Apple combines quality and innovation.
wNEk-4676,Zara iPhone 14,Smartphone,Smartphone,425.37,192,2,IT,Zara,The Zara iPhone 14 by Zara combines quality and innovation.
WeXP-4195,Logitech Zara T-Shirt,Clothing,Clothing,521.69,27,12,UE,Logitech,The Logitech Zara T-Shirt by Logitech combines quality and innovation.
BSfB-9446,Bose Wayfair Sofa,Furniture,Furniture,122.59,39,6,UE,Bose,The Bose Wayfair Sofa by Bose combines quality and innovation.
MPie-5524,Fisher-Price Xiaomi Redmi,Smartphone,Smartphone,749.55,121,2,UE,Fisher-Price,The Fisher-Price Xiaomi Redmi by Fisher-Price combines quality and innovation.
jrKh-1837,Zara Adidas Tracksuit,Clothing,Clothing,57.25,107,13,UE,Zara,The Zara Adidas Tracksuit by Zara combines quality and innovation.
xUlo-2566,CB2 Galaxy S22,Smartphone,Smartphone,646.35,131,13,UE,CB2,The CB2 Galaxy S22 by CB2 combines quality and innovation.
FGAE-7053,Playmobil Levi's Jeans,Clothing,Clothing,340.9,137,4,IT,Playmobil,The Playmobil Levi's Jeans by Playmobil combines quality and innovation.
TAmI-3018,Apple Wayfair Sofa,Furniture,Furniture,982.99,185,14,IT,Apple,The Apple Wayfair Sofa by Apple combines quality and innovation.
OiEq-4246,CB2 Nike Hoodie,Clothing,Clothing,203.76,160,6,IT,CB2,The CB2 Nike Hoodie by CB2 combines quality and innovation.
igil-9712,Levi's Pixel 7,Smartphone,Smartphone,811.11,42,12,UE,Levi's,The Levi's Pixel 7 by Levi's combines quality and innovation.
WcxH-8219,West Elm To Kill a Mockingbird,Books,Books,128.39,88,8,IT,West Elm,The West Elm To Kill a Mockingbird by West Elm combines quality and innovation.
FdLs-0918,IKEA OnePlus Nord,Smartphone,Smartphone,518.2,78,13,UE,IKEA,The IKEA OnePlus Nord by IKEA combines quality and innovation.
STVm-2730,Mattel Galaxy S22,Smartphone,Smartphone,184.08,9,1,UE,Mattel,The Mattel Galaxy S22 by Mattel combines quality and innovation.
KOAg-4083,Mattel Wayfair Sofa,Furniture,Furniture,757.35,51,11,UE,Mattel,The Mattel Wayfair Sofa by Mattel combines quality and innovation.
bjvK-1259,Logitech To Kill a Mockingbird,Books,Books,931.79,7,13,UE,Logitech,The Logitech To Kill a Mockingbird by Logitech combines quality and innovation.
HXnM-1551,Penguin Playmobil Castle,Toy,Toy,972.33,158,10,UE,Penguin,The Penguin Playmobil Castle by Penguin combines quality and innovation.
KrUp-6986,Adidas IKEA MALM Bed,Furniture,Furniture,96.07,24,3,IT,Adidas,The Adidas IKEA MALM Bed by Adidas combines quality and innovation.
glvq-3579,HarperCollins Levi's Jeans,Clothing,Clothing,115.84,174,10,UE,HarperCollins,The HarperCollins Levi's Jeans by HarperCollins combines quality and innovation.
UtZx-4328,Pottery Barn Playmobil Castle,Toy,Toy,439.72,61,7,IT,Pottery Barn,The Pottery Barn Playmobil Castle by Pottery Barn combines quality and innovation.
YHgi-1641,Pottery Barn Hot Wheels,Toy,Toy,696.19,42,9,IT,Pottery Barn,The Pottery Barn Hot Wheels by Pottery Barn combines quality and innovation.
oJhK-0193,Simon & Schuster Xiaomi Redmi,Smartphone,Smartphone,994.88,21,12,UE,Simon & Schuster,The Simon & Schuster Xiaomi Redmi by Simon & Schuster combines quality and innovation.
EMvp-5242,Adidas Ashley Dining Table,Furniture,Furniture,519.4,114,8,UE,Adidas,The Adidas Ashley Dining Table by Adidas combines quality and innovation.
Jmbi-4551,Playmobil 1984,Books,Books,142.0,104,3,UE,Playmobil,The Playmobil 1984 by Playmobil combines quality and innovation.
lVLG-7885,Lego Galaxy S22,Smartphone,Smartphone,837.97,183,1,UE,Lego,The Lego Galaxy S22 by Lego combines quality and innovation.
ssFC-7723,Mattel NERF Blaster,Toy,Toy,639.85,175,9,UE,Mattel,The Mattel NERF Blaster by Mattel combines quality and innovation.
XMKY-3940,Adidas To Kill a Mockingbird,Books,Books,351.3,9,4,IT,Adidas,The Adidas To Kill a Mockingbird by Adidas combines quality and innovation.
hVBx-9563,IKEA Levi's Jeans,Clothing,Clothing,320.45,60,2,IT,IKEA,The IKEA Levi's Jeans by IKEA combines quality and innovation.
IJPL-9359,Sony Galaxy S22,Smartphone,Smartphone,497.99,106,3,UE,Sony,The Sony Galaxy S22 by Sony combines quality and innovation.
gNWr-5243,Fisher-Price Desk Lamp,Furniture,Furniture,219.14,193,9,IT,Fisher-Price,The Fisher-Price Desk Lamp by Fisher-Price combines quality and innovation.
Tqez-3398,Playmobil The Silent Patient,Books,Books,392.02,94,11,UE,Playmobil,The Playmobil The Silent Patient by Playmobil combines quality and innovation.
zkTN-1075,Logitech Pixel 7,Smartphone,Smartphone,602.54,119,7,IT,Logitech,The Logitech Pixel 7 by Logitech combines quality and innovation.
ElaN-4354,Levi's Galaxy S22,Smartphone,Smartphone,260.71,132,6,IT,Levi's,The Levi's Galaxy S22 by Levi's combines quality and innovation.
OrsU-4343,Levi's Hot Wheels,Toy,Toy,367.91,74,12,UE,Levi's,The Levi's Hot Wheels by Levi's combines quality and innovation.
BeUA-8156,Bloomsbury OnePlus Nord,Smartphone,Smartphone,742.44,29,3,UE,Bloomsbury,The Bloomsbury OnePlus Nord by Bloomsbury combines quality and innovation.
rnMC-0308,West Elm iPhone 14,Smartphone,Smartphone,981.8,89,3,IT,West Elm,The West Elm iPhone 14 by West Elm combines quality and innovation.
eTsU-6017,Zara Dune,Books,Books,41.09,72,3,IT,Zara,The Zara Dune by Zara combines quality and innovation.
iBud-6556,Playmobil Galaxy S22,Smartphone,Smartphone,249.64,145,10,IT,Playmobil,The Playmobil Galaxy S22 by Playmobil combines quality and innovation.
nonD-6521,Sony Playmobil Castle,Toy,Toy,425.66,58,7,UE,Sony,The Sony Playmobil Castle by Sony combines quality and innovation.
EQAO-6104,Bose Bookshelf Unit,Furniture,Furniture,127.24,72,12,IT,Bose,The Bose Bookshelf Unit by Bose combines quality and innovation.
Psgt-8055,Bloomsbury Levi's Jeans,Clothing,Clothing,483.2,41,2,UE,Bloomsbury,The Bloomsbury Levi's Jeans by Bloomsbury combines quality and innovation.
bbgO-8886,Apple H&M Jacket,Clothing,Clothing,481.4,22,4,IT,Apple,The Apple H&M Jacket by Apple combines quality and innovation.
kqtg-3478,Bloomsbury Pixel 7,Smartphone,Smartphone,58.18,150,1,UE,Bloomsbury,The Bloomsbury Pixel 7 by Bloomsbury combines quality and innovation.
sQrw-9159,Lego Ashley Dining Table,Furniture,Furniture,155.13,196,14,UE,Lego,The Lego Ashley Dining Table by Lego combines quality and innovation.
ZmYg-0859,H&M Pixel 7,Smartphone,Smartphone,688.61,5,4,UE,H&M,The H&M Pixel 7 by H&M combines quality and innovation.
IbhE-2926,Bose Barbie Dreamhouse,Toy,Toy,511.06,165,12,UE,Bose,The Bose Barbie Dreamhouse by Bose combines quality and innovation.
DOPt-5524,Anker Ashley Dining Table,Furniture,Furniture,444.51,170,7,IT,Anker,The Anker Ashley Dining Table by Anker combines quality and innovation.
WVpE-9215,HarperCollins iPhone 14,Smartphone,Smartphone,407.77,71,5,UE,HarperCollins,The HarperCollins iPhone 14 by HarperCollins combines quality and innovation.
JWof-7423,Apple IKEA MALM Bed,Furniture,Furniture,943.01,129,13,IT,Apple,The Apple IKEA MALM Bed by Apple combines quality and innovation.
QYPV-9781,Anker Wayfair Sofa,Furniture,Furniture,63.7,148,12,IT,Anker,The Anker Wayfair Sofa by Anker combines quality and innovation.
HisH-0503,CB2 Wayfair Sofa,Furniture,Furniture,192.87,73,7,IT,CB2,The CB2 Wayfair Sofa by CB2 combines quality and innovation.
WFdM-0476,Puma NERF Blaster,Toy,Toy,552.84,116,3,IT,Puma,The Puma NERF Blaster by Puma combines quality and innovation.
YkXp-6761,West Elm IKEA MALM Bed,Furniture,Furniture,756.88,179,7,UE,West Elm,The West Elm IKEA MALM Bed by West Elm combines quality and innovation.
dJJb-2755,Amazon Bookshelf Unit,Furniture,Furniture,268.3,14,13,IT,Amazon,The Amazon Bookshelf Unit by Amazon combines quality and innovation.
SWLE-9786,Levi's OnePlus Nord,Smartphone,Smartphone,255.94,21,9,UE,Levi's,The Levi's OnePlus Nord by Levi's combines quality and innovation.
pSLK-2132,Bloomsbury NERF Blaster,Toy,Toy,728.82,113,2,UE,Bloomsbury,The Bloomsbury NERF Blaster by Bloomsbury combines quality and innovation.
yhpq-0064,Sony Levi's Jeans,Clothing,Clothing,244.4,52,1,UE,Sony,The Sony Levi's Jeans by Sony combines quality and innovation.
sUrM-7686,Zara Adidas Tracksuit,Clothing,Clothing,320.33,82,7,UE,Zara,The Zara Adidas Tracksuit by Zara combines quality and innovation.
vXMD-0181,HarperCollins Lego City,Toy,Toy,366.6,152,4,UE,HarperCollins,The HarperCollins Lego City by HarperCollins combines quality and innovation.
MAQR-7045,Adidas Atomic Habits,Books,Books,767.26,37,6,IT,Adidas,The Adidas Atomic Habits by Adidas combines quality and innovation.
gjHf-1785,Logitech Xiaomi Redmi,Smartphone,Smartphone,48.91,141,2,UE,Logitech,The Logitech Xiaomi Redmi by Logitech combines quality and innovation.
StAW-7337,Amazon Galaxy S22,Smartphone,Smartphone,200.38,25,8,IT,Amazon,The Amazon Galaxy S22 by Amazon combines quality and innovation.
KuoG-0142,Mattel Atomic Habits,Books,Books,209.26,177,14,UE,Mattel,The Mattel Atomic Habits by Mattel combines quality and innovation.
Alnu-3825,Amazon Desk Lamp,Furniture,Furniture,445.92,64,13,UE,Amazon,The Amazon Desk Lamp by Amazon combines quality and innovation.
fLyj-2707,Adidas IKEA MALM Bed,Furniture,Furniture,71.88,60,9,UE,Adidas,The Adidas IKEA MALM Bed by Adidas combines quality and innovation.
kfku-0518,Nike Lego City,Toy,Toy,564.88,194,12,UE,Nike,The Nike Lego City by Nike combines quality and innovation.
pKLY-1506,Playmobil Barbie Dreamhouse,Toy,Toy,355.81,126,3,IT,Playmobil,The Playmobil Barbie Dreamhouse by Playmobil combines quality and innovation.
capV-1777,West Elm NERF Blaster,Toy,Toy,657.49,69,8,UE,West Elm,The West Elm NERF Blaster by West Elm combines quality and innovation.
KyMM-8721,Fisher-Price Dune,Books,Books,851.93,47,8,IT,Fisher-Price,The Fisher-Price Dune by Fisher-Price combines quality and innovation.
HpbB-3545,IKEA H&M Jacket,Clothing,Clothing,524.81,70,13,UE,IKEA,The IKEA H&M Jacket by IKEA combines quality and innovation.
sddI-3693,H&M Ashley Dining Table,Furniture,Furniture,36.3,8,1,IT,H&M,The H&M Ashley Dining Table by H&M combines quality and innovation.
oDZE-8047,Pottery Barn Levi's Jeans,Clothing,Clothing,579.73,79,14,IT,Pottery Barn,The Pottery Barn Levi's Jeans by Pottery Barn combines quality and innovation.
alIG-7454,Pottery Barn Xiaomi Redmi,Smartphone,Smartphone,771.56,164,6,UE,Pottery Barn,The Pottery Barn Xiaomi Redmi by Pottery Barn combines quality and innovation.
hBzp-8547,Pottery Barn Atomic Habits,Books,Books,193.96,25,4,IT,Pottery Barn,The Pottery Barn Atomic Habits by Pottery Barn combines quality and innovation.
SvZK-0420,Fisher-Price Barbie Dreamhouse,Toy,Toy,701.07,45,14,IT,Fisher-Price,The Fisher-Price Barbie Dreamhouse by Fisher-Price combines quality and innovation.
yhVr-1907,Apple OnePlus Nord,Smartphone,Smartphone,481.32,50,13,IT,Apple,The Apple OnePlus Nord by Apple combines quality and innovation.
snIm-4389,Apple Zara T-Shirt,Clothing,Clothing,594.97,66,5,IT,Apple,The Apple Zara T-Shirt by Apple combines quality and innovation.
stSY-6726,Puma iPhone 14,Smartphone,Smartphone,672.41,5,6,IT,Puma,The Puma iPhone 14 by Puma combines quality and innovation.
oppd-2155,West Elm To Kill a Mockingbird,Books,Books,311.15,113,9,IT,West Elm,The West Elm To Kill a Mockingbird by West Elm combines quality and innovation.
Vicd-9461,Bose The Silent Patient,Books,Books,124.19,163,1,UE,Bose,The Bose The Silent Patient by Bose combines quality and innovation.
nXCQ-7315,Wayfair IKEA MALM Bed,Furniture,Furniture,480.7,31,3,UE,Wayfair,The Wayfair IKEA MALM Bed by Wayfair combines quality and innovation.
QVqe-8764,Bloomsbury Atomic Habits,Books,Books,657.79,59,9,IT,Bloomsbury,The Bloomsbury Atomic Habits by Bloomsbury combines quality and innovation.
Njlb-1037,Sony Galaxy S22,Smartphone,Smartphone,58.62,169,3,UE,Sony,The Sony Galaxy S22 by Sony combines quality and innovation.
Cmtr-2594,Bloomsbury IKEA MALM Bed,Furniture,Furniture,577.1,74,1,UE,Bloomsbury,The Bloomsbury IKEA MALM Bed by Bloomsbury combines quality and innovation.
XonS-2689,West Elm OnePlus Nord,Smartphone,Smartphone,508.78,156,3,UE,West Elm,The West Elm OnePlus Nord by West Elm combines quality and innovation.
pFBc-6668,Fisher-Price Atomic Habits,Books,Books,789.93,40,11,UE,Fisher-Price,The Fisher-Price Atomic Habits by Fisher-Price combines quality and innovation.
tkTZ-2222,Levi's Dune,Books,Books,931.9,85,7,IT,Levi's,The Levi's Dune by Levi's combines quality and innovation.
Llqq-2648,Bose Wayfair Sofa,Furniture,Furniture,638.39,96,9,IT,Bose,The Bose Wayfair Sofa by Bose combines quality and innovation.
yzgV-0591,West Elm Barbie Dreamhouse,Toy,Toy,104.22,13,1,IT,West Elm,The West Elm Barbie Dreamhouse by West Elm combines quality and innovation.
HKgh-8801,Sony Playmobil Castle,Toy,Toy,113.7,39,9,IT,Sony,The Sony Playmobil Castle by Sony combines quality and innovation.
zQzW-4113,Sony Pixel 7,Smartphone,Smartphone,605.04,114,6,UE,Sony,The Sony Pixel 7 by Sony combines quality and innovation.
zsli-6959,Penguin Nike Hoodie,Clothing,Clothing,231.86,166,14,UE,Penguin,The Penguin Nike Hoodie by Penguin combines quality and innovation.
ukmO-0911,Anker IKEA MALM Bed,Furniture,Furniture,563.35,77,10,IT,Anker,The Anker IKEA MALM Bed by Anker combines quality and innovation.
WNez-4152,IKEA Xiaomi Redmi,Smartphone,Smartphone,352.8,129,1,UE,IKEA,The IKEA Xiaomi Redmi by IKEA combines quality and innovation.
JRay-9854,HarperCollins Dune,Books,Books,809.92,145,2,UE,HarperCollins,The HarperCollins Dune by HarperCollins combines quality and innovation.
lrSi-9798,H&M The Silent Patient,Books,Books,127.33,85,1,UE,H&M,The H&M The Silent Patient by H&M combines quality and innovation.
jxQf-1184,Nike Galaxy S22,Smartphone,Smartphone,147.83,85,12,UE,Nike,The Nike Galaxy S22 by Nike combines quality and innovation.
VTzz-8179,Amazon Nike Hoodie,Clothing,Clothing,261.77,70,10,IT,Amazon,The Amazon Nike Hoodie by Amazon combines quality and innovation.
eIQA-4310,Amazon IKEA MALM Bed,Furniture,Furniture,713.21,148,11,UE,Amazon,The Amazon IKEA MALM Bed by Amazon combines quality and innovation.
WMSh-2364,Puma Desk Lamp,Furniture,Furniture,851.81,145,8,IT,Puma,The Puma Desk Lamp by Puma combines quality and innovation.
athq-0244,H&M Adidas Tracksuit,Clothing,Clothing,234.47,153,9,IT,H&M,The H&M Adidas Tracksuit by H&M combines quality and innovation.
AZRJ-4164,Bloomsbury Dune,Books,Books,467.31,78,8,UE,Bloomsbury,The Bloomsbury Dune by Bloomsbury combines quality and innovation.
pHPP-9355,Apple Levi's Jeans,Clothing,Clothing,343.0,96,6,IT,Apple,The Apple Levi's Jeans by Apple combines quality and innovation.
cuLJ-4174,Playmobil Barbie Dreamhouse,Toy,Toy,806.21,148,13,IT,Playmobil,The Playmobil Barbie Dreamhouse by Playmobil combines quality and innovation.
JHXo-9742,Apple To Kill a Mockingbird,Books,Books,253.82,31,3,UE,Apple,The Apple To Kill a Mockingbird by Apple combines quality and innovation.
OLUn-6045,CB2 Pixel 7,Smartphone,Smartphone,838.52,113,3,IT,CB2,The CB2 Pixel 7 by CB2 combines quality and innovation.
XeDx-6345,Wayfair Nike Hoodie,Clothing,Clothing,574.74,16,8,UE,Wayfair,The Wayfair Nike Hoodie by Wayfair combines quality and innovation.
TSmR-2694,Bloomsbury H&M Jacket,Clothing,Clothing,390.32,49,8,IT,Bloomsbury,The Bloomsbury H&M Jacket by Bloomsbury combines quality and innovation.
jTix-6730,Zara Adidas Tracksuit,Clothing,Clothing,817.73,76,3,IT,Zara,The Zara Adidas Tracksuit by Zara combines quality and innovation.
dYPk-0225,Penguin Adidas Tracksuit,Clothing,Clothing,996.69,184,10,UE,Penguin,The Penguin Adidas Tracksuit by Penguin combines quality and innovation.
NhrW-5105,West Elm Galaxy S22,Smartphone,Smartphone,592.83,198,14,IT,West Elm,The West Elm Galaxy S22 by West Elm combines quality and innovation.
KJfo-8060,IKEA 1984,Books,Books,167.76,86,1,IT,IKEA,The IKEA 1984 by IKEA combines quality and innovation.
pGJY-7085,Adidas 1984,Books,Books,832.4,62,11,UE,Adidas,The Adidas 1984 by Adidas combines quality and innovation.
MzpD-8234,Nike iPhone 14,Smartphone,Smartphone,41.42,195,3,IT,Nike,The Nike iPhone 14 by Nike combines quality and innovation.
PfSl-8527,HarperCollins 1984,Books,Books,312.21,162,12,IT,HarperCollins,The HarperCollins 1984 by HarperCollins combines quality and innovation.
XrFP-2110,Simon & Schuster Zara T-Shirt,Clothing,Clothing,819.64,92,8,UE,Simon & Schuster,The Simon & Schuster Zara T-Shirt by Simon & Schuster combines quality and innovation.
IWHn-5612,Playmobil The Silent Patient,Books,Books,500.52,172,4,UE,Playmobil,The Playmobil The Silent Patient by Playmobil combines quality and innovation.
eFGC-4656,Puma Ashley Dining Table,Furniture,Furniture,899.9,149,5,IT,Puma,The Puma Ashley Dining Table by Puma combines quality and innovation.
uEsS-1355,Apple IKEA MALM Bed,Furniture,Furniture,790.0,173,1,UE,Apple,The Apple IKEA MALM Bed by Apple combines quality and innovation.
eecX-2818,Adidas Nike Hoodie,Clothing,Clothing,539.91,109,1,UE,Adidas,The Adidas Nike Hoodie by Adidas combines quality and innovation.
YbnY-1977,Adidas Galaxy S22,Smartphone,Smartphone,970.29,103,11,IT,Adidas,The Adidas Galaxy S22 by Adidas combines quality and innovation.
pQFU-4379,Adidas The Silent Patient,Books,Books,889.28,43,14,IT,Adidas,The Adidas The Silent Patient by Adidas combines quality and innovation.
NKhd-5079,Wayfair Atomic Habits,Books,Books,138.86,194,3,UE,Wayfair,The Wayfair Atomic Habits by Wayfair combines quality and innovation.
kMCK-6918,Nike Nike Hoodie,Clothing,Clothing,130.4,95,13,UE,Nike,The Nike Nike Hoodie by Nike combines quality and innovation.
Jpjb-0182,Puma Atomic Habits,Books,Books,676.91,140,3,UE,Puma,The Puma Atomic Habits by Puma combines quality and innovation.
szkf-3487,West Elm Barbie Dreamhouse,Toy,Toy,588.13,172,11,IT,West Elm,The West Elm Barbie Dreamhouse by West Elm combines quality and innovation.
Nfcb-3269,Zara Desk Lamp,Furniture,Furniture,171.97,72,4,IT,Zara,The Zara Desk Lamp by Zara combines quality and innovation.
LrwC-4904,Bose Pixel 7,Smartphone,Smartphone,194.37,92,5,IT,Bose,The Bose Pixel 7 by Bose combines quality and innovation.
ZgTO-9294,Levi's Nike Hoodie,Clothing,Clothing,499.31,95,1,UE,Levi's,The Levi's Nike Hoodie by Levi's combines quality and innovation.
Yqml-3265,Wayfair Barbie Dreamhouse,Toy,Toy,658.06,179,3,IT,Wayfair,The Wayfair Barbie Dreamhouse by Wayfair combines quality and innovation.
NCOS-1178,HarperCollins Levi's Jeans,Clothing,Clothing,772.85,27,2,UE,HarperCollins,The HarperCollins Levi's Jeans by HarperCollins combines quality and innovation.
ZDai-5378,Anker Wayfair Sofa,Furniture,Furniture,717.5,34,9,UE,Anker,The Anker Wayfair Sofa by Anker combines quality and innovation.
lPTn-6730,Lego Ashley Dining Table,Furniture,Furniture,85.25,26,11,IT,Lego,The Lego Ashley Dining Table by Lego combines quality and innovation.
SUfj-6096,Apple Zara T-Shirt,Clothing,Clothing,247.47,94,7,IT,Apple,The Apple Zara T-Shirt by Apple combines quality and innovation.
zBgz-3895,Adidas Galaxy S22,Smartphone,Smartphone,80.66,148,10,IT,Adidas,The Adidas Galaxy S22 by Adidas combines quality and innovation.
FzBd-4163,Fisher-Price Dune,Books,Books,650.58,149,2,IT,Fisher-Price,The Fisher-Price Dune by Fisher-Price combines quality and innovation.
akAq-1062,Simon & Schuster Pixel 7,Smartphone,Smartphone,967.1,192,6,IT,Simon & Schuster,The Simon & Schuster Pixel 7 by Simon & Schuster combines quality and innovation.
ekzD-5142,Nike Bookshelf Unit,Furniture,Furniture,194.81,166,13,IT,Nike,The Nike Bookshelf Unit by Nike combines quality and innovation.
jtuP-6931,Sony H&M Jacket,Clothing,Clothing,362.27,29,10,UE,Sony,The Sony H&M Jacket by Sony combines quality and innovation.
AzAx-5708,Penguin Hot Wheels,Toy,Toy,426.67,114,3,UE,Penguin,The Penguin Hot Wheels by Penguin combines quality and innovation.
bcZo-2002,H&M Ashley Dining Table,Furniture,Furniture,809.73,31,13,UE,H&M,The H&M Ashley Dining Table by H&M combines quality and innovation.
bKzY-8716,H&M Lego City,Toy,Toy,286.87,192,2,UE,H&M,The H&M Lego City by H&M combines quality and innovation.
eeVG-8627,Bose 1984,Books,Books,408.07,122,2,IT,Bose,The Bose 1984 by Bose combines quality and innovation.
MXAX-9834,Nike Playmobil Castle,Toy,Toy,566.11,89,1,IT,Nike,The Nike Playmobil Castle by Nike combines quality and innovation.
qCdv-7574,H&M IKEA MALM Bed,Furniture,Furniture,386.1,49,9,UE,H&M,The H&M IKEA MALM Bed by H&M combines quality and innovation.
ZWnV-6764,Bose Bookshelf Unit,Furniture,Furniture,503.48,63,3,UE,Bose,The Bose Bookshelf Unit by Bose combines quality and innovation.
aqpB-3979,Lego To Kill a Mockingbird,Books,Books,928.82,175,3,UE,Lego,The Lego To Kill a Mockingbird by Lego combines quality and innovation.
jwrk-2447,IKEA IKEA MALM Bed,Furniture,Furniture,300.94,170,9,UE,IKEA,The IKEA IKEA MALM Bed by IKEA combines quality and innovation.
Hstt-2769,Wayfair Galaxy S22,Smartphone,Smartphone,761.1,151,5,UE,Wayfair,The Wayfair Galaxy S22 by Wayfair combines quality and innovation.
IeBF-9523,Penguin To Kill a Mockingbird,Books,Books,755.17,150,1,UE,Penguin,The Penguin To Kill a Mockingbird by Penguin combines quality and innovation.
vDGH-0323,Fisher-Price Atomic Habits,Books,Books,565.4,86,5,IT,Fisher-Price,The Fisher-Price Atomic Habits by Fisher-Price combines quality and innovation.
DzWi-7502,Amazon Barbie Dreamhouse,Toy,Toy,980.81,138,8,UE,Amazon,The Amazon Barbie Dreamhouse by Amazon combines quality and innovation.
nsFT-0033,H&M Xiaomi Redmi,Smartphone,Smartphone,892.1,184,9,IT,H&M,The H&M Xiaomi Redmi by H&M combines quality and innovation.
jhER-9769,Apple Nike Hoodie,Clothing,Clothing,123.6,76,6,UE,Apple,The Apple Nike Hoodie by Apple combines quality and innovation.
rtYQ-4032,Playmobil Zara T-Shirt,Clothing,Clothing,160.09,154,14,UE,Playmobil,The Playmobil Zara T-Shirt by Playmobil combines quality and innovation.
UMSl-1900,Amazon Dune,Books,Books,959.22,58,14,IT,Amazon,The Amazon Dune by Amazon combines quality and innovation.
dUDQ-6817,Zara 1984,Books,Books,648.36,26,11,IT,Zara,The Zara 1984 by Zara combines quality and innovation.
lnss-2852,Playmobil Nike Hoodie,Clothing,Clothing,186.49,91,14,IT,Playmobil,The Playmobil Nike Hoodie by Playmobil combines quality and innovation.
KhKi-4882,Random House Hot Wheels,Toy,Toy,906.88,121,12,IT,Random House,The Random House Hot Wheels by Random House combines quality and innovation.
vjzA-7294,West Elm Barbie Dreamhouse,Toy,Toy,74.46,166,7,IT,West Elm,The West Elm Barbie Dreamhouse by West Elm combines quality and innovation.
ifno-5173,Adidas H&M Jacket,Clothing,Clothing,204.0,15,5,IT,Adidas,The Adidas H&M Jacket by Adidas combines quality and innovation.
EbaG-6376,Mattel Adidas Tracksuit,Clothing,Clothing,904.13,103,11,IT,Mattel,The Mattel Adidas Tracksuit by Mattel combines quality and innovation.
cXIt-8707,Random House The Silent Patient,Books,Books,628.3,5,10,IT,Random House,The Random House The Silent Patient by Random House combines quality and innovation.
TIVA-1077,Zara Nike Hoodie,Clothing,Clothing,306.23,59,2,UE,Zara,The Zara Nike Hoodie by Zara combines quality and innovation.
kdkZ-5082,Wayfair Adidas Tracksuit,Clothing,Clothing,46.54,96,12,IT,Wayfair,The Wayfair Adidas Tracksuit by Wayfair combines quality and innovation.
ZhIy-9261,West Elm 1984,Books,Books,299.35,146,4,IT,West Elm,The West Elm 1984 by West Elm combines quality and innovation.
xqWh-1334,H&M Xiaomi Redmi,Smartphone,Smartphone,427.82,195,11,UE,H&M,The H&M Xiaomi Redmi by H&M combines quality and innovation.
jUlE-7876,Bose OnePlus Nord,Smartphone,Smartphone,165.25,54,13,IT,Bose,The Bose OnePlus Nord by Bose combines quality and innovation.
bMev-2197,Bose H&M Jacket,Clothing,Clothing,385.03,162,11,IT,Bose,The Bose H&M Jacket by Bose combines quality and innovation.
AnaB-9012,West Elm OnePlus Nord,Smartphone,Smartphone,102.21,74,14,IT,West Elm,The West Elm OnePlus Nord by West Elm combines quality and innovation.
gSkU-3174,Levi's Zara T-Shirt,Clothing,Clothing,209.56,183,14,IT,Levi's,The Levi's Zara T-Shirt by Levi's combines quality and innovation.
jXyr-6504,Random House Bookshelf Unit,Furniture,Furniture,884.23,72,13,UE,Random House,The Random House Bookshelf Unit by Random House combines quality and innovation.
JSjj-0858,H&M Desk Lamp,Furniture,Furniture,867.16,91,1,IT,H&M,The H&M Desk Lamp by H&M combines quality and innovation.
HuxP-3144,Levi's Dune,Books,Books,582.7,36,13,IT,Levi's,The Levi's Dune by Levi's combines quality and innovation.
vSow-2544,Sony Playmobil Castle,Toy,Toy,267.33,156,14,UE,Sony,The Sony Playmobil Castle by Sony combines quality and innovation.
JzhE-7631,IKEA Xiaomi Redmi,Smartphone,Smartphone,365.09,54,8,UE,IKEA,The IKEA Xiaomi Redmi by IKEA combines quality and innovation.
QsRw-0202,Mattel iPhone 14,Smartphone,Smartphone,941.74,192,9,UE,Mattel,The Mattel iPhone 14 by Mattel combines quality and innovation.
rtwJ-9794,Levi's Desk Lamp,Furniture,Furniture,430.68,6,4,UE,Levi's,The Levi's Desk Lamp by Levi's combines quality and innovation.
vYqQ-6347,West Elm 1984,Books,Books,539.04,35,9,UE,West Elm,The West Elm 1984 by West Elm combines quality and innovation.
VnGc-9898,Nike Lego City,Toy,Toy,20.95,39,12,IT,Nike,The Nike Lego City by Nike combines quality and innovation.
ScfH-7785,Zara Bookshelf Unit,Furniture,Furniture,244.87,22,2,UE,Zara,The Zara Bookshelf Unit by Zara combines quality and innovation.
KxBx-1176,Apple Zara T-Shirt,Clothing,Clothing,513.83,50,3,UE,Apple,The Apple Zara T-Shirt by Apple combines quality and innovation.
Bwsg-6026,Fisher-Price Pixel 7,Smartphone,Smartphone,142.16,178,1,IT,Fisher-Price,The Fisher-Price Pixel 7 by Fisher-Price combines quality and innovation.
VzIf-9871,Mattel OnePlus Nord,Smartphone,Smartphone,191.88,50,13,UE,Mattel,The Mattel OnePlus Nord by Mattel combines quality and innovation.
LBxg-9866,Anker IKEA MALM Bed,Furniture,Furniture,457.32,106,13,IT,Anker,The Anker IKEA MALM Bed by Anker combines quality and innovation.
cfuU-2262,Mattel The Silent Patient,Books,Books,196.32,158,1,IT,Mattel,The Mattel The Silent Patient by Mattel combines quality and innovation.
FqiW-4196,Lego Adidas Tracksuit,Clothing,Clothing,952.41,168,5,IT,Lego,The Lego Adidas Tracksuit by Lego combines quality and innovation.
dPbV-3782,Amazon NERF Blaster,Toy,Toy,731.53,95,11,IT,Amazon,The Amazon NERF Blaster by Amazon combines quality and innovation.
Lzug-0730,CB2 Playmobil Castle,Toy,Toy,983.94,164,14,UE,CB2,The CB2 Playmobil Castle by CB2 combines quality and innovation.
XVcu-8163,Anker To Kill a Mockingbird,Books,Books,628.52,93,11,IT,Anker,The Anker To Kill a Mockingbird by Anker combines quality and innovation.
IBDo-6872,Amazon Nike Hoodie,Clothing,Clothing,928.42,140,14,UE,Amazon,The Amazon Nike Hoodie by Amazon combines quality and innovation.
QtZh-5998,Wayfair Ashley Dining Table,Furniture,Furniture,741.06,197,1,IT,Wayfair,The Wayfair Ashley Dining Table by Wayfair combines quality and innovation.
GRAP-4581,Lego Dune,Books,Books,52.69,196,10,IT,Lego,The Lego Dune by Lego combines quality and innovation.
GuXk-3654,HarperCollins Hot Wheels,Toy,Toy,695.8,53,3,UE,HarperCollins,The HarperCollins Hot Wheels by HarperCollins combines quality and innovation.
pRXE-3876,Apple OnePlus Nord,Smartphone,Smartphone,451.8,96,14,UE,Apple,The Apple OnePlus Nord by Apple combines quality and innovation.
hxSb-1659,Apple Adidas Tracksuit,Clothing,Clothing,470.56,40,6,IT,Apple,The Apple Adidas Tracksuit by Apple combines quality and innovation.
cWho-0519,Mattel Barbie Dreamhouse,Toy,Toy,562.76,59,3,IT,Mattel,The Mattel Barbie Dreamhouse by Mattel combines quality and innovation.
cfKU-8293,Logitech Lego City,Toy,Toy,495.33,161,7,UE,Logitech,The Logitech Lego City by Logitech combines quality and innovation.
xTgI-6342,CB2 Ashley Dining Table,Furniture,Furniture,669.89,84,4,UE,CB2,The CB2 Ashley Dining Table by CB2 combines quality and innovation.
EBrx-0672,Puma The Silent Patient,Books,Books,108.52,9,3,IT,Puma,The Puma The Silent Patient by Puma combines quality and innovation.
Dqij-3521,Fisher-Price Desk Lamp,Furniture,Furniture,432.28,167,12,IT,Fisher-Price,The Fisher-Price Desk Lamp by Fisher-Price combines quality and innovation.
MhJC-3645,IKEA Hot Wheels,Toy,Toy,697.8,46,4,UE,IKEA,The IKEA Hot Wheels by IKEA combines quality and innovation.
Zwxv-9591,Bose Dune,Books,Books,435.5,75,9,IT,Bose,The Bose Dune by Bose combines quality and innovation.
Qdjq-6345,West Elm Levi's Jeans,Clothing,Clothing,594.22,108,8,UE,West Elm,The West Elm Levi's Jeans by West Elm combines quality and innovation.
RKFm-6966,Puma Bookshelf Unit,Furniture,Furniture,297.9,184,12,UE,Puma,The Puma Bookshelf Unit by Puma combines quality and innovation.
NfaR-2990,Bloomsbury Ashley Dining Table,Furniture,Furniture,722.89,36,3,UE,Bloomsbury,The Bloomsbury Ashley Dining Table by Bloomsbury combines quality and innovation.
yiNh-2851,Pottery Barn 1984,Books,Books,331.29,187,3,UE,Pottery Barn,The Pottery Barn 1984 by Pottery Barn combines quality and innovation.
sgwY-7887,Adidas Desk Lamp,Furniture,Furniture,758.57,185,14,IT,Adidas,The Adidas Desk Lamp by Adidas combines quality and innovation.
bWey-6123,Sony Zara T-Shirt,Clothing,Clothing,669.3,85,4,UE,Sony,The Sony Zara T-Shirt by Sony combines quality and innovation.
tALM-8583,IKEA NERF Blaster,Toy,Toy,683.03,51,4,UE,IKEA,The IKEA NERF Blaster by IKEA combines quality and innovation.
ZQnl-3970,CB2 Barbie Dreamhouse,Toy,Toy,874.35,36,10,IT,CB2,The CB2 Barbie Dreamhouse by CB2 combines quality and innovation.
mYxZ-9041,Pottery Barn Levi's Jeans,Clothing,Clothing,551.24,26,1,UE,Pottery Barn,The Pottery Barn Levi's Jeans by Pottery Barn combines quality and innovation.
bQSI-7216,HarperCollins Playmobil Castle,Toy,Toy,718.56,8,10,UE,HarperCollins,The HarperCollins Playmobil Castle by HarperCollins combines quality and innovation.
hgCm-3828,IKEA Atomic Habits,Books,Books,686.95,77,3,UE,IKEA,The IKEA Atomic Habits by IKEA combines quality and innovation.
YuKa-2289,Anker Playmobil Castle,Toy,Toy,816.96,165,3,UE,Anker,The Anker Playmobil Castle by Anker combines quality and innovation.
uHKZ-0787,IKEA Xiaomi Redmi,Smartphone,Smartphone,113.49,93,5,IT,IKEA,The IKEA Xiaomi Redmi by IKEA combines quality and innovation.
BRWp-4447,CB2 Ashley Dining Table,Furniture,Furniture,683.61,127,3,UE,CB2,The CB2 Ashley Dining Table by CB2 combines quality and innovation.
DJOT-7699,Simon & Schuster 1984,Books,Books,515.36,125,1,UE,Simon & Schuster,The Simon & Schuster 1984 by Simon & Schuster combines quality and innovation.
DADl-9245,HarperCollins 1984,Books,Books,84.36,12,7,IT,HarperCollins,The HarperCollins 1984 by HarperCollins combines quality and innovation.
HqOi-0240,Zara Lego City,Toy,Toy,98.14,15,4,IT,Zara,The Zara Lego City by Zara combines quality and innovation.
FVFO-9351,Zara Playmobil Castle,Toy,Toy,753.79,33,4,IT,Zara,The Zara Playmobil Castle by Zara combines quality and innovation.
LYhh-7278,Adidas The Silent Patient,Books,Books,584.34,133,2,UE,Adidas,The Adidas The Silent Patient by Adidas combines quality and innovation.
omLg-0977,Lego Hot Wheels,Toy,Toy,793.74,106,12,IT,Lego,The Lego Hot Wheels by Lego combines quality and innovation.
MCDf-5556,Playmobil 1984,Books,Books,982.45,167,11,IT,Playmobil,The Playmobil 1984 by Playmobil combines quality and innovation.
aPaZ-8107,Zara Barbie Dreamhouse,Toy,Toy,26.32,126,11,IT,Zara,The Zara Barbie Dreamhouse by Zara combines quality and innovation.
DmEc-2545,IKEA Galaxy S22,Smartphone,Smartphone,90.05,154,9,IT,IKEA,The IKEA Galaxy S22 by IKEA combines quality and innovation.
pJpV-5419,Anker IKEA MALM Bed,Furniture,Furniture,167.55,137,3,UE,Anker,The Anker IKEA MALM Bed by Anker combines quality and innovation.
mkoy-6247,Zara Dune,Books,Books,36.39,9,10,IT,Zara,The Zara Dune by Zara combines quality and innovation.
cLci-8349,Apple The Silent Patient,Books,Books,124.56,163,3,UE,Apple,The Apple The Silent Patient by Apple combines quality and innovation.
osXj-3410,Playmobil Zara T-Shirt,Clothing,Clothing,514.27,193,8,UE,Playmobil,The Playmobil Zara T-Shirt by Playmobil combines quality and innovation.
NhIi-6166,Apple Hot Wheels,Toy,Toy,979.76,52,9,UE,Apple,The Apple Hot Wheels by Apple combines quality and innovation.
glJR-8865,Simon & Schuster NERF Blaster,Toy,Toy,566.61,152,14,UE,Simon & Schuster,The Simon & Schuster NERF Blaster by Simon & Schuster combines quality and innovation.
wkQZ-1121,Puma Bookshelf Unit,Furniture,Furniture,234.69,116,10,UE,Puma,The Puma Bookshelf Unit by Puma combines quality and innovation.
kGWd-9136,HarperCollins To Kill a Mockingbird,Books,Books,279.68,42,6,IT,HarperCollins,The HarperCollins To Kill a Mockingbird by HarperCollins combines quality and innovation.
KsNF-0367,Pottery Barn Xiaomi Redmi,Smartphone,Smartphone,856.83,167,9,UE,Pottery Barn,The Pottery Barn Xiaomi Redmi by Pottery Barn combines quality and innovation.
RpuR-9390,Levi's The Silent Patient,Books,Books,787.32,72,12,UE,Levi's,The Levi's The Silent Patient by Levi's combines quality and innovation.
MpmU-1100,Penguin Xiaomi Redmi,Smartphone,Smartphone,420.72,44,4,IT,Penguin,The Penguin Xiaomi Redmi by Penguin combines quality and innovation.
UqIY-0001,Amazon Hot Wheels,Toy,Toy,194.56,152,8,UE,Amazon,The Amazon Hot Wheels by Amazon combines quality and innovation.
ELbX-7503,Random House 1984,Books,Books,650.36,123,11,UE,Random House,The Random House 1984 by Random House combines quality and innovation.
ZudX-5299,Levi's Ashley Dining Table,Furniture,Furniture,578.86,103,11,UE,Levi's,The Levi's Ashley Dining Table by Levi's combines quality and innovation.
omIE-0089,Wayfair Adidas Tracksuit,Clothing,Clothing,610.86,40,10,IT,Wayfair,The Wayfair Adidas Tracksuit by Wayfair combines quality and innovation.
fYKt-7863,Puma iPhone 14,Smartphone,Smartphone,58.57,94,2,IT,Puma,The Puma iPhone 14 by Puma combines quality and innovation.
qdwj-9979,Mattel H&M Jacket,Clothing,Clothing,734.69,161,14,UE,Mattel,The Mattel H&M Jacket by Mattel combines quality and innovation.
ZGZp-1953,Zara To Kill a Mockingbird,Books,Books,60.1,191,3,IT,Zara,The Zara To Kill a Mockingbird by Zara combines quality and innovation.
bbmc-2778,Penguin Barbie Dreamhouse,Toy,Toy,510.52,129,12,UE,Penguin,The Penguin Barbie Dreamhouse by Penguin combines quality and innovation.
IYhD-5478,Penguin Hot Wheels,Toy,Toy,39.72,21,1,IT,Penguin,The Penguin Hot Wheels by Penguin combines quality and innovation.
ntrt-9656,Simon & Schuster Galaxy S22,Smartphone,Smartphone,298.5,124,4,IT,Simon & Schuster,The Simon & Schuster Galaxy S22 by Simon & Schuster combines quality and innovation.
vvaE-5738,Playmobil IKEA MALM Bed,Furniture,Furniture,842.81,122,10,UE,Playmobil,The Playmobil IKEA MALM Bed by Playmobil combines quality and innovation.
Mwqq-8256,Random House Desk Lamp,Furniture,Furniture,900.84,38,10,UE,Random House,The Random House Desk Lamp by Random House combines quality and innovation.
uJTi-6519,Penguin Playmobil Castle,Toy,Toy,667.68,7,10,IT,Penguin,The Penguin Playmobil Castle by Penguin combines quality and innovation.
SaRA-4966,Nike The Silent Patient,Books,Books,146.85,47,14,UE,Nike,The Nike The Silent Patient by Nike combines quality and innovation.
FWux-8774,Fisher-Price Atomic Habits,Books,Books,936.09,192,12,IT,Fisher-Price,The Fisher-Price Atomic Habits by Fisher-Price combines quality and innovation.
ynwK-1707,Simon & Schuster OnePlus Nord,Smartphone,Smartphone,574.97,76,14,IT,Simon & Schuster,The Simon & Schuster OnePlus Nord by Simon & Schuster combines quality and innovation.
WDhs-3598,Zara Levi's Jeans,Clothing,Clothing,517.74,169,5,UE,Zara,The Zara Levi's Jeans by Zara combines quality and innovation.
UTpK-4132,Simon & Schuster Desk Lamp,Furniture,Furniture,670.24,146,3,IT,Simon & Schuster,The Simon & Schuster Desk Lamp by Simon & Schuster combines quality and innovation.
Sucs-5562,Bose The Silent Patient,Books,Books,379.87,75,1,UE,Bose,The Bose The Silent Patient by Bose combines quality and innovation.
Tqtg-5258,Playmobil Galaxy S22,Smartphone,Smartphone,314.25,103,13,IT,Playmobil,The Playmobil Galaxy S22 by Playmobil combines quality and innovation.
OdtL-9395,Pottery Barn 1984,Books,Books,672.16,180,7,IT,Pottery Barn,The Pottery Barn 1984 by Pottery Barn combines quality and innovation.
fjtc-7830,CB2 OnePlus Nord,Smartphone,Smartphone,192.9,175,10,UE,CB2,The CB2 OnePlus Nord by CB2 combines quality and innovation.
awht-2904,HarperCollins iPhone 14,Smartphone,Smartphone,227.7,22,5,UE,HarperCollins,The HarperCollins iPhone 14 by HarperCollins combines quality and innovation.
qPiM-1879,Anker Lego City,Toy,Toy,615.86,164,13,IT,Anker,The Anker Lego City by Anker combines quality and innovation.
mKRO-2201,Lego Zara T-Shirt,Clothing,Clothing,893.74,164,9,UE,Lego,The Lego Zara T-Shirt by Lego combines quality and innovation.
NYJo-9661,Random House Levi's Jeans,Clothing,Clothing,656.35,46,10,IT,Random House,The Random House Levi's Jeans by Random House combines quality and innovation.
nVdt-4198,Mattel NERF Blaster,Toy,Toy,409.72,110,14,UE,Mattel,The Mattel NERF Blaster by Mattel combines quality and innovation.
ZVYL-8647,Wayfair Wayfair Sofa,Furniture,Furniture,184.76,188,8,UE,Wayfair,The Wayfair Wayfair Sofa by Wayfair combines quality and innovation.
wzyc-0412,H&M Bookshelf Unit,Furniture,Furniture,821.75,29,2,UE,H&M,The H&M Bookshelf Unit by H&M combines quality and innovation.
uqyZ-1702,Bloomsbury Zara T-Shirt,Clothing,Clothing,154.01,165,5,UE,Bloomsbury,The Bloomsbury Zara T-Shirt by Bloomsbury combines quality and innovation.
oCUa-2257,Bloomsbury Dune,Books,Books,355.36,139,9,UE,Bloomsbury,The Bloomsbury Dune by Bloomsbury combines quality and innovation.
UOur-7361,IKEA To Kill a Mockingbird,Books,Books,730.67,59,4,UE,IKEA,The IKEA To Kill a Mockingbird by IKEA combines quality and innovation.
hFWV-8280,Apple Hot Wheels,Toy,Toy,776.41,136,1,UE,Apple,The Apple Hot Wheels by Apple combines quality and innovation.
Ltlh-3147,Playmobil To Kill a Mockingbird,Books,Books,100.22,41,12,UE,Playmobil,The Playmobil To Kill a Mockingbird by Playmobil combines quality and innovation.
CCVV-0104,Anker Ashley Dining Table,Furniture,Furniture,42.28,22,3,UE,Anker,The Anker Ashley Dining Table by Anker combines quality and innovation.
CGSb-8446,West Elm Bookshelf Unit,Furniture,Furniture,659.29,88,9,UE,West Elm,The West Elm Bookshelf Unit by West Elm combines quality and innovation.
TsHF-5630,IKEA Zara T-Shirt,Clothing,Clothing,266.83,15,14,IT,IKEA,The IKEA Zara T-Shirt by IKEA combines quality and innovation.
vQus-7247,Bloomsbury Wayfair Sofa,Furniture,Furniture,259.94,174,13,UE,Bloomsbury,The Bloomsbury Wayfair Sofa by Bloomsbury combines quality and innovation.
GaEd-0885,Playmobil Desk Lamp,Furniture,Furniture,296.5,21,11,UE,Playmobil,The Playmobil Desk Lamp by Playmobil combines quality and innovation.
uKcz-8944,West Elm Galaxy S22,Smartphone,Smartphone,119.18,180,10,IT,West Elm,The West Elm Galaxy S22 by West Elm combines quality and innovation.
jHAj-5037,Puma Dune,Books,Books,22.37,3,7,UE,Puma,The Puma Dune by Puma combines quality and innovation.
IteX-2822,Sony IKEA MALM Bed,Furniture,Furniture,28.41,87,3,IT,Sony,The Sony IKEA MALM Bed by Sony combines quality and innovation.
yKJD-5051,West Elm Ashley Dining Table,Furniture,Furniture,499.47,61,10,UE,West Elm,The West Elm Ashley Dining Table by West Elm combines quality and innovation.
TGxE-4267,Adidas H&M Jacket,Clothing,Clothing,935.24,164,14,IT,Adidas,The Adidas H&M Jacket by Adidas combines quality and innovation.
rfAD-1390,HarperCollins Hot Wheels,Toy,Toy,826.92,193,7,IT,HarperCollins,The HarperCollins Hot Wheels by HarperCollins combines quality and innovation.
UCNH-4557,Mattel Adidas Tracksuit,Clothing,Clothing,474.06,150,1,UE,Mattel,The Mattel Adidas Tracksuit by Mattel combines quality and innovation.
kIlJ-2448,Levi's Xiaomi Redmi,Smartphone,Smartphone,120.52,153,7,IT,Levi's,The Levi's Xiaomi Redmi by Levi's combines quality and innovation.
moaH-8173,Puma NERF Blaster,Toy,Toy,230.59,180,14,UE,Puma,The Puma NERF Blaster by Puma combines quality and innovation.
Tduz-3289,CB2 1984,Books,Books,929.2,91,1,IT,CB2,The CB2 1984 by CB2 combines quality and innovation.
lbgP-7363,Zara Zara T-Shirt,Clothing,Clothing,698.41,108,9,IT,Zara,The Zara Zara T-Shirt by Zara combines quality and innovation.
dZNz-3702,Pottery Barn 1984,Books,Books,998.95,96,11,UE,Pottery Barn,The Pottery Barn 1984 by Pottery Barn combines quality and innovation.
hqea-3630,Logitech Desk Lamp,Furniture,Furniture,744.89,155,9,IT,Logitech,The Logitech Desk Lamp by Logitech combines quality and innovation.
VDjV-2282,Lego Lego City,Toy,Toy,923.24,159,10,UE,Lego,The Lego Lego City by Lego combines quality and innovation.
QdUM-7458,Apple H&M Jacket,Clothing,Clothing,257.85,20,5,UE,Apple,The Apple H&M Jacket by Apple combines quality and innovation.
GZzW-7812,Fisher-Price IKEA MALM Bed,Furniture,Furniture,685.53,113,2,IT,Fisher-Price,The Fisher-Price IKEA MALM Bed by Fisher-Price combines quality and innovation.
jqIC-9111,Penguin Dune,Books,Books,479.28,43,1,IT,Penguin,The Penguin Dune by Penguin combines quality and innovation.
jyXE-7956,Amazon IKEA MALM Bed,Furniture,Furniture,917.31,46,2,IT,Amazon,The Amazon IKEA MALM Bed by Amazon combines quality and innovation.
edtN-7624,West Elm 1984,Books,Books,290.06,1,8,UE,West Elm,The West Elm 1984 by West Elm combines quality and innovation.
WQuy-8783,Logitech Ashley Dining Table,Furniture,Furniture,618.88,76,2,IT,Logitech,The Logitech Ashley Dining Table by Logitech combines quality and innovation.
RIbl-9809,Penguin IKEA MALM Bed,Furniture,Furniture,983.21,21,3,IT,Penguin,The Penguin IKEA MALM Bed by Penguin combines quality and innovation.
yQHR-3665,IKEA To Kill a Mockingbird,Books,Books,980.32,64,5,IT,IKEA,The IKEA To Kill a Mockingbird by IKEA combines quality and innovation.
aopt-1237,Adidas Lego City,Toy,Toy,198.66,140,2,UE,Adidas,The Adidas Lego City by Adidas combines quality and innovation.
aQSw-6343,Lego IKEA MALM Bed,Furniture,Furniture,314.54,81,3,IT,Lego,The Lego IKEA MALM Bed by Lego combines quality and innovation.
XetY-5332,Apple Barbie Dreamhouse,Toy,Toy,533.52,22,8,IT,Apple,The Apple Barbie Dreamhouse by Apple combines quality and innovation.
mkql-2282,Zara H&M Jacket,Clothing,Clothing,804.1,104,2,IT,Zara,The Zara H&M Jacket by Zara combines quality and innovation.
vIQV-9938,Pottery Barn Zara T-Shirt,Clothing,Clothing,756.9,151,7,UE,Pottery Barn,The Pottery Barn Zara T-Shirt by Pottery Barn combines quality and innovation.
VbcT-9159,Anker Hot Wheels,Toy,Toy,752.26,88,4,UE,Anker,The Anker Hot Wheels by Anker combines quality and innovation.
ZbXb-9566,Playmobil IKEA MALM Bed,Furniture,Furniture,323.59,80,1,UE,Playmobil,The Playmobil IKEA MALM Bed by Playmobil combines quality and innovation.
eVJq-9705,Simon & Schuster Xiaomi Redmi,Smartphone,Smartphone,207.13,11,4,IT,Simon & Schuster,The Simon & Schuster Xiaomi Redmi by Simon & Schuster combines quality and innovation.
NrxQ-4268,IKEA Zara T-Shirt,Clothing,Clothing,386.16,143,10,IT,IKEA,The IKEA Zara T-Shirt by IKEA combines quality and innovation.
pfLM-2507,Wayfair Lego City,Toy,Toy,204.28,108,4,IT,Wayfair,The Wayfair Lego City by Wayfair combines quality and innovation.
uWge-8746,Bloomsbury NERF Blaster,Toy,Toy,865.54,182,13,IT,Bloomsbury,The Bloomsbury NERF Blaster by Bloomsbury combines quality and innovation.
KECk-5021,H&M Bookshelf Unit,Furniture,Furniture,750.17,60,4,UE,H&M,The H&M Bookshelf Unit by H&M combines quality and innovation.
DgAz-7200,Zara IKEA MALM Bed,Furniture,Furniture,262.04,0,12,IT,Zara,The Zara IKEA MALM Bed by Zara combines quality and innovation.
bPxA-0850,Fisher-Price Atomic Habits,Books,Books,841.36,124,13,UE,Fisher-Price,The Fisher-Price Atomic Habits by Fisher-Price combines quality and innovation.
nFqy-9421,Pottery Barn Barbie Dreamhouse,Toy,Toy,248.75,20,11,IT,Pottery Barn,The Pottery Barn Barbie Dreamhouse by Pottery Barn combines quality and innovation.
nYhP-5039,Adidas Lego City,Toy,Toy,893.37,18,1,IT,Adidas,The Adidas Lego City by Adidas combines quality and innovation.
vxgd-0521,Nike Zara T-Shirt,Clothing,Clothing,380.72,101,10,UE,Nike,The Nike Zara T-Shirt by Nike combines quality and innovation.
YVeu-9482,CB2 Desk Lamp,Furniture,Furniture,610.42,100,4,UE,CB2,The CB2 Desk Lamp by CB2 combines quality and innovation.
Fnik-9914,Puma The Silent Patient,Books,Books,728.31,50,5,UE,Puma,The Puma The Silent Patient by Puma combines quality and innovation.
myts-8035,Fisher-Price OnePlus Nord,Smartphone,Smartphone,880.33,43,8,UE,Fisher-Price,The Fisher-Price OnePlus Nord by Fisher-Price combines quality and innovation.
VANx-0687,Mattel Ashley Dining Table,Furniture,Furniture,902.9,158,7,IT,Mattel,The Mattel Ashley Dining Table by Mattel combines quality and innovation.
bkfZ-4001,Pottery Barn Barbie Dreamhouse,Toy,Toy,654.03,80,2,IT,Pottery Barn,The Pottery Barn Barbie Dreamhouse by Pottery Barn combines quality and innovation.
NXdb-7872,Zara Atomic Habits,Books,Books,215.68,38,4,IT,Zara,The Zara Atomic Habits by Zara combines quality and innovation.
syYz-9480,Logitech Wayfair Sofa,Furniture,Furniture,446.99,155,9,IT,Logitech,The Logitech Wayfair Sofa by Logitech combines quality and innovation.
xdNN-5574,Bose To Kill a Mockingbird,Books,Books,925.44,166,3,UE,Bose,The Bose To Kill a Mockingbird by Bose combines quality and innovation.
zcPY-2211,H&M Playmobil Castle,Toy,Toy,962.0,180,12,IT,H&M,The H&M Playmobil Castle by H&M combines quality and innovation.
TZLk-5955,Puma Bookshelf Unit,Furniture,Furniture,261.55,65,13,UE,Puma,The Puma Bookshelf Unit by Puma combines quality and innovation.
CahL-6063,Logitech OnePlus Nord,Smartphone,Smartphone,937.38,58,12,IT,Logitech,The Logitech OnePlus Nord by Logitech combines quality and innovation.
wGOE-4286,Puma Adidas Tracksuit,Clothing,Clothing,775.6,66,8,UE,Puma,The Puma Adidas Tracksuit by Puma combines quality and innovation.
KXSA-9530,Nike iPhone 14,Smartphone,Smartphone,290.14,172,13,IT,Nike,The Nike iPhone 14 by Nike combines quality and innovation.
niaa-9095,Lego Levi's Jeans,Clothing,Clothing,515.86,181,12,IT,Lego,The Lego Levi's Jeans by Lego combines quality and innovation.
GiVi-7669,H&M Barbie Dreamhouse,Toy,Toy,827.23,150,5,IT,H&M,The H&M Barbie Dreamhouse by H&M combines quality and innovation.
FDjP-3569,Simon & Schuster OnePlus Nord,Smartphone,Smartphone,103.75,9,5,UE,Simon & Schuster,The Simon & Schuster OnePlus Nord by Simon & Schuster combines quality and innovation.
ZiWD-5486,Pottery Barn Hot Wheels,Toy,Toy,143.81,1,12,UE,Pottery Barn,The Pottery Barn Hot Wheels by Pottery Barn combines quality and innovation.
vofT-5915,HarperCollins IKEA MALM Bed,Furniture,Furniture,415.13,91,1,IT,HarperCollins,The HarperCollins IKEA MALM Bed by HarperCollins combines quality and innovation.
Jxry-7713,Logitech Pixel 7,Smartphone,Smartphone,897.0,148,10,UE,Logitech,The Logitech Pixel 7 by Logitech combines quality and innovation.
XMpp-0834,Mattel Playmobil Castle,Toy,Toy,665.87,4,12,UE,Mattel,The Mattel Playmobil Castle by Mattel combines quality and innovation.
FbcJ-1301,IKEA Nike Hoodie,Clothing,Clothing,315.51,88,1,IT,IKEA,The IKEA Nike Hoodie by IKEA combines quality and innovation.
Vbhm-3992,Adidas Levi's Jeans,Clothing,Clothing,68.36,158,5,UE,Adidas,The Adidas Levi's Jeans by Adidas combines quality and innovation.
ytnS-0776,Zara Levi's Jeans,Clothing,Clothing,233.32,63,6,UE,Zara,The Zara Levi's Jeans by Zara combines quality and innovation.
hAEh-0785,Mattel Pixel 7,Smartphone,Smartphone,907.62,185,2,UE,Mattel,The Mattel Pixel 7 by Mattel combines quality and innovation.
Dxcf-2718,Nike Xiaomi Redmi,Smartphone,Smartphone,734.45,148,3,UE,Nike,The Nike Xiaomi Redmi by Nike combines quality and innovation.
Jbwp-6522,West Elm Ashley Dining Table,Furniture,Furniture,188.62,70,6,UE,West Elm,The West Elm Ashley Dining Table by West Elm combines quality and innovation.
SIla-4793,West Elm Zara T-Shirt,Clothing,Clothing,53.43,74,2,IT,West Elm,The West Elm Zara T-Shirt by West Elm combines quality and innovation.
FAor-0326,Random House Lego City,Toy,Toy,873.3,139,4,UE,Random House,The Random House Lego City by Random House combines quality and innovation.
faQq-2515,Adidas Nike Hoodie,Clothing,Clothing,571.15,91,1,IT,Adidas,The Adidas Nike Hoodie by Adidas combines quality and innovation.
VjlK-7556,Nike Nike Hoodie,Clothing,Clothing,225.39,41,5,UE,Nike,The Nike Nike Hoodie by Nike combines quality and innovation.
fsOb-4354,Levi's IKEA MALM Bed,Furniture,Furniture,619.34,29,9,UE,Levi's,The Levi's IKEA MALM Bed by Levi's combines quality and innovation.
snqi-2273,CB2 Nike Hoodie,Clothing,Clothing,259.82,100,10,UE,CB2,The CB2 Nike Hoodie by CB2 combines quality and innovation.
gtLI-2274,Mattel OnePlus Nord,Smartphone,Smartphone,994.84,10,5,IT,Mattel,The Mattel OnePlus Nord by Mattel combines quality and innovation.
VDiM-1513,Bose Adidas Tracksuit,Clothing,Clothing,132.05,42,3,UE,Bose,The Bose Adidas Tracksuit by Bose combines quality and innovation.
GFji-2854,IKEA To Kill a Mockingbird,Books,Books,164.95,12,6,IT,IKEA,The IKEA To Kill a Mockingbird by IKEA combines quality and innovation.
bgNV-2367,Fisher-Price Adidas Tracksuit,Clothing,Clothing,792.08,166,8,IT,Fisher-Price,The Fisher-Price Adidas Tracksuit by Fisher-Price combines quality and innovation.
GpBW-9076,Logitech Wayfair Sofa,Furniture,Furniture,409.59,72,9,IT,Logitech,The Logitech Wayfair Sofa by Logitech combines quality and innovation.
bXIV-9695,Penguin iPhone 14,Smartphone,Smartphone,807.56,125,8,IT,Penguin,The Penguin iPhone 14 by Penguin combines quality and innovation.
XXZv-0650,Sony Dune,Books,Books,811.59,92,7,UE,Sony,The Sony Dune by Sony combines quality and innovation.
lPOl-7865,H&M Nike Hoodie,Clothing,Clothing,523.99,123,12,UE,H&M,The H&M Nike Hoodie by H&M combines quality and innovation.
gkYi-7262,Sony Desk Lamp,Furniture,Furniture,820.57,71,6,UE,Sony,The Sony Desk Lamp by Sony combines quality and innovation.
oCft-9977,Playmobil Hot Wheels,Toy,Toy,763.9,30,5,UE,Playmobil,The Playmobil Hot Wheels by Playmobil combines quality and innovation.
dQnW-0693,Zara To Kill a Mockingbird,Books,Books,758.6,172,10,IT,Zara,The Zara To Kill a Mockingbird by Zara combines quality and innovation.
Nqqu-5919,Pottery Barn 1984,Books,Books,778.46,185,13,IT,Pottery Barn,The Pottery Barn 1984 by Pottery Barn combines quality and innovation.
FWYq-3713,Apple Ashley Dining Table,Furniture,Furniture,747.03,42,7,UE,Apple,The Apple Ashley Dining Table by Apple combines quality and innovation.
edML-0003,Sony Ashley Dining Table,Furniture,Furniture,239.28,70,3,UE,Sony,The Sony Ashley Dining Table by Sony combines quality and innovation.
YsAz-7535,Levi's Pixel 7,Smartphone,Smartphone,811.87,15,10,IT,Levi's,The Levi's Pixel 7 by Levi's combines quality and innovation.
DYAK-7776,Mattel IKEA MALM Bed,Furniture,Furniture,60.49,199,13,IT,Mattel,The Mattel IKEA MALM Bed by Mattel combines quality and innovation.
zhYI-1261,West Elm Nike Hoodie,Clothing,Clothing,233.39,198,1,IT,West Elm,The West Elm Nike Hoodie by West Elm combines quality and innovation.
QGvA-3670,Amazon The Silent Patient,Books,Books,953.24,42,10,IT,Amazon,The Amazon The Silent Patient by Amazon combines quality and innovation.
hFNq-3814,West Elm Ashley Dining Table,Furniture,Furniture,203.33,172,7,IT,West Elm,The West Elm Ashley Dining Table by West Elm combines quality and innovation.
KhOA-7115,Anker 1984,Books,Books,753.4,139,6,UE,Anker,The Anker 1984 by Anker combines quality and innovation.
xjJs-9563,Amazon Atomic Habits,Books,Books,941.21,21,4,UE,Amazon,The Amazon Atomic Habits by Amazon combines quality and innovation.
Xulb-0294,Bloomsbury 1984,Books,Books,492.02,12,10,UE,Bloomsbury,The Bloomsbury 1984 by Bloomsbury combines quality and innovation.
oEbA-8421,Apple To Kill a Mockingbird,Books,Books,265.98,62,8,IT,Apple,The Apple To Kill a Mockingbird by Apple combines quality and innovation.
pwPR-7886,Fisher-Price Barbie Dreamhouse,Toy,Toy,984.53,41,3,IT,Fisher-Price,The Fisher-Price Barbie Dreamhouse by Fisher-Price combines quality and innovation.
ocVc-1058,Penguin Wayfair Sofa,Furniture,Furniture,569.76,162,2,UE,Penguin,The Penguin Wayfair Sofa by Penguin combines quality and innovation.
Vqmb-4847,Fisher-Price 1984,Books,Books,68.47,154,9,UE,Fisher-Price,The Fisher-Price 1984 by Fisher-Price combines quality and innovation.
MTGi-8030,Mattel Atomic Habits,Books,Books,697.87,123,4,UE,Mattel,The Mattel Atomic Habits by Mattel combines quality and innovation.
dHIM-3151,Pottery Barn Lego City,Toy,Toy,402.93,193,7,UE,Pottery Barn,The Pottery Barn Lego City by Pottery Barn combines quality and innovation.
kBzu-9667,Simon & Schuster The Silent Patient,Books,Books,752.95,63,13,UE,Simon & Schuster,The Simon & Schuster The Silent Patient by Simon & Schuster combines quality and innovation.
YbpU-1466,Bose Galaxy S22,Smartphone,Smartphone,843.24,2,13,UE,Bose,The Bose Galaxy S22 by Bose combines quality and innovation.
Rshx-9753,Pottery Barn IKEA MALM Bed,Furniture,Furniture,774.13,96,13,UE,Pottery Barn,The Pottery Barn IKEA MALM Bed by Pottery Barn combines quality and innovation.
EXUV-0095,Penguin Nike Hoodie,Clothing,Clothing,859.61,176,1,IT,Penguin,The Penguin Nike Hoodie by Penguin combines quality and innovation.
gFxu-8176,Simon & Schuster Adidas Tracksuit,Clothing,Clothing,541.91,7,13,UE,Simon & Schuster,The Simon & Schuster Adidas Tracksuit by Simon & Schuster combines quality and innovation.
wTMQ-5036,Puma H&M Jacket,Clothing,Clothing,644.21,36,3,UE,Puma,The Puma H&M Jacket by Puma combines quality and innovation.
kPfB-8666,Pottery Barn iPhone 14,Smartphone,Smartphone,421.84,132,8,UE,Pottery Barn,The Pottery Barn iPhone 14 by Pottery Barn combines quality and innovation.
guYh-9357,West Elm Lego City,Toy,Toy,318.37,57,9,UE,West Elm,The West Elm Lego City by West Elm combines quality and innovation.
FceZ-3563,Logitech Galaxy S22,Smartphone,Smartphone,311.35,193,12,UE,Logitech,The Logitech Galaxy S22 by Logitech combines quality and innovation.
MPTN-1187,Playmobil Levi's Jeans,Clothing,Clothing,466.32,26,2,UE,Playmobil,The Playmobil Levi's Jeans by Playmobil combines quality and innovation.
cDed-1760,Pottery Barn Playmobil Castle,Toy,Toy,469.92,159,6,IT,Pottery Barn,The Pottery Barn Playmobil Castle by Pottery Barn combines quality and innovation.
BnGM-6631,Nike 1984,Books,Books,128.97,4,9,IT,Nike,The Nike 1984 by Nike combines quality and innovation.
zFGP-1349,Logitech Wayfair Sofa,Furniture,Furniture,884.33,19,10,IT,Logitech,The Logitech Wayfair Sofa by Logitech combines quality and innovation.
AEZv-4615,IKEA iPhone 14,Smartphone,Smartphone,114.3,46,4,UE,IKEA,The IKEA iPhone 14 by IKEA combines quality and innovation.
SnBh-0138,Sony Hot Wheels,Toy,Toy,45.53,134,10,IT,Sony,The Sony Hot Wheels by Sony combines quality and innovation.
ZKBi-5539,Nike Galaxy S22,Smartphone,Smartphone,127.3,154,3,UE,Nike,The Nike Galaxy S22 by Nike combines quality and innovation.
MDIK-0943,Levi's Xiaomi Redmi,Smartphone,Smartphone,953.54,69,13,UE,Levi's,The Levi's Xiaomi Redmi by Levi's combines quality and innovation.
PsRq-1966,HarperCollins Bookshelf Unit,Furniture,Furniture,951.11,28,12,IT,HarperCollins,The HarperCollins Bookshelf Unit by HarperCollins combines quality and innovation.
qHff-5031,Sony Ashley Dining Table,Furniture,Furniture,419.78,34,4,UE,Sony,The Sony Ashley Dining Table by Sony combines quality and innovation.
PeQx-3943,Sony Wayfair Sofa,Furniture,Furniture,764.08,101,10,IT,Sony,The Sony Wayfair Sofa by Sony combines quality and innovation.
JLPM-3385,Apple 1984,Books,Books,751.97,58,7,IT,Apple,The Apple 1984 by Apple combines quality and innovation.
FrlT-1876,Mattel Dune,Books,Books,184.2,97,6,IT,Mattel,The Mattel Dune by Mattel combines quality and innovation.
SfGf-0251,Amazon Lego City,Toy,Toy,441.47,67,7,UE,Amazon,The Amazon Lego City by Amazon combines quality and innovation.
UZsQ-7864,Pottery Barn Zara T-Shirt,Clothing,Clothing,279.69,51,11,IT,Pottery Barn,The Pottery Barn Zara T-Shirt by Pottery Barn combines quality and innovation.
igKH-6817,Apple OnePlus Nord,Smartphone,Smartphone,340.51,55,10,IT,Apple,The Apple OnePlus Nord by Apple combines quality and innovation.
hUMP-6862,Fisher-Price Xiaomi Redmi,Smartphone,Smartphone,283.77,16,13,UE,Fisher-Price,The Fisher-Price Xiaomi Redmi by Fisher-Price combines quality and innovation.
yIEG-7055,Puma Pixel 7,Smartphone,Smartphone,52.11,63,12,IT,Puma,The Puma Pixel 7 by Puma combines quality and innovation.
DFTI-6910,Mattel Bookshelf Unit,Furniture,Furniture,515.75,0,9,IT,Mattel,The Mattel Bookshelf Unit by Mattel combines quality and innovation.
yGRR-1673,Sony To Kill a Mockingbird,Books,Books,970.24,132,2,IT,Sony,The Sony To Kill a Mockingbird by Sony combines quality and innovation.
piEv-9060,Puma Desk Lamp,Furniture,Furniture,433.95,174,6,UE,Puma,The Puma Desk Lamp by Puma combines quality and innovation.
QMqc-6513,Nike Hot Wheels,Toy,Toy,745.68,40,13,IT,Nike,The Nike Hot Wheels by Nike combines quality and innovation.
bnTq-4639,Bose iPhone 14,Smartphone,Smartphone,509.54,197,9,UE,Bose,The Bose iPhone 14 by Bose combines quality and innovation.
lreH-8103,Bloomsbury Pixel 7,Smartphone,Smartphone,577.61,189,9,IT,Bloomsbury,The Bloomsbury Pixel 7 by Bloomsbury combines quality and innovation.
rdks-1133,Random House IKEA MALM Bed,Furniture,Furniture,353.07,131,4,UE,Random House,The Random House IKEA MALM Bed by Random House combines quality and innovation.
ckPv-1022,Random House Galaxy S22,Smartphone,Smartphone,829.92,153,6,UE,Random House,The Random House Galaxy S22 by Random House combines quality and innovation.
gmll-2388,Logitech Lego City,Toy,Toy,619.33,108,9,UE,Logitech,The Logitech Lego City by Logitech combines quality and innovation.
EenE-5592,Sony To Kill a Mockingbird,Books,Books,55.48,160,5,IT,Sony,The Sony To Kill a Mockingbird by Sony combines quality and innovation.
AqmO-9522,Logitech Dune,Books,Books,457.16,13,5,UE,Logitech,The Logitech Dune by Logitech combines quality and innovation.
ZQTJ-5365,IKEA Barbie Dreamhouse,Toy,Toy,796.86,156,1,IT,IKEA,The IKEA Barbie Dreamhouse by IKEA combines quality and innovation.
Bmam-2375,HarperCollins iPhone 14,Smartphone,Smartphone,271.11,38,9,IT,HarperCollins,The HarperCollins iPhone 14 by HarperCollins combines quality and innovation.
rVTl-7112,Zara Nike Hoodie,Clothing,Clothing,169.43,193,10,IT,Zara,The Zara Nike Hoodie by Zara combines quality and innovation.
desx-9977,West Elm Playmobil Castle,Toy,Toy,591.95,38,10,IT,West Elm,The West Elm Playmobil Castle by West Elm combines quality and innovation.
MePA-6089,Simon & Schuster Adidas Tracksuit,Clothing,Clothing,355.53,185,13,UE,Simon & Schuster,The Simon & Schuster Adidas Tracksuit by Simon & Schuster combines quality and innovation.
LYxy-4448,Levi's Ashley Dining Table,Furniture,Furniture,820.56,104,7,IT,Levi's,The Levi's Ashley Dining Table by Levi's combines quality and innovation.
Xpng-9048,Fisher-Price 1984,Books,Books,992.55,31,5,UE,Fisher-Price,The Fisher-Price 1984 by Fisher-Price combines quality and innovation.
VBWp-7062,Anker Hot Wheels,Toy,Toy,564.45,64,14,UE,Anker,The Anker Hot Wheels by Anker combines quality and innovation.
BCDm-7329,West Elm Xiaomi Redmi,Smartphone,Smartphone,33.76,177,2,IT,West Elm,The West Elm Xiaomi Redmi by West Elm combines quality and innovation.
LUZz-5526,Mattel NERF Blaster,Toy,Toy,761.49,153,13,IT,Mattel,The Mattel NERF Blaster by Mattel combines quality and innovation.
ZZFP-6643,West Elm Playmobil Castle,Toy,Toy,577.27,158,10,IT,West Elm,The West Elm Playmobil Castle by West Elm combines quality and innovation.
GFPJ-8822,Mattel Desk Lamp,Furniture,Furniture,408.51,73,12,UE,Mattel,The Mattel Desk Lamp by Mattel combines quality and innovation.
dVXi-9749,Adidas Levi's Jeans,Clothing,Clothing,704.27,171,14,IT,Adidas,The Adidas Levi's Jeans by Adidas combines quality and innovation.
pwjO-6764,Mattel Desk Lamp,Furniture,Furniture,868.4,0,7,UE,Mattel,The Mattel Desk Lamp by Mattel combines quality and innovation.
RowN-8453,HarperCollins Lego City,Toy,Toy,994.84,155,3,IT,HarperCollins,The HarperCollins Lego City by HarperCollins combines quality and innovation.
FEAq-2374,Amazon OnePlus Nord,Smartphone,Smartphone,392.5,174,10,IT,Amazon,The Amazon OnePlus Nord by Amazon combines quality and innovation.
bGjz-3966,Wayfair Lego City,Toy,Toy,801.39,33,1,IT,Wayfair,The Wayfair Lego City by Wayfair combines quality and innovation.
WFWq-6008,Nike Lego City,Toy,Toy,911.98,33,9,UE,Nike,The Nike Lego City by Nike combines quality and innovation.
XvIh-2000,Random House OnePlus Nord,Smartphone,Smartphone,582.49,111,12,IT,Random House,The Random House OnePlus Nord by Random House combines quality and innovation.
oMzd-5493,Levi's Barbie Dreamhouse,Toy,Toy,936.14,135,2,IT,Levi's,The Levi's Barbie Dreamhouse by Levi's combines quality and innovation.
KnJD-3128,Nike Desk Lamp,Furniture,Furniture,943.81,99,14,UE,Nike,The Nike Desk Lamp by Nike combines quality and innovation.
Ecum-5141,Adidas Zara T-Shirt,Clothing,Clothing,632.5,175,14,UE,Adidas,The Adidas Zara T-Shirt by Adidas combines quality and innovation.
TsOw-0735,Wayfair IKEA MALM Bed,Furniture,Furniture,52.32,160,12,UE,Wayfair,The Wayfair IKEA MALM Bed by Wayfair combines quality and innovation.
zVlF-6687,HarperCollins Zara T-Shirt,Clothing,Clothing,614.85,149,1,IT,HarperCollins,The HarperCollins Zara T-Shirt by HarperCollins combines quality and innovation.
QCEF-8897,IKEA Zara T-Shirt,Clothing,Clothing,116.37,115,10,IT,IKEA,The IKEA Zara T-Shirt by IKEA combines quality and innovation.
ucyn-2650,IKEA Xiaomi Redmi,Smartphone,Smartphone,492.99,36,14,IT,IKEA,The IKEA Xiaomi Redmi by IKEA combines quality and innovation.
WYAI-3423,Penguin To Kill a Mockingbird,Books,Books,692.66,156,13,IT,Penguin,The Penguin To Kill a Mockingbird by Penguin combines quality and innovation.
weqM-0853,Amazon Hot Wheels,Toy,Toy,508.63,68,13,IT,Amazon,The Amazon Hot Wheels by Amazon combines quality and innovation.
zHQa-2350,IKEA Pixel 7,Smartphone,Smartphone,714.92,83,5,IT,IKEA,The IKEA Pixel 7 by IKEA combines quality and innovation.
gOOB-1544,Penguin H&M Jacket,Clothing,Clothing,582.52,162,8,IT,Penguin,The Penguin H&M Jacket by Penguin combines quality and innovation.
yiRX-4423,Bloomsbury Playmobil Castle,Toy,Toy,921.32,2,14,IT,Bloomsbury,The Bloomsbury Playmobil Castle by Bloomsbury combines quality and innovation.
GGwi-7712,Adidas Playmobil Castle,Toy,Toy,610.81,192,9,UE,Adidas,The Adidas Playmobil Castle by Adidas combines quality and innovation.
cTxu-3967,Bose OnePlus Nord,Smartphone,Smartphone,78.55,4,1,IT,Bose,The Bose OnePlus Nord by Bose combines quality and innovation.
EdfR-7832,Lego Adidas Tracksuit,Clothing,Clothing,455.43,39,7,IT,Lego,The Lego Adidas Tracksuit by Lego combines quality and innovation.
VtAA-9572,Penguin NERF Blaster,Toy,Toy,915.71,42,2,IT,Penguin,The Penguin NERF Blaster by Penguin combines quality and innovation.
VljY-8797,Zara Bookshelf Unit,Furniture,Furniture,679.45,57,5,IT,Zara,The Zara Bookshelf Unit by Zara combines quality and innovation.
bKoa-3699,Sony NERF Blaster,Toy,Toy,657.69,17,1,UE,Sony,The Sony NERF Blaster by Sony combines quality and innovation.
YRjQ-6939,Lego Hot Wheels,Toy,Toy,545.56,92,2,UE,Lego,The Lego Hot Wheels by Lego combines quality and innovation.
NDkz-2025,Pottery Barn NERF Blaster,Toy,Toy,727.03,130,2,UE,Pottery Barn,The Pottery Barn NERF Blaster by Pottery Barn combines quality and innovation.
RjRM-6492,Apple IKEA MALM Bed,Furniture,Furniture,420.16,42,14,IT,Apple,The Apple IKEA MALM Bed by Apple combines quality and innovation.
hgVx-6882,Anker Adidas Tracksuit,Clothing,Clothing,284.73,22,12,IT,Anker,The Anker Adidas Tracksuit by Anker combines quality and innovation.
SSjJ-8958,Lego Levi's Jeans,Clothing,Clothing,745.25,36,3,IT,Lego,The Lego Levi's Jeans by Lego combines quality and innovation.
efaF-1680,Random House Desk Lamp,Furniture,Furniture,175.3,142,1,UE,Random House,The Random House Desk Lamp by Random House combines quality and innovation.
FlLD-7578,Levi's To Kill a Mockingbird,Books,Books,286.91,111,3,UE,Levi's,The Levi's To Kill a Mockingbird by Levi's combines quality and innovation.
aTJI-6935,IKEA NERF Blaster,Toy,Toy,946.07,15,1,UE,IKEA,The IKEA NERF Blaster by IKEA combines quality and innovation.
Jqfe-8535,Levi's Atomic Habits,Books,Books,840.79,91,9,UE,Levi's,The Levi's Atomic Habits by Levi's combines quality and innovation.
YPEp-6425,Lego Zara T-Shirt,Clothing,Clothing,885.63,178,5,IT,Lego,The Lego Zara T-Shirt by Lego combines quality and innovation.
hcpp-2846,Adidas Desk Lamp,Furniture,Furniture,24.8,117,8,IT,Adidas,The Adidas Desk Lamp by Adidas combines quality and innovation.
HBrM-6820,Penguin The Silent Patient,Books,Books,927.69,188,3,IT,Penguin,The Penguin The Silent Patient by Penguin combines quality and innovation.
wADp-1022,Bose 1984,Books,Books,666.46,86,6,UE,Bose,The Bose 1984 by Bose combines quality and innovation.
EKHV-8728,Lego OnePlus Nord,Smartphone,Smartphone,442.03,123,6,IT,Lego,The Lego OnePlus Nord by Lego combines quality and innovation.
RzfU-0594,Simon & Schuster Bookshelf Unit,Furniture,Furniture,843.56,85,5,UE,Simon & Schuster,The Simon & Schuster Bookshelf Unit by Simon & Schuster combines quality and innovation.
FsXT-4269,Logitech Playmobil Castle,Toy,Toy,627.4,146,2,UE,Logitech,The Logitech Playmobil Castle by Logitech combines quality and innovation.
dzJT-6544,Zara 1984,Books,Books,62.45,6,9,IT,Zara,The Zara 1984 by Zara combines quality and innovation.
JKoR-0188,Pottery Barn To Kill a Mockingbird,Books,Books,471.17,57,8,IT,Pottery Barn,The Pottery Barn To Kill a Mockingbird by Pottery Barn combines quality and innovation.
LQvi-8987,West Elm Bookshelf Unit,Furniture,Furniture,321.07,147,2,UE,West Elm,The West Elm Bookshelf Unit by West Elm combines quality and innovation.
GVqq-3687,Logitech Barbie Dreamhouse,Toy,Toy,626.49,183,13,UE,Logitech,The Logitech Barbie Dreamhouse by Logitech combines quality and innovation.
xOOc-2940,Puma NERF Blaster,Toy,Toy,539.95,37,7,IT,Puma,The Puma NERF Blaster by Puma combines quality and innovation.
eRFL-2655,Levi's Atomic Habits,Books,Books,140.14,189,8,UE,Levi's,The Levi's Atomic Habits by Levi's combines quality and innovation.
IILD-2111,HarperCollins To Kill a Mockingbird,Books,Books,986.95,165,14,UE,HarperCollins,The HarperCollins To Kill a Mockingbird by HarperCollins combines quality and innovation.
ehDE-4024,Puma Barbie Dreamhouse,Toy,Toy,521.45,188,13,UE,Puma,The Puma Barbie Dreamhouse by Puma combines quality and innovation.
FazB-9091,IKEA Galaxy S22,Smartphone,Smartphone,544.58,79,2,IT,IKEA,The IKEA Galaxy S22 by IKEA combines quality and innovation.
lEei-6822,H&M Xiaomi Redmi,Smartphone,Smartphone,304.84,139,9,UE,H&M,The H&M Xiaomi Redmi by H&M combines quality and innovation.
VvvO-4464,Amazon Zara T-Shirt,Clothing,Clothing,554.94,25,4,IT,Amazon,The Amazon Zara T-Shirt by Amazon combines quality and innovation.
NEnU-8368,HarperCollins OnePlus Nord,Smartphone,Smartphone,356.46,114,8,UE,HarperCollins,The HarperCollins OnePlus Nord by HarperCollins combines quality and innovation.
aXaz-6604,H&M Hot Wheels,Toy,Toy,248.41,93,14,IT,H&M,The H&M Hot Wheels by H&M combines quality and innovation.
LpVr-1990,Zara Adidas Tracksuit,Clothing,Clothing,941.84,54,13,IT,Zara,The Zara Adidas Tracksuit by Zara combines quality and innovation.
JeWn-0426,CB2 OnePlus Nord,Smartphone,Smartphone,842.63,8,10,IT,CB2,The CB2 OnePlus Nord by CB2 combines quality and innovation.
eeph-2888,Bose Pixel 7,Smartphone,Smartphone,134.43,175,1,UE,Bose,The Bose Pixel 7 by Bose combines quality and innovation.
jcuw-1920,Adidas Lego City,Toy,Toy,699.11,55,1,IT,Adidas,The Adidas Lego City by Adidas combines quality and innovation.
ksRA-0245,Mattel Galaxy S22,Smartphone,Smartphone,783.91,38,2,IT,Mattel,The Mattel Galaxy S22 by Mattel combines quality and innovation.
moJH-1061,Playmobil OnePlus Nord,Smartphone,Smartphone,623.16,87,3,UE,Playmobil,The Playmobil OnePlus Nord by Playmobil combines quality and innovation.
hpjA-6087,Lego Bookshelf Unit,Furniture,Furniture,417.15,188,10,UE,Lego,The Lego Bookshelf Unit by Lego combines quality and innovation.
upFa-7233,Bose Zara T-Shirt,Clothing,Clothing,878.68,157,13,UE,Bose,The Bose Zara T-Shirt by Bose combines quality and innovation.
RWun-4162,HarperCollins IKEA MALM Bed,Furniture,Furniture,441.79,160,12,IT,HarperCollins,The HarperCollins IKEA MALM Bed by HarperCollins combines quality and innovation.
kFTB-0277,Fisher-Price Ashley Dining Table,Furniture,Furniture,311.07,115,5,IT,Fisher-Price,The Fisher-Price Ashley Dining Table by Fisher-Price combines quality and innovation.
zCfg-8366,Anker Dune,Books,Books,382.43,133,8,UE,Anker,The Anker Dune by Anker combines quality and innovation.
wGPn-8068,Levi's OnePlus Nord,Smartphone,Smartphone,398.6,145,1,UE,Levi's,The Levi's OnePlus Nord by Levi's combines quality and innovation.
LEPy-2058,Penguin Atomic Habits,Books,Books,392.67,196,11,IT,Penguin,The Penguin Atomic Habits by Penguin combines quality and innovation.
MSgr-1819,Zara Galaxy S22,Smartphone,Smartphone,499.08,3,13,UE,Zara,The Zara Galaxy S22 by Zara combines quality and innovation.
yjby-6022,H&M IKEA MALM Bed,Furniture,Furniture,958.53,95,2,IT,H&M,The H&M IKEA MALM Bed by H&M combines quality and innovation.
Yrdz-7155,Simon & Schuster Hot Wheels,Toy,Toy,994.12,0,7,UE,Simon & Schuster,The Simon & Schuster Hot Wheels by Simon & Schuster combines quality and innovation.
RmXZ-0415,HarperCollins Wayfair Sofa,Furniture,Furniture,127.46,8,10,IT,HarperCollins,The HarperCollins Wayfair Sofa by HarperCollins combines quality and innovation.
UeEa-6572,Nike Hot Wheels,Toy,Toy,583.67,171,12,IT,Nike,The Nike Hot Wheels by Nike combines quality and innovation.
OsRM-8219,Anker Playmobil Castle,Toy,Toy,777.89,159,6,IT,Anker,The Anker Playmobil Castle by Anker combines quality and innovation.
Nyon-5066,Mattel The Silent Patient,Books,Books,860.44,45,1,IT,Mattel,The Mattel The Silent Patient by Mattel combines quality and innovation.
Tlyc-2811,Pottery Barn iPhone 14,Smartphone,Smartphone,840.38,44,6,UE,Pottery Barn,The Pottery Barn iPhone 14 by Pottery Barn combines quality and innovation.
AjHJ-7420,Pottery Barn IKEA MALM Bed,Furniture,Furniture,244.63,9,3,IT,Pottery Barn,The Pottery Barn IKEA MALM Bed by Pottery Barn combines quality and innovation.
ijUe-7528,Bloomsbury Galaxy S22,Smartphone,Smartphone,76.86,118,8,IT,Bloomsbury,The Bloomsbury Galaxy S22 by Bloomsbury combines quality and innovation.
wttb-5931,Fisher-Price The Silent Patient,Books,Books,19.58,167,3,UE,Fisher-Price,The Fisher-Price The Silent Patient by Fisher-Price combines quality and innovation.
DnXO-2916,Levi's To Kill a Mockingbird,Books,Books,118.92,30,5,UE,Levi's,The Levi's To Kill a Mockingbird by Levi's combines quality and innovation.
CVkp-5809,Lego Dune,Books,Books,920.67,108,8,UE,Lego,The Lego Dune by Lego combines quality and innovation.
nfNK-3042,Logitech Atomic Habits,Books,Books,560.12,90,4,UE,Logitech,The Logitech Atomic Habits by Logitech combines quality and innovation.
RrNs-6539,Penguin Playmobil Castle,Toy,Toy,918.81,168,8,UE,Penguin,The Penguin Playmobil Castle by Penguin combines quality and innovation.
SmIX-6990,Mattel Nike Hoodie,Clothing,Clothing,117.04,160,7,IT,Mattel,The Mattel Nike Hoodie by Mattel combines quality and innovation.
MVLP-2844,Zara The Silent Patient,Books,Books,496.87,27,2,UE,Zara,The Zara The Silent Patient by Zara combines quality and innovation.
Sneg-2677,Apple Ashley Dining Table,Furniture,Furniture,39.86,172,1,UE,Apple,The Apple Ashley Dining Table by Apple combines quality and innovation.
VEag-9808,Apple Barbie Dreamhouse,Toy,Toy,557.2,19,3,UE,Apple,The Apple Barbie Dreamhouse by Apple combines quality and innovation.
ynGG-5707,Pottery Barn Dune,Books,Books,768.18,128,10,UE,Pottery Barn,The Pottery Barn Dune by Pottery Barn combines quality and innovation.
zObi-8014,Levi's Pixel 7,Smartphone,Smartphone,134.32,73,2,UE,Levi's,The Levi's Pixel 7 by Levi's combines quality and innovation.
CkyO-0653,HarperCollins Desk Lamp,Furniture,Furniture,398.04,52,1,UE,HarperCollins,The HarperCollins Desk Lamp by HarperCollins combines quality and innovation.
LJKZ-1532,Levi's 1984,Books,Books,935.51,79,9,IT,Levi's,The Levi's 1984 by Levi's combines quality and innovation.
tVdS-6958,Mattel iPhone 14,Smartphone,Smartphone,237.96,198,6,UE,Mattel,The Mattel iPhone 14 by Mattel combines quality and innovation.
lLhx-7718,Zara IKEA MALM Bed,Furniture,Furniture,572.57,150,3,IT,Zara,The Zara IKEA MALM Bed by Zara combines quality and innovation.
QSWX-5874,Lego Lego City,Toy,Toy,808.98,121,3,UE,Lego,The Lego Lego City by Lego combines quality and innovation.
QpgO-6779,Lego H&M Jacket,Clothing,Clothing,127.32,157,7,IT,Lego,The Lego H&M Jacket by Lego combines quality and innovation.
tjCO-7011,Amazon The Silent Patient,Books,Books,890.59,32,13,UE,Amazon,The Amazon The Silent Patient by Amazon combines quality and innovation.
oIqf-3768,CB2 NERF Blaster,Toy,Toy,411.25,53,14,UE,CB2,The CB2 NERF Blaster by CB2 combines quality and innovation.
aXYI-1737,Apple Levi's Jeans,Clothing,Clothing,109.27,150,10,IT,Apple,The Apple Levi's Jeans by Apple combines quality and innovation.
mQph-7807,Logitech iPhone 14,Smartphone,Smartphone,527.25,167,11,UE,Logitech,The Logitech iPhone 14 by Logitech combines quality and innovation.
Scwu-0934,Logitech iPhone 14,Smartphone,Smartphone,263.03,191,2,UE,Logitech,The Logitech iPhone 14 by Logitech combines quality and innovation.
puud-5097,Fisher-Price Atomic Habits,Books,Books,425.16,180,2,UE,Fisher-Price,The Fisher-Price Atomic Habits by Fisher-Price combines quality and innovation.
ygJH-8081,Amazon Atomic Habits,Books,Books,902.94,30,6,IT,Amazon,The Amazon Atomic Habits by Amazon combines quality and innovation.
MyWX-4579,Puma Lego City,Toy,Toy,235.24,17,13,IT,Puma,The Puma Lego City by Puma combines quality and innovation.
SpHf-9515,Playmobil Zara T-Shirt,Clothing,Clothing,432.96,116,9,UE,Playmobil,The Playmobil Zara T-Shirt by Playmobil combines quality and innovation.
qyyh-8030,Penguin 1984,Books,Books,737.26,155,4,UE,Penguin,The Penguin 1984 by Penguin combines quality and innovation.
Nwmt-8965,Anker Ashley Dining Table,Furniture,Furniture,71.93,176,14,UE,Anker,The Anker Ashley Dining Table by Anker combines quality and innovation.
iOyP-9190,Logitech OnePlus Nord,Smartphone,Smartphone,388.4,100,13,IT,Logitech,The Logitech OnePlus Nord by Logitech combines quality and innovation.
YgpB-1374,Bloomsbury Levi's Jeans,Clothing,Clothing,480.62,42,2,UE,Bloomsbury,The Bloomsbury Levi's Jeans by Bloomsbury combines quality and innovation.
VMSv-6478,Adidas Hot Wheels,Toy,Toy,279.73,47,11,IT,Adidas,The Adidas Hot Wheels by Adidas combines quality and innovation.
pHYT-4622,Amazon 1984,Books,Books,976.77,19,1,IT,Amazon,The Amazon 1984 by Amazon combines quality and innovation.
QdEK-8463,Wayfair Hot Wheels,Toy,Toy,681.56,54,8,IT,Wayfair,The Wayfair Hot Wheels by Wayfair combines quality and innovation.
rMza-9916,West Elm H&M Jacket,Clothing,Clothing,520.1,7,1,IT,West Elm,The West Elm H&M Jacket by West Elm combines quality and innovation.
Ezzg-9960,CB2 The Silent Patient,Books,Books,534.53,146,10,UE,CB2,The CB2 The Silent Patient by CB2 combines quality and innovation.
QrrP-0253,Wayfair Xiaomi Redmi,Smartphone,Smartphone,843.53,53,11,UE,Wayfair,The Wayfair Xiaomi Redmi by Wayfair combines quality and innovation.
hwpl-6930,Bose H&M Jacket,Clothing,Clothing,977.98,66,10,UE,Bose,The Bose H&M Jacket by Bose combines quality and innovation.
yoez-3999,Apple Hot Wheels,Toy,Toy,355.44,118,2,IT,Apple,The Apple Hot Wheels by Apple combines quality and innovation.
Ixya-1922,Random House To Kill a Mockingbird,Books,Books,550.87,60,3,IT,Random House,The Random House To Kill a Mockingbird by Random House combines quality and innovation.
TcmW-6116,Pottery Barn H&M Jacket,Clothing,Clothing,956.27,155,7,IT,Pottery Barn,The Pottery Barn H&M Jacket by Pottery Barn combines quality and innovation.
NJUN-6763,Playmobil Atomic Habits,Books,Books,985.65,188,6,UE,Playmobil,The Playmobil Atomic Habits by Playmobil combines quality and innovation.
gmIC-3036,Simon & Schuster Nike Hoodie,Clothing,Clothing,200.46,40,9,IT,Simon & Schuster,The Simon & Schuster Nike Hoodie by Simon & Schuster combines quality and innovation.
rXWB-1730,Logitech NERF Blaster,Toy,Toy,821.36,113,9,UE,Logitech,The Logitech NERF Blaster by Logitech combines quality and innovation.
rdhy-9671,Wayfair Dune,Books,Books,239.84,76,4,IT,Wayfair,The Wayfair Dune by Wayfair combines quality and innovation.
UGxx-5098,Puma Galaxy S22,Smartphone,Smartphone,898.03,197,7,IT,Puma,The Puma Galaxy S22 by Puma combines quality and innovation.
Jyqf-6915,Mattel IKEA MALM Bed,Furniture,Furniture,377.9,24,13,IT,Mattel,The Mattel IKEA MALM Bed by Mattel combines quality and innovation.
hhmO-4518,Playmobil Zara T-Shirt,Clothing,Clothing,792.16,88,8,UE,Playmobil,The Playmobil Zara T-Shirt by Playmobil combines quality and innovation.
yJLl-4059,Levi's Lego City,Toy,Toy,782.53,87,4,IT,Levi's,The Levi's Lego City by Levi's combines quality and innovation.
guHk-0663,Apple OnePlus Nord,Smartphone,Smartphone,17.74,30,12,UE,Apple,The Apple OnePlus Nord by Apple combines quality and innovation.
WBAm-1007,Playmobil Playmobil Castle,Toy,Toy,873.0,2,1,IT,Playmobil,The Playmobil Playmobil Castle by Playmobil combines quality and innovation.
NVpc-6464,IKEA 1984,Books,Books,527.72,42,5,UE,IKEA,The IKEA 1984 by IKEA combines quality and innovation.
pwAj-8028,Pottery Barn Bookshelf Unit,Furniture,Furniture,577.66,151,7,IT,Pottery Barn,The Pottery Barn Bookshelf Unit by Pottery Barn combines quality and innovation.
oYqv-2689,Anker Lego City,Toy,Toy,982.06,165,12,UE,Anker,The Anker Lego City by Anker combines quality and innovation.
zgvI-2140,Adidas IKEA MALM Bed,Furniture,Furniture,965.05,102,12,UE,Adidas,The Adidas IKEA MALM Bed by Adidas combines quality and innovation.
cPnJ-6404,Penguin Nike Hoodie,Clothing,Clothing,754.84,88,10,IT,Penguin,The Penguin Nike Hoodie by Penguin combines quality and innovation.
uTfA-2949,Anker Zara T-Shirt,Clothing,Clothing,350.46,7,13,UE,Anker,The Anker Zara T-Shirt by Anker combines quality and innovation.
xWXG-6153,Adidas Bookshelf Unit,Furniture,Furniture,481.7,86,6,IT,Adidas,The Adidas Bookshelf Unit by Adidas combines quality and innovation.
oQxx-9885,Apple To Kill a Mockingbird,Books,Books,715.38,150,11,IT,Apple,The Apple To Kill a Mockingbird by Apple combines quality and innovation.
JuOQ-3860,Puma Desk Lamp,Furniture,Furniture,886.29,29,11,IT,Puma,The Puma Desk Lamp by Puma combines quality and innovation.
KOAr-1001,Adidas H&M Jacket,Clothing,Clothing,481.31,183,13,UE,Adidas,The Adidas H&M Jacket by Adidas combines quality and innovation.
UZki-6493,Fisher-Price Zara T-Shirt,Clothing,Clothing,791.19,39,3,UE,Fisher-Price,The Fisher-Price Zara T-Shirt by Fisher-Price combines quality and innovation.
Fhzh-9848,Playmobil Dune,Books,Books,697.93,156,1,IT,Playmobil,The Playmobil Dune by Playmobil combines quality and innovation.
KKBW-3820,Bloomsbury Nike Hoodie,Clothing,Clothing,292.78,17,5,IT,Bloomsbury,The Bloomsbury Nike Hoodie by Bloomsbury combines quality and innovation.
MDne-3995,Bloomsbury Playmobil Castle,Toy,Toy,620.34,82,10,UE,Bloomsbury,The Bloomsbury Playmobil Castle by Bloomsbury combines quality and innovation.
tSKz-9324,Logitech Atomic Habits,Books,Books,927.09,124,6,UE,Logitech,The Logitech Atomic Habits by Logitech combines quality and innovation.
VRrb-8718,Lego To Kill a Mockingbird,Books,Books,130.46,178,10,IT,Lego,The Lego To Kill a Mockingbird by Lego combines quality and innovation.
pdJl-5613,Mattel Bookshelf Unit,Furniture,Furniture,167.51,135,3,IT,Mattel,The Mattel Bookshelf Unit by Mattel combines quality and innovation.
FKDD-4000,IKEA Levi's Jeans,Clothing,Clothing,821.42,127,7,UE,IKEA,The IKEA Levi's Jeans by IKEA combines quality and innovation.
lxSs-4399,Sony Nike Hoodie,Clothing,Clothing,253.11,87,1,IT,Sony,The Sony Nike Hoodie by Sony combines quality and innovation.
dytz-2892,Levi's iPhone 14,Smartphone,Smartphone,967.35,135,10,UE,Levi's,The Levi's iPhone 14 by Levi's combines quality and innovation.
QJYJ-5868,Playmobil Ashley Dining Table,Furniture,Furniture,248.43,166,12,UE,Playmobil,The Playmobil Ashley Dining Table by Playmobil combines quality and innovation.
nBtm-3518,Simon & Schuster Dune,Books,Books,810.1,38,1,IT,Simon & Schuster,The Simon & Schuster Dune by Simon & Schuster combines quality and innovation.
fYkN-9407,Sony H&M Jacket,Clothing,Clothing,391.0,190,8,UE,Sony,The Sony H&M Jacket by Sony combines quality and innovation.
fTeV-7785,Lego iPhone 14,Smartphone,Smartphone,668.46,33,3,UE,Lego,The Lego iPhone 14 by Lego combines quality and innovation.
VSGq-3773,Logitech Dune,Books,Books,228.03,39,8,IT,Logitech,The Logitech Dune by Logitech combines quality and innovation.
pDWj-3870,Zara OnePlus Nord,Smartphone,Smartphone,45.03,152,4,IT,Zara,The Zara OnePlus Nord by Zara combines quality and innovation.
LJQK-1588,Simon & Schuster Desk Lamp,Furniture,Furniture,728.75,112,9,IT,Simon & Schuster,The Simon & Schuster Desk Lamp by Simon & Schuster combines quality and innovation.
cQrl-9551,Anker Galaxy S22,Smartphone,Smartphone,70.67,156,14,UE,Anker,The Anker Galaxy S22 by Anker combines quality and innovation.
eWWu-6423,West Elm Playmobil Castle,Toy,Toy,89.66,137,4,IT,West Elm,The West Elm Playmobil Castle by West Elm combines quality and innovation.
sEvf-3127,HarperCollins Atomic Habits,Books,Books,42.59,26,2,UE,HarperCollins,The HarperCollins Atomic Habits by HarperCollins combines quality and innovation.
kIFK-4501,Nike IKEA MALM Bed,Furniture,Furniture,269.27,51,9,IT,Nike,The Nike IKEA MALM Bed by Nike combines quality and innovation.
KGTs-5049,Amazon NERF Blaster,Toy,Toy,487.79,66,13,IT,Amazon,The Amazon NERF Blaster by Amazon combines quality and innovation.
Ygjg-5810,Nike Galaxy S22,Smartphone,Smartphone,347.14,158,9,UE,Nike,The Nike Galaxy S22 by Nike combines quality and innovation.
czdY-7926,West Elm Hot Wheels,Toy,Toy,802.99,179,2,UE,West Elm,The West Elm Hot Wheels by West Elm combines quality and innovation.
xPam-6739,Penguin OnePlus Nord,Smartphone,Smartphone,331.26,18,1,IT,Penguin,The Penguin OnePlus Nord by Penguin combines quality and innovation.
Efyc-0374,Amazon OnePlus Nord,Smartphone,Smartphone,900.56,25,2,UE,Amazon,The Amazon OnePlus Nord by Amazon combines quality and innovation.
LtqA-5426,IKEA Ashley Dining Table,Furniture,Furniture,971.06,122,14,UE,IKEA,The IKEA Ashley Dining Table by IKEA combines quality and innovation.
dvHT-2958,Random House Bookshelf Unit,Furniture,Furniture,345.55,131,14,IT,Random House,The Random House Bookshelf Unit by Random House combines quality and innovation.
EXDD-5902,CB2 Lego City,Toy,Toy,111.42,53,12,IT,CB2,The CB2 Lego City by CB2 combines quality and innovation.
juWK-9936,West Elm Xiaomi Redmi,Smartphone,Smartphone,377.63,37,11,IT,West Elm,The West Elm Xiaomi Redmi by West Elm combines quality and innovation.
rekW-3791,Fisher-Price The Silent Patient,Books,Books,504.69,192,2,IT,Fisher-Price,The Fisher-Price The Silent Patient by Fisher-Price combines quality and innovation.
ZUvd-1015,Wayfair The Silent Patient,Books,Books,101.85,168,3,UE,Wayfair,The Wayfair The Silent Patient by Wayfair combines quality and innovation.
vOEW-7723,Bloomsbury Levi's Jeans,Clothing,Clothing,191.9,58,14,UE,Bloomsbury,The Bloomsbury Levi's Jeans by Bloomsbury combines quality and innovation.
wfWE-1319,Nike Dune,Books,Books,46.91,84,1,UE,Nike,The Nike Dune by Nike combines quality and innovation.
XljC-6303,Pottery Barn 1984,Books,Books,670.12,75,2,UE,Pottery Barn,The Pottery Barn 1984 by Pottery Barn combines quality and innovation.
rZVa-6666,IKEA Dune,Books,Books,219.93,169,11,UE,IKEA,The IKEA Dune by IKEA combines quality and innovation.
iERx-5833,Bloomsbury Bookshelf Unit,Furniture,Furniture,185.55,173,2,UE,Bloomsbury,The Bloomsbury Bookshelf Unit by Bloomsbury combines quality and innovation.
PkNH-5541,Bose OnePlus Nord,Smartphone,Smartphone,27.48,49,13,IT,Bose,The Bose OnePlus Nord by Bose combines quality and innovation.
DAlZ-3501,Simon & Schuster iPhone 14,Smartphone,Smartphone,302.48,22,5,IT,Simon & Schuster,The Simon & Schuster iPhone 14 by Simon & Schuster combines quality and innovation.
Wold-1999,Random House Playmobil Castle,Toy,Toy,624.99,195,8,IT,Random House,The Random House Playmobil Castle by Random House combines quality and innovation.
AYdi-9451,Pottery Barn Adidas Tracksuit,Clothing,Clothing,121.76,172,8,IT,Pottery Barn,The Pottery Barn Adidas Tracksuit by Pottery Barn combines quality and innovation.
DdOD-3451,Pottery Barn Xiaomi Redmi,Smartphone,Smartphone,392.55,196,10,UE,Pottery Barn,The Pottery Barn Xiaomi Redmi by Pottery Barn combines quality and innovation.
gEqo-3426,Wayfair Playmobil Castle,Toy,Toy,108.52,30,1,IT,Wayfair,The Wayfair Playmobil Castle by Wayfair combines quality and innovation.
ZRie-7461,H&M Pixel 7,Smartphone,Smartphone,93.86,76,12,IT,H&M,The H&M Pixel 7 by H&M combines quality and innovation.
lHIA-7773,Anker Atomic Habits,Books,Books,537.97,90,3,IT,Anker,The Anker Atomic Habits by Anker combines quality and innovation.
ihQh-3824,Puma IKEA MALM Bed,Furniture,Furniture,125.43,198,11,IT,Puma,The Puma IKEA MALM Bed by Puma combines quality and innovation.
Jcsh-7750,Bose H&M Jacket,Clothing,Clothing,434.07,145,1,IT,Bose,The Bose H&M Jacket by Bose combines quality and innovation.
VerX-3848,IKEA OnePlus Nord,Smartphone,Smartphone,132.22,35,7,IT,IKEA,The IKEA OnePlus Nord by IKEA combines quality and innovation.
Keki-1356,Levi's IKEA MALM Bed,Furniture,Furniture,866.19,74,6,UE,Levi's,The Levi's IKEA MALM Bed by Levi's combines quality and innovation.
puHC-4239,Anker Atomic Habits,Books,Books,367.8,130,6,UE,Anker,The Anker Atomic Habits by Anker combines quality and innovation.
MqfY-9618,Sony Playmobil Castle,Toy,Toy,173.39,181,9,IT,Sony,The Sony Playmobil Castle by Sony combines quality and innovation.
mMYE-0440,Pottery Barn Galaxy S22,Smartphone,Smartphone,537.34,22,2,IT,Pottery Barn,The Pottery Barn Galaxy S22 by Pottery Barn combines quality and innovation.
SNPY-2163,West Elm Adidas Tracksuit,Clothing,Clothing,694.56,73,7,IT,West Elm,The West Elm Adidas Tracksuit by West Elm combines quality and innovation.
zRjO-1729,Random House NERF Blaster,Toy,Toy,898.93,65,10,UE,Random House,The Random House NERF Blaster by Random House combines quality and innovation.
HFcF-2566,HarperCollins Ashley Dining Table,Furniture,Furniture,362.92,126,13,IT,HarperCollins,The HarperCollins Ashley Dining Table by HarperCollins combines quality and innovation.
ciJO-2476,Sony Levi's Jeans,Clothing,Clothing,69.29,18,2,UE,Sony,The Sony Levi's Jeans by Sony combines quality and innovation.
mbTV-8197,Lego Wayfair Sofa,Furniture,Furniture,830.3,114,11,IT,Lego,The Lego Wayfair Sofa by Lego combines quality and innovation.
ptej-2018,Puma Dune,Books,Books,324.29,50,12,IT,Puma,The Puma Dune by Puma combines quality and innovation.
YAkF-0874,Random House Wayfair Sofa,Furniture,Furniture,44.82,58,5,IT,Random House,The Random House Wayfair Sofa by Random House combines quality and innovation.
NZkT-8783,Anker Wayfair Sofa,Furniture,Furniture,805.28,148,1,IT,Anker,The Anker Wayfair Sofa by Anker combines quality and innovation.
AXxc-0604,Adidas NERF Blaster,Toy,Toy,46.85,145,13,UE,Adidas,The Adidas NERF Blaster by Adidas combines quality and innovation.
HrGo-7469,Apple Galaxy S22,Smartphone,Smartphone,451.94,125,4,IT,Apple,The Apple Galaxy S22 by Apple combines quality and innovation.
rJSc-2168,Random House Playmobil Castle,Toy,Toy,546.13,20,11,IT,Random House,The Random House Playmobil Castle by Random House combines quality and innovation.
IKac-1814,Pottery Barn To Kill a Mockingbird,Books,Books,433.94,5,8,UE,Pottery Barn,The Pottery Barn To Kill a Mockingbird by Pottery Barn combines quality and innovation.
XAeP-5499,Lego Adidas Tracksuit,Clothing,Clothing,765.15,19,13,IT,Lego,The Lego Adidas Tracksuit by Lego combines quality and innovation.
KLkD-4977,Wayfair Atomic Habits,Books,Books,955.44,142,8,IT,Wayfair,The Wayfair Atomic Habits by Wayfair combines quality and innovation.
hjLa-3855,Logitech Barbie Dreamhouse,Toy,Toy,590.84,167,11,UE,Logitech,The Logitech Barbie Dreamhouse by Logitech combines quality and innovation.
mTNM-4775,Bloomsbury NERF Blaster,Toy,Toy,195.14,51,7,IT,Bloomsbury,The Bloomsbury NERF Blaster by Bloomsbury combines quality and innovation.
eGHb-3456,Nike Hot Wheels,Toy,Toy,753.1,76,12,UE,Nike,The Nike Hot Wheels by Nike combines quality and innovation.
GSIa-4304,Lego Ashley Dining Table,Furniture,Furniture,779.86,143,1,IT,Lego,The Lego Ashley Dining Table by Lego combines quality and innovation.
Hbbb-9872,West Elm Lego City,Toy,Toy,908.76,109,12,UE,West Elm,The West Elm Lego City by West Elm combines quality and innovation.
eyOD-4567,Wayfair Wayfair Sofa,Furniture,Furniture,28.42,173,13,UE,Wayfair,The Wayfair Wayfair Sofa by Wayfair combines quality and innovation.
iAlQ-1630,Nike Zara T-Shirt,Clothing,Clothing,243.75,61,13,UE,Nike,The Nike Zara T-Shirt by Nike combines quality and innovation.
SyTm-6390,Lego Lego City,Toy,Toy,122.11,193,12,UE,Lego,The Lego Lego City by Lego combines quality and innovation.
TWYT-5301,Simon & Schuster Zara T-Shirt,Clothing,Clothing,406.07,119,10,UE,Simon & Schuster,The Simon & Schuster Zara T-Shirt by Simon & Schuster combines quality and innovation.
PHBG-8070,Penguin Xiaomi Redmi,Smartphone,Smartphone,579.1,147,3,IT,Penguin,The Penguin Xiaomi Redmi by Penguin combines quality and innovation.
FdXY-9493,Anker To Kill a Mockingbird,Books,Books,467.59,116,11,UE,Anker,The Anker To Kill a Mockingbird by Anker combines quality and innovation.
DLhx-0892,Adidas Adidas Tracksuit,Clothing,Clothing,384.89,96,10,IT,Adidas,The Adidas Adidas Tracksuit by Adidas combines quality and innovation.
PQLB-4147,Lego Pixel 7,Smartphone,Smartphone,946.85,95,11,IT,Lego,The Lego Pixel 7 by Lego combines quality and innovation.
NovO-1213,West Elm Galaxy S22,Smartphone,Smartphone,298.19,42,1,UE,West Elm,The West Elm Galaxy S22 by West Elm combines quality and innovation.
ePRT-2254,Zara Desk Lamp,Furniture,Furniture,17.5,108,1,UE,Zara,The Zara Desk Lamp by Zara combines quality and innovation.
fLSH-4124,Anker Barbie Dreamhouse,Toy,Toy,763.2,68,11,IT,Anker,The Anker Barbie Dreamhouse by Anker combines quality and innovation.
GkfX-7329,Bloomsbury Atomic Habits,Books,Books,390.15,14,10,UE,Bloomsbury,The Bloomsbury Atomic Habits by Bloomsbury combines quality and innovation.
Pvwd-9541,IKEA Wayfair Sofa,Furniture,Furniture,669.82,42,4,UE,IKEA,The IKEA Wayfair Sofa by IKEA combines quality and innovation.
Auaw-1000,Mattel Nike Hoodie,Clothing,Clothing,921.77,68,13,UE,Mattel,The Mattel Nike Hoodie by Mattel combines quality and innovation.
CNPJ-2868,Bose Bookshelf Unit,Furniture,Furniture,718.16,163,11,UE,Bose,The Bose Bookshelf Unit by Bose combines quality and innovation.
fWQw-0105,Logitech IKEA MALM Bed,Furniture,Furniture,875.56,190,6,IT,Logitech,The Logitech IKEA MALM Bed by Logitech combines quality and innovation.
lSDK-3265,Lego H&M Jacket,Clothing,Clothing,380.3,102,2,UE,Lego,The Lego H&M Jacket by Lego combines quality and innovation.
mknj-8782,CB2 Galaxy S22,Smartphone,Smartphone,138.64,103,6,UE,CB2,The CB2 Galaxy S22 by CB2 combines quality and innovation.
OLeI-4673,IKEA Galaxy S22,Smartphone,Smartphone,324.97,50,14,UE,IKEA,The IKEA Galaxy S22 by IKEA combines quality and innovation.
XYdw-8626,Pottery Barn OnePlus Nord,Smartphone,Smartphone,153.13,86,3,UE,Pottery Barn,The Pottery Barn OnePlus Nord by Pottery Barn combines quality and innovation.
XiRG-1107,Lego Pixel 7,Smartphone,Smartphone,845.13,174,4,IT,Lego,The Lego Pixel 7 by Lego combines quality and innovation.
oXcG-3490,Anker H&M Jacket,Clothing,Clothing,587.49,34,2,UE,Anker,The Anker H&M Jacket by Anker combines quality and innovation.
Wyqf-7049,Simon & Schuster Levi's Jeans,Clothing,Clothing,871.17,101,11,UE,Simon & Schuster,The Simon & Schuster Levi's Jeans by Simon & Schuster combines quality and innovation.
ZBKo-9084,Penguin H&M Jacket,Clothing,Clothing,896.68,164,1,IT,Penguin,The Penguin H&M Jacket by Penguin combines quality and innovation.
mqZu-0663,IKEA Nike Hoodie,Clothing,Clothing,175.83,115,14,UE,IKEA,The IKEA Nike Hoodie by IKEA combines quality and innovation.
aUsw-9557,Apple Pixel 7,Smartphone,Smartphone,464.06,25,1,UE,Apple,The Apple Pixel 7 by Apple combines quality and innovation.
xCTG-5270,Puma Xiaomi Redmi,Smartphone,Smartphone,737.73,122,4,IT,Puma,The Puma Xiaomi Redmi by Puma combines quality and innovation.
Akeu-0991,Amazon Lego City,Toy,Toy,383.95,141,4,UE,Amazon,The Amazon Lego City by Amazon combines quality and innovation.
sKzY-1457,Bloomsbury Pixel 7,Smartphone,Smartphone,378.37,81,3,UE,Bloomsbury,The Bloomsbury Pixel 7 by Bloomsbury combines quality and innovation.
jsya-0732,Bloomsbury Pixel 7,Smartphone,Smartphone,513.84,180,10,UE,Bloomsbury,The Bloomsbury Pixel 7 by Bloomsbury combines quality and innovation.
DUAl-1067,Mattel Barbie Dreamhouse,Toy,Toy,453.4,101,6,UE,Mattel,The Mattel Barbie Dreamhouse by Mattel combines quality and innovation.
RcDB-2599,Apple Desk Lamp,Furniture,Furniture,722.14,32,12,UE,Apple,The Apple Desk Lamp by Apple combines quality and innovation.
fqjm-6343,Sony iPhone 14,Smartphone,Smartphone,379.91,62,14,IT,Sony,The Sony iPhone 14 by Sony combines quality and innovation.
Fzzk-4982,Playmobil Lego City,Toy,Toy,367.19,182,14,IT,Playmobil,The Playmobil Lego City by Playmobil combines quality and innovation.
Piyb-4649,Fisher-Price Wayfair Sofa,Furniture,Furniture,83.65,61,14,UE,Fisher-Price,The Fisher-Price Wayfair Sofa by Fisher-Price combines quality and innovation.
btkE-7483,Puma Nike Hoodie,Clothing,Clothing,126.58,135,6,IT,Puma,The Puma Nike Hoodie by Puma combines quality and innovation.
Kotj-8633,Zara Desk Lamp,Furniture,Furniture,689.15,25,10,UE,Zara,The Zara Desk Lamp by Zara combines quality and innovation.
dgRD-1064,Random House Adidas Tracksuit,Clothing,Clothing,895.01,101,2,UE,Random House,The Random House Adidas Tracksuit by Random House combines quality and innovation.
IwMs-3873,Levi's IKEA MALM Bed,Furniture,Furniture,457.62,69,13,UE,Levi's,The Levi's IKEA MALM Bed by Levi's combines quality and innovation.
gzXj-4799,Bose iPhone 14,Smartphone,Smartphone,884.25,20,1,IT,Bose,The Bose iPhone 14 by Bose combines quality and innovation.
sjzs-9420,Mattel Desk Lamp,Furniture,Furniture,41.86,151,10,UE,Mattel,The Mattel Desk Lamp by Mattel combines quality and innovation.
TPrt-9337,Wayfair OnePlus Nord,Smartphone,Smartphone,872.01,103,14,UE,Wayfair,The Wayfair OnePlus Nord by Wayfair combines quality and innovation.
Aqip-2737,Fisher-Price Lego City,Toy,Toy,522.39,145,1,UE,Fisher-Price,The Fisher-Price Lego City by Fisher-Price combines quality and innovation.
kTKK-2400,Playmobil Dune,Books,Books,684.36,148,13,IT,Playmobil,The Playmobil Dune by Playmobil combines quality and innovation.
bqTY-7456,Anker To Kill a Mockingbird,Books,Books,137.94,132,14,UE,Anker,The Anker To Kill a Mockingbird by Anker combines quality and innovation.
yARz-3719,Bloomsbury Pixel 7,Smartphone,Smartphone,931.48,154,12,UE,Bloomsbury,The Bloomsbury Pixel 7 by Bloomsbury combines quality and innovation.
xygZ-3356,Bose iPhone 14,Smartphone,Smartphone,646.42,46,10,UE,Bose,The Bose iPhone 14 by Bose combines quality and innovation.
EZmQ-7068,Playmobil Dune,Books,Books,913.97,55,7,UE,Playmobil,The Playmobil Dune by Playmobil combines quality and innovation.
LINv-9281,West Elm To Kill a Mockingbird,Books,Books,719.69,161,8,IT,West Elm,The West Elm To Kill a Mockingbird by West Elm combines quality and innovation.
UFdU-0044,CB2 Xiaomi Redmi,Smartphone,Smartphone,364.73,61,8,UE,CB2,The CB2 Xiaomi Redmi by CB2 combines quality and innovation.
CiPg-4126,Bloomsbury Playmobil Castle,Toy,Toy,69.17,117,14,IT,Bloomsbury,The Bloomsbury Playmobil Castle by Bloomsbury combines quality and innovation.
EXxy-1912,CB2 NERF Blaster,Toy,Toy,819.29,57,14,UE,CB2,The CB2 NERF Blaster by CB2 combines quality and innovation.
iRSK-2175,HarperCollins Wayfair Sofa,Furniture,Furniture,685.8,14,10,UE,HarperCollins,The HarperCollins Wayfair Sofa by HarperCollins combines quality and innovation.
Xuxi-0231,Bloomsbury Ashley Dining Table,Furniture,Furniture,521.23,16,9,IT,Bloomsbury,The Bloomsbury Ashley Dining Table by Bloomsbury combines quality and innovation.
yUKZ-4634,Playmobil To Kill a Mockingbird,Books,Books,291.81,18,12,UE,Playmobil,The Playmobil To Kill a Mockingbird by Playmobil combines quality and innovation.
FblU-1329,Sony IKEA MALM Bed,Furniture,Furniture,870.94,188,1,IT,Sony,The Sony IKEA MALM Bed by Sony combines quality and innovation.
CpHj-9113,Sony Hot Wheels,Toy,Toy,736.18,163,14,UE,Sony,The Sony Hot Wheels by Sony combines quality and innovation.
HvqK-2750,Nike iPhone 14,Smartphone,Smartphone,277.91,182,12,IT,Nike,The Nike iPhone 14 by Nike combines quality and innovation.
jlwX-6000,Random House NERF Blaster,Toy,Toy,513.33,169,14,UE,Random House,The Random House NERF Blaster by Random House combines quality and innovation.
yMhe-6702,Adidas Playmobil Castle,Toy,Toy,715.01,191,9,IT,Adidas,The Adidas Playmobil Castle by Adidas combines quality and innovation.
gTaE-8764,Nike To Kill a Mockingbird,Books,Books,545.41,139,3,UE,Nike,The Nike To Kill a Mockingbird by Nike combines quality and innovation.
sErZ-4383,Fisher-Price Lego City,Toy,Toy,660.1,33,4,IT,Fisher-Price,The Fisher-Price Lego City by Fisher-Price combines quality and innovation.
lZrM-2977,Bloomsbury H&M Jacket,Clothing,Clothing,949.46,70,1,UE,Bloomsbury,The Bloomsbury H&M Jacket by Bloomsbury combines quality and innovation.
lYLN-8796,Levi's Dune,Books,Books,904.43,139,7,UE,Levi's,The Levi's Dune by Levi's combines quality and innovation.
cNWG-7179,Zara Playmobil Castle,Toy,Toy,556.09,28,12,IT,Zara,The Zara Playmobil Castle by Zara combines quality and innovation.
AYEG-4755,Bloomsbury 1984,Books,Books,861.27,30,2,UE,Bloomsbury,The Bloomsbury 1984 by Bloomsbury combines quality and innovation.
eFcm-8151,Simon & Schuster Barbie Dreamhouse,Toy,Toy,980.97,186,13,IT,Simon & Schuster,The Simon & Schuster Barbie Dreamhouse by Simon & Schuster combines quality and innovation.
caVg-3464,West Elm 1984,Books,Books,288.18,189,3,IT,West Elm,The West Elm 1984 by West Elm combines quality and innovation.
eIcx-1308,Nike Ashley Dining Table,Furniture,Furniture,859.91,21,8,IT,Nike,The Nike Ashley Dining Table by Nike combines quality and innovation.
ihGx-8699,Logitech Adidas Tracksuit,Clothing,Clothing,923.8,57,12,IT,Logitech,The Logitech Adidas Tracksuit by Logitech combines quality and innovation.
gQkQ-9372,Amazon Nike Hoodie,Clothing,Clothing,305.45,85,2,IT,Amazon,The Amazon Nike Hoodie by Amazon combines quality and innovation.
ZEXF-1705,Puma Zara T-Shirt,Clothing,Clothing,600.17,116,4,IT,Puma,The Puma Zara T-Shirt by Puma combines quality and innovation.
FiVX-1245,Levi's 1984,Books,Books,917.19,126,10,IT,Levi's,The Levi's 1984 by Levi's combines quality and innovation.
YCCa-4035,Logitech The Silent Patient,Books,Books,61.42,120,6,IT,Logitech,The Logitech The Silent Patient by Logitech combines quality and innovation.
wyxk-9105,H&M Wayfair Sofa,Furniture,Furniture,812.82,150,14,IT,H&M,The H&M Wayfair Sofa by H&M combines quality and innovation.
eonV-1922,Apple Bookshelf Unit,Furniture,Furniture,485.04,141,7,IT,Apple,The Apple Bookshelf Unit by Apple combines quality and innovation.
CiIV-5748,Random House Wayfair Sofa,Furniture,Furniture,377.84,154,9,UE,Random House,The Random House Wayfair Sofa by Random House combines quality and innovation.
psLx-7145,IKEA Pixel 7,Smartphone,Smartphone,999.65,8,14,UE,IKEA,The IKEA Pixel 7 by IKEA combines quality and innovation.
tifu-1763,Random House The Silent Patient,Books,Books,214.92,156,7,IT,Random House,The Random House The Silent Patient by Random House combines quality and innovation.
AgFa-4866,Nike Pixel 7,Smartphone,Smartphone,92.05,81,14,IT,Nike,The Nike Pixel 7 by Nike combines quality and innovation.
HAVp-1482,West Elm Playmobil Castle,Toy,Toy,808.96,173,4,IT,West Elm,The West Elm Playmobil Castle by West Elm combines quality and innovation.
vrIa-8645,Apple Pixel 7,Smartphone,Smartphone,635.61,150,12,IT,Apple,The Apple Pixel 7 by Apple combines quality and innovation.
yOOn-5101,Bloomsbury H&M Jacket,Clothing,Clothing,724.09,4,2,IT,Bloomsbury,The Bloomsbury H&M Jacket by Bloomsbury combines quality and innovation.
FKYR-1391,Bloomsbury Atomic Habits,Books,Books,457.18,170,6,UE,Bloomsbury,The Bloomsbury Atomic Habits by Bloomsbury combines quality and innovation.
vWCJ-5066,Anker IKEA MALM Bed,Furniture,Furniture,486.63,85,12,UE,Anker,The Anker IKEA MALM Bed by Anker combines quality and innovation.
JECi-2421,Mattel Nike Hoodie,Clothing,Clothing,642.63,117,3,IT,Mattel,The Mattel Nike Hoodie by Mattel combines quality and innovation.
uhqd-5132,IKEA Adidas Tracksuit,Clothing,Clothing,50.68,116,1,UE,IKEA,The IKEA Adidas Tracksuit by IKEA combines quality and innovation.
PBxn-0655,Lego Galaxy S22,Smartphone,Smartphone,11.25,51,2,IT,Lego,The Lego Galaxy S22 by Lego combines quality and innovation.
yqhP-7384,Random House iPhone 14,Smartphone,Smartphone,837.13,62,13,UE,Random House,The Random House iPhone 14 by Random House combines quality and innovation.
iKKC-8726,Wayfair The Silent Patient,Books,Books,25.29,28,6,UE,Wayfair,The Wayfair The Silent Patient by Wayfair combines quality and innovation.
XzuO-7563,Mattel Hot Wheels,Toy,Toy,930.09,0,4,IT,Mattel,The Mattel Hot Wheels by Mattel combines quality and innovation.
ddtF-8138,Penguin Wayfair Sofa,Furniture,Furniture,508.57,149,8,UE,Penguin,The Penguin Wayfair Sofa by Penguin combines quality and innovation.
xgLY-2028,Pottery Barn Zara T-Shirt,Clothing,Clothing,477.25,134,13,UE,Pottery Barn,The Pottery Barn Zara T-Shirt by Pottery Barn combines quality and innovation.
YXjZ-2191,HarperCollins Bookshelf Unit,Furniture,Furniture,375.06,12,7,IT,HarperCollins,The HarperCollins Bookshelf Unit by HarperCollins combines quality and innovation.
OHXy-9988,Wayfair Hot Wheels,Toy,Toy,341.59,86,3,UE,Wayfair,The Wayfair Hot Wheels by Wayfair combines quality and innovation.
lEeN-7951,Pottery Barn Barbie Dreamhouse,Toy,Toy,22.28,140,8,UE,Pottery Barn,The Pottery Barn Barbie Dreamhouse by Pottery Barn combines quality and innovation.
pFOH-2417,West Elm H&M Jacket,Clothing,Clothing,991.55,127,8,UE,West Elm,The West Elm H&M Jacket by West Elm combines quality and innovation.
VXwt-0673,Amazon Pixel 7,Smartphone,Smartphone,475.76,7,8,IT,Amazon,The Amazon Pixel 7 by Amazon combines quality and innovation.
xNIA-7267,Lego The Silent Patient,Books,Books,172.11,152,8,UE,Lego,The Lego The Silent Patient by Lego combines quality and innovation.
iLex-9231,Nike Adidas Tracksuit,Clothing,Clothing,514.2,86,1,UE,Nike,The Nike Adidas Tracksuit by Nike combines quality and innovation.
ydfZ-2360,Mattel Nike Hoodie,Clothing,Clothing,624.57,84,13,UE,Mattel,The Mattel Nike Hoodie by Mattel combines quality and innovation.
VpkI-8457,Zara Playmobil Castle,Toy,Toy,967.71,13,10,UE,Zara,The Zara Playmobil Castle by Zara combines quality and innovation.
AVoU-5009,HarperCollins Barbie Dreamhouse,Toy,Toy,195.94,119,8,UE,HarperCollins,The HarperCollins Barbie Dreamhouse by HarperCollins combines quality and innovation.
GnrK-8764,Penguin Pixel 7,Smartphone,Smartphone,30.73,151,1,IT,Penguin,The Penguin Pixel 7 by Penguin combines quality and innovation.
iWnN-9095,CB2 Xiaomi Redmi,Smartphone,Smartphone,74.3,179,12,IT,CB2,The CB2 Xiaomi Redmi by CB2 combines quality and innovation.
BkQM-3759,Adidas iPhone 14,Smartphone,Smartphone,279.18,198,8,UE,Adidas,The Adidas iPhone 14 by Adidas combines quality and innovation.
tmZU-4657,Wayfair Nike Hoodie,Clothing,Clothing,785.02,25,11,IT,Wayfair,The Wayfair Nike Hoodie by Wayfair combines quality and innovation.
qIFm-3027,Apple Lego City,Toy,Toy,743.69,153,14,UE,Apple,The Apple Lego City by Apple combines quality and innovation.
bthc-2435,Bloomsbury Wayfair Sofa,Furniture,Furniture,599.8,77,12,IT,Bloomsbury,The Bloomsbury Wayfair Sofa by Bloomsbury combines quality and innovation.
Iyyj-9347,Apple To Kill a Mockingbird,Books,Books,790.52,90,7,IT,Apple,The Apple To Kill a Mockingbird by Apple combines quality and innovation.
lrJX-1920,Pottery Barn Dune,Books,Books,985.04,120,1,UE,Pottery Barn,The Pottery Barn Dune by Pottery Barn combines quality and innovation.
BJZw-9941,H&M The Silent Patient,Books,Books,538.35,120,10,UE,H&M,The H&M The Silent Patient by H&M combines quality and innovation.
RDHK-2476,Levi's Pixel 7,Smartphone,Smartphone,731.81,139,4,IT,Levi's,The Levi's Pixel 7 by Levi's combines quality and innovation.
fMdw-3416,Amazon IKEA MALM Bed,Furniture,Furniture,941.03,34,12,UE,Amazon,The Amazon IKEA MALM Bed by Amazon combines quality and innovation.
DVYK-1620,IKEA Atomic Habits,Books,Books,205.53,151,11,IT,IKEA,The IKEA Atomic Habits by IKEA combines quality and innovation.
WvHk-4039,Playmobil Ashley Dining Table,Furniture,Furniture,238.64,26,11,UE,Playmobil,The Playmobil Ashley Dining Table by Playmobil combines quality and innovation.
vWSJ-1464,Penguin Levi's Jeans,Clothing,Clothing,626.88,89,12,UE,Penguin,The Penguin Levi's Jeans by Penguin combines quality and innovation.
TFVC-0745,Bose Adidas Tracksuit,Clothing,Clothing,100.53,172,6,UE,Bose,The Bose Adidas Tracksuit by Bose combines quality and innovation.
luLS-7853,Amazon Bookshelf Unit,Furniture,Furniture,786.13,127,3,IT,Amazon,The Amazon Bookshelf Unit by Amazon combines quality and innovation.
KkNq-8504,Pottery Barn To Kill a Mockingbird,Books,Books,575.8,81,4,UE,Pottery Barn,The Pottery Barn To Kill a Mockingbird by Pottery Barn combines quality and innovation.
LuZI-3292,Bloomsbury Atomic Habits,Books,Books,95.49,80,1,IT,Bloomsbury,The Bloomsbury Atomic Habits by Bloomsbury combines quality and innovation.
RFZf-9563,Amazon Pixel 7,Smartphone,Smartphone,268.03,1,5,UE,Amazon,The Amazon Pixel 7 by Amazon combines quality and innovation.
GBdQ-6084,West Elm IKEA MALM Bed,Furniture,Furniture,815.44,28,14,IT,West Elm,The West Elm IKEA MALM Bed by West Elm combines quality and innovation.
ebox-0346,Amazon Bookshelf Unit,Furniture,Furniture,374.35,113,5,IT,Amazon,The Amazon Bookshelf Unit by Amazon combines quality and innovation.
jitu-8133,Zara Nike Hoodie,Clothing,Clothing,102.37,131,1,IT,Zara,The Zara Nike Hoodie by Zara combines quality and innovation.
VQOV-4337,Anker Desk Lamp,Furniture,Furniture,400.51,148,8,IT,Anker,The Anker Desk Lamp by Anker combines quality and innovation.
mxkW-7166,HarperCollins H&M Jacket,Clothing,Clothing,748.23,103,3,UE,HarperCollins,The HarperCollins H&M Jacket by HarperCollins combines quality and innovation.
fVlF-7079,Penguin Xiaomi Redmi,Smartphone,Smartphone,346.37,133,11,IT,Penguin,The Penguin Xiaomi Redmi by Penguin combines quality and innovation.
fwLq-6534,Levi's Xiaomi Redmi,Smartphone,Smartphone,663.66,12,11,UE,Levi's,The Levi's Xiaomi Redmi by Levi's combines quality and innovation.
AgJw-4573,IKEA OnePlus Nord,Smartphone,Smartphone,782.88,157,10,IT,IKEA,The IKEA OnePlus Nord by IKEA combines quality and innovation.
MDeQ-0397,HarperCollins The Silent Patient,Books,Books,664.74,116,7,UE,HarperCollins,The HarperCollins The Silent Patient by HarperCollins combines quality and innovation.
vjtY-6138,Pottery Barn Lego City,Toy,Toy,873.15,154,9,UE,Pottery Barn,The Pottery Barn Lego City by Pottery Barn combines quality and innovation.
jBxK-2404,Pottery Barn Zara T-Shirt,Clothing,Clothing,408.72,180,11,IT,Pottery Barn,The Pottery Barn Zara T-Shirt by Pottery Barn combines quality and innovation.
HRCC-6955,Adidas Pixel 7,Smartphone,Smartphone,497.55,27,5,UE,Adidas,The Adidas Pixel 7 by Adidas combines quality and innovation.
Mhvl-2211,Bloomsbury Playmobil Castle,Toy,Toy,533.27,121,5,IT,Bloomsbury,The Bloomsbury Playmobil Castle by Bloomsbury combines quality and innovation.
DOVU-6065,Wayfair IKEA MALM Bed,Furniture,Furniture,740.54,4,5,IT,Wayfair,The Wayfair IKEA MALM Bed by Wayfair combines quality and innovation.
RscQ-9055,Amazon NERF Blaster,Toy,Toy,936.06,104,3,UE,Amazon,The Amazon NERF Blaster by Amazon combines quality and innovation.
PQzX-4192,Wayfair Bookshelf Unit,Furniture,Furniture,590.91,91,6,IT,Wayfair,The Wayfair Bookshelf Unit by Wayfair combines quality and innovation.
zvCD-4730,HarperCollins Adidas Tracksuit,Clothing,Clothing,828.61,116,4,IT,HarperCollins,The HarperCollins Adidas Tracksuit by HarperCollins combines quality and innovation.
yEJF-1269,Random House H&M Jacket,Clothing,Clothing,22.18,130,11,UE,Random House,The Random House H&M Jacket by Random House combines quality and innovation.
GNAX-9868,Logitech Nike Hoodie,Clothing,Clothing,972.3,182,1,IT,Logitech,The Logitech Nike Hoodie by Logitech combines quality and innovation.
fGoO-3715,Penguin Lego City,Toy,Toy,978.08,132,9,IT,Penguin,The Penguin Lego City by Penguin combines quality and innovation.
ZMxD-9578,Fisher-Price iPhone 14,Smartphone,Smartphone,562.5,24,13,IT,Fisher-Price,The Fisher-Price iPhone 14 by Fisher-Price combines quality and innovation.
bLwa-4896,Bose OnePlus Nord,Smartphone,Smartphone,850.3,77,8,IT,Bose,The Bose OnePlus Nord by Bose combines quality and innovation.
EXCT-8051,Zara Xiaomi Redmi,Smartphone,Smartphone,390.97,123,7,IT,Zara,The Zara Xiaomi Redmi by Zara combines quality and innovation.
MvWl-5734,Anker Atomic Habits,Books,Books,113.86,68,13,UE,Anker,The Anker Atomic Habits by Anker combines quality and innovation.
QqCy-5602,Levi's Barbie Dreamhouse,Toy,Toy,916.99,160,7,UE,Levi's,The Levi's Barbie Dreamhouse by Levi's combines quality and innovation.
NcVV-6282,H&M To Kill a Mockingbird,Books,Books,800.53,109,14,UE,H&M,The H&M To Kill a Mockingbird by H&M combines quality and innovation.
uGuF-2347,Nike Galaxy S22,Smartphone,Smartphone,306.99,103,6,IT,Nike,The Nike Galaxy S22 by Nike combines quality and innovation.
gXbp-6751,Anker Levi's Jeans,Clothing,Clothing,10.13,108,14,IT,Anker,The Anker Levi's Jeans by Anker combines quality and innovation.
bTYE-0115,Wayfair Atomic Habits,Books,Books,994.56,191,5,IT,Wayfair,The Wayfair Atomic Habits by Wayfair combines quality and innovation.
BOMf-2125,Amazon Playmobil Castle,Toy,Toy,850.89,54,12,UE,Amazon,The Amazon Playmobil Castle by Amazon combines quality and innovation.
FLGC-5297,Logitech Nike Hoodie,Clothing,Clothing,688.32,157,13,IT,Logitech,The Logitech Nike Hoodie by Logitech combines quality and innovation.
zpVf-6710,Logitech OnePlus Nord,Smartphone,Smartphone,862.22,199,3,UE,Logitech,The Logitech OnePlus Nord by Logitech combines quality and innovation.
vDyj-9255,Bloomsbury Levi's Jeans,Clothing,Clothing,440.86,183,6,IT,Bloomsbury,The Bloomsbury Levi's Jeans by Bloomsbury combines quality and innovation.
dFPF-2146,West Elm iPhone 14,Smartphone,Smartphone,745.83,121,14,IT,West Elm,The West Elm iPhone 14 by West Elm combines quality and innovation.
DhEy-1934,Wayfair Desk Lamp,Furniture,Furniture,29.25,59,10,IT,Wayfair,The Wayfair Desk Lamp by Wayfair combines quality and innovation.
YcvE-4630,CB2 1984,Books,Books,948.5,174,5,IT,CB2,The CB2 1984 by CB2 combines quality and innovation.
HTqB-5396,Zara The Silent Patient,Books,Books,377.3,73,2,IT,Zara,The Zara The Silent Patient by Zara combines quality and innovation.
NhFp-2614,West Elm Desk Lamp,Furniture,Furniture,566.2,146,13,UE,West Elm,The West Elm Desk Lamp by West Elm combines quality and innovation.
zcrG-9358,IKEA Desk Lamp,Furniture,Furniture,251.14,117,1,IT,IKEA,The IKEA Desk Lamp by IKEA combines quality and innovation.
PmSd-9090,Levi's Pixel 7,Smartphone,Smartphone,420.35,33,14,UE,Levi's,The Levi's Pixel 7 by Levi's combines quality and innovation.
NrZg-7136,Bose Bookshelf Unit,Furniture,Furniture,386.49,54,7,IT,Bose,The Bose Bookshelf Unit by Bose combines quality and innovation.
hUmO-1065,Pottery Barn Atomic Habits,Books,Books,462.26,57,7,IT,Pottery Barn,The Pottery Barn Atomic Habits by Pottery Barn combines quality and innovation.
IVai-5175,Random House Dune,Books,Books,699.2,44,10,UE,Random House,The Random House Dune by Random House combines quality and innovation.
lTea-8092,Mattel 1984,Books,Books,497.5,4,6,IT,Mattel,The Mattel 1984 by Mattel combines quality and innovation.
OoRw-3990,Sony Atomic Habits,Books,Books,359.46,111,10,IT,Sony,The Sony Atomic Habits by Sony combines quality and innovation.
xpyY-4961,Bloomsbury Dune,Books,Books,466.23,167,10,IT,Bloomsbury,The Bloomsbury Dune by Bloomsbury combines quality and innovation.
FWiL-2617,Simon & Schuster IKEA MALM Bed,Furniture,Furniture,519.66,7,4,IT,Simon & Schuster,The Simon & Schuster IKEA MALM Bed by Simon & Schuster combines quality and innovation.
KMcs-0146,Fisher-Price 1984,Books,Books,536.12,110,7,IT,Fisher-Price,The Fisher-Price 1984 by Fisher-Price combines quality and innovation.
GrXJ-7028,IKEA 1984,Books,Books,926.01,82,11,UE,IKEA,The IKEA 1984 by IKEA combines quality and innovation.
SdmE-1444,Random House Xiaomi Redmi,Smartphone,Smartphone,299.52,186,14,UE,Random House,The Random House Xiaomi Redmi by Random House combines quality and innovation.
LmPy-3207,Levi's Desk Lamp,Furniture,Furniture,756.88,116,7,UE,Levi's,The Levi's Desk Lamp by Levi's combines quality and innovation.
qfYt-7900,H&M H&M Jacket,Clothing,Clothing,659.56,168,7,IT,H&M,The H&M H&M Jacket by H&M combines quality and innovation.
Xkri-6321,Logitech Barbie Dreamhouse,Toy,Toy,415.37,190,5,UE,Logitech,The Logitech Barbie Dreamhouse by Logitech combines quality and innovation.
aoFq-1118,Playmobil Nike Hoodie,Clothing,Clothing,561.5,44,10,UE,Playmobil,The Playmobil Nike Hoodie by Playmobil combines quality and innovation.
jzge-5091,CB2 iPhone 14,Smartphone,Smartphone,200.68,83,4,UE,CB2,The CB2 iPhone 14 by CB2 combines quality and innovation.
AUvm-9519,Mattel Xiaomi Redmi,Smartphone,Smartphone,703.16,20,12,UE,Mattel,The Mattel Xiaomi Redmi by Mattel combines quality and innovation.
lSgv-6222,Pottery Barn Nike Hoodie,Clothing,Clothing,230.83,51,10,IT,Pottery Barn,The Pottery Barn Nike Hoodie by Pottery Barn combines quality and innovation.
ThMl-1557,H&M Barbie Dreamhouse,Toy,Toy,385.94,60,9,UE,H&M,The H&M Barbie Dreamhouse by H&M combines quality and innovation.
oypd-8863,Nike NERF Blaster,Toy,Toy,632.29,116,11,IT,Nike,The Nike NERF Blaster by Nike combines quality and innovation.
EsQG-7325,Lego Galaxy S22,Smartphone,Smartphone,867.25,89,12,UE,Lego,The Lego Galaxy S22 by Lego combines quality and innovation.
PkWI-7861,Amazon Atomic Habits,Books,Books,868.14,129,12,IT,Amazon,The Amazon Atomic Habits by Amazon combines quality and innovation.
uwUM-6192,Pottery Barn Desk Lamp,Furniture,Furniture,159.52,128,14,UE,Pottery Barn,The Pottery Barn Desk Lamp by Pottery Barn combines quality and innovation.
pkpi-3793,Playmobil Playmobil Castle,Toy,Toy,24.47,141,14,IT,Playmobil,The Playmobil Playmobil Castle by Playmobil combines quality and innovation.
KlOV-7938,IKEA Bookshelf Unit,Furniture,Furniture,746.57,194,10,IT,IKEA,The IKEA Bookshelf Unit by IKEA combines quality and innovation.
FtaU-0821,Penguin Playmobil Castle,Toy,Toy,248.79,1,11,UE,Penguin,The Penguin Playmobil Castle by Penguin combines quality and innovation.
vTFX-5868,Pottery Barn Levi's Jeans,Clothing,Clothing,209.89,136,9,UE,Pottery Barn,The Pottery Barn Levi's Jeans by Pottery Barn combines quality and innovation.
JFDZ-1293,West Elm The Silent Patient,Books,Books,220.73,170,10,UE,West Elm,The West Elm The Silent Patient by West Elm combines quality and innovation.
FbNb-8629,Pottery Barn Adidas Tracksuit,Clothing,Clothing,432.4,51,1,UE,Pottery Barn,The Pottery Barn Adidas Tracksuit by Pottery Barn combines quality and innovation.
uRln-6233,Random House Pixel 7,Smartphone,Smartphone,609.13,77,4,IT,Random House,The Random House Pixel 7 by Random House combines quality and innovation.
YFcY-7944,Simon & Schuster Wayfair Sofa,Furniture,Furniture,375.05,106,8,IT,Simon & Schuster,The Simon & Schuster Wayfair Sofa by Simon & Schuster combines quality and innovation.
ogfK-8197,Zara Dune,Books,Books,811.73,3,7,IT,Zara,The Zara Dune by Zara combines quality and innovation.
rZtT-7973,Playmobil To Kill a Mockingbird,Books,Books,120.17,87,2,UE,Playmobil,The Playmobil To Kill a Mockingbird by Playmobil combines quality and innovation.
QcEj-1272,Playmobil Playmobil Castle,Toy,Toy,23.65,46,12,UE,Playmobil,The Playmobil Playmobil Castle by Playmobil combines quality and innovation.
EWkQ-2782,Lego H&M Jacket,Clothing,Clothing,435.11,24,10,IT,Lego,The Lego H&M Jacket by Lego combines quality and innovation.
iBBy-0649,Apple Dune,Books,Books,523.73,11,2,IT,Apple,The Apple Dune by Apple combines quality and innovation.
UKqB-8467,West Elm Bookshelf Unit,Furniture,Furniture,417.94,146,14,UE,West Elm,The West Elm Bookshelf Unit by West Elm combines quality and innovation.
zweA-0112,Random House Pixel 7,Smartphone,Smartphone,497.82,86,12,IT,Random House,The Random House Pixel 7 by Random House combines quality and innovation.
tFZG-4712,Mattel OnePlus Nord,Smartphone,Smartphone,428.27,33,1,IT,Mattel,The Mattel OnePlus Nord by Mattel combines quality and innovation.
xmrE-2902,Anker Adidas Tracksuit,Clothing,Clothing,80.07,164,2,IT,Anker,The Anker Adidas Tracksuit by Anker combines quality and innovation.
gaWC-7962,Amazon Levi's Jeans,Clothing,Clothing,448.21,15,14,UE,Amazon,The Amazon Levi's Jeans by Amazon combines quality and innovation.
YRMf-3839,Logitech Hot Wheels,Toy,Toy,135.25,56,3,UE,Logitech,The Logitech Hot Wheels by Logitech combines quality and innovation.
TMuL-0362,IKEA Zara T-Shirt,Clothing,Clothing,841.2,46,6,UE,IKEA,The IKEA Zara T-Shirt by IKEA combines quality and innovation.
ASpl-9792,HarperCollins OnePlus Nord,Smartphone,Smartphone,345.59,171,12,UE,HarperCollins,The HarperCollins OnePlus Nord by HarperCollins combines quality and innovation.
Rbkp-1583,Lego Galaxy S22,Smartphone,Smartphone,749.38,186,11,UE,Lego,The Lego Galaxy S22 by Lego combines quality and innovation.
TYaH-0979,Penguin Galaxy S22,Smartphone,Smartphone,955.47,97,8,IT,Penguin,The Penguin Galaxy S22 by Penguin combines quality and innovation.
wJIW-0302,Adidas Dune,Books,Books,27.96,37,10,IT,Adidas,The Adidas Dune by Adidas combines quality and innovation.
LRCp-0246,Penguin H&M Jacket,Clothing,Clothing,977.33,173,1,UE,Penguin,The Penguin H&M Jacket by Penguin combines quality and innovation.
llvV-0788,Fisher-Price Zara T-Shirt,Clothing,Clothing,891.03,117,14,IT,Fisher-Price,The Fisher-Price Zara T-Shirt by Fisher-Price combines quality and innovation.
IOJf-0866,Random House Playmobil Castle,Toy,Toy,448.25,10,11,IT,Random House,The Random House Playmobil Castle by Random House combines quality and innovation.
RkdY-0116,Nike IKEA MALM Bed,Furniture,Furniture,133.1,136,3,UE,Nike,The Nike IKEA MALM Bed by Nike combines quality and innovation.
ZjdK-4555,CB2 Levi's Jeans,Clothing,Clothing,105.78,52,4,IT,CB2,The CB2 Levi's Jeans by CB2 combines quality and innovation.
Ulxd-4665,Wayfair OnePlus Nord,Smartphone,Smartphone,243.3,16,2,IT,Wayfair,The Wayfair OnePlus Nord by Wayfair combines quality and innovation.
fksT-3263,CB2 Ashley Dining Table,Furniture,Furniture,97.52,111,5,IT,CB2,The CB2 Ashley Dining Table by CB2 combines quality and innovation.
VATk-7689,West Elm Pixel 7,Smartphone,Smartphone,695.06,105,2,UE,West Elm,The West Elm Pixel 7 by West Elm combines quality and innovation.
tzgQ-6634,Logitech Nike Hoodie,Clothing,Clothing,278.96,156,1,IT,Logitech,The Logitech Nike Hoodie by Logitech combines quality and innovation.
mqnp-8317,Adidas Ashley Dining Table,Furniture,Furniture,884.9,193,11,IT,Adidas,The Adidas Ashley Dining Table by Adidas combines quality and innovation.
qpuZ-8605,Playmobil IKEA MALM Bed,Furniture,Furniture,168.58,175,2,UE,Playmobil,The Playmobil IKEA MALM Bed by Playmobil combines quality and innovation.
NCBH-6411,HarperCollins iPhone 14,Smartphone,Smartphone,52.26,50,5,IT,HarperCollins,The HarperCollins iPhone 14 by HarperCollins combines quality and innovation.
QbHx-5011,IKEA Barbie Dreamhouse,Toy,Toy,14.36,2,11,UE,IKEA,The IKEA Barbie Dreamhouse by IKEA combines quality and innovation.
Ttwg-7566,Mattel Xiaomi Redmi,Smartphone,Smartphone,704.21,82,10,IT,Mattel,The Mattel Xiaomi Redmi by Mattel combines quality and innovation.
Rqpb-4728,Wayfair iPhone 14,Smartphone,Smartphone,36.92,87,5,UE,Wayfair,The Wayfair iPhone 14 by Wayfair combines quality and innovation.
RJBo-6430,Wayfair Desk Lamp,Furniture,Furniture,389.15,134,1,UE,Wayfair,The Wayfair Desk Lamp by Wayfair combines quality and innovation.
reLM-3425,Playmobil Adidas Tracksuit,Clothing,Clothing,75.23,28,4,IT,Playmobil,The Playmobil Adidas Tracksuit by Playmobil combines quality and innovation.
dtoo-0460,Anker Hot Wheels,Toy,Toy,80.21,109,2,UE,Anker,The Anker Hot Wheels by Anker combines quality and innovation.
lzkv-9588,Bloomsbury Ashley Dining Table,Furniture,Furniture,663.49,67,9,IT,Bloomsbury,The Bloomsbury Ashley Dining Table by Bloomsbury combines quality and innovation.
ruXw-2643,Bloomsbury Xiaomi Redmi,Smartphone,Smartphone,554.04,14,3,UE,Bloomsbury,The Bloomsbury Xiaomi Redmi by Bloomsbury combines quality and innovation.
PmKg-1915,CB2 NERF Blaster,Toy,Toy,371.35,18,11,UE,CB2,The CB2 NERF Blaster by CB2 combines quality and innovation.
Svwh-9997,Bose Atomic Habits,Books,Books,405.08,70,5,IT,Bose,The Bose Atomic Habits by Bose combines quality and innovation.
UQqs-6920,CB2 Dune,Books,Books,474.42,102,12,IT,CB2,The CB2 Dune by CB2 combines quality and innovation.
vpkO-5508,H&M 1984,Books,Books,630.69,72,8,IT,H&M,The H&M 1984 by H&M combines quality and innovation.
PdXm-9452,CB2 Adidas Tracksuit,Clothing,Clothing,133.72,56,2,UE,CB2,The CB2 Adidas Tracksuit by CB2 combines quality and innovation.
wVct-8647,CB2 Desk Lamp,Furniture,Furniture,914.63,78,12,IT,CB2,The CB2 Desk Lamp by CB2 combines quality and innovation.
Orrv-5731,Penguin Adidas Tracksuit,Clothing,Clothing,511.03,80,8,UE,Penguin,The Penguin Adidas Tracksuit by Penguin combines quality and innovation.
oono-2878,H&M To Kill a Mockingbird,Books,Books,494.04,29,8,IT,H&M,The H&M To Kill a Mockingbird by H&M combines quality and innovation.
ZOId-6099,Lego Ashley Dining Table,Furniture,Furniture,631.98,121,5,UE,Lego,The Lego Ashley Dining Table by Lego combines quality and innovation.
xfBM-7965,Sony 1984,Books,Books,996.22,131,10,UE,Sony,The Sony 1984 by Sony combines quality and innovation.
WkcI-0837,Logitech iPhone 14,Smartphone,Smartphone,644.83,69,11,UE,Logitech,The Logitech iPhone 14 by Logitech combines quality and innovation.
wSZE-3668,Zara Pixel 7,Smartphone,Smartphone,768.71,161,14,IT,Zara,The Zara Pixel 7 by Zara combines quality and innovation.
ohnH-7989,IKEA Levi's Jeans,Clothing,Clothing,344.58,181,12,IT,IKEA,The IKEA Levi's Jeans by IKEA combines quality and innovation.
VzZl-3490,Anker NERF Blaster,Toy,Toy,134.19,80,14,IT,Anker,The Anker NERF Blaster by Anker combines quality and innovation.
lips-8800,Simon & Schuster 1984,Books,Books,48.84,166,8,UE,Simon & Schuster,The Simon & Schuster 1984 by Simon & Schuster combines quality and innovation.
ZwOA-8857,Zara iPhone 14,Smartphone,Smartphone,979.42,96,12,IT,Zara,The Zara iPhone 14 by Zara combines quality and innovation.
qeLw-8983,Bloomsbury Bookshelf Unit,Furniture,Furniture,791.97,37,8,IT,Bloomsbury,The Bloomsbury Bookshelf Unit by Bloomsbury combines quality and innovation.
dsbb-9798,Fisher-Price Atomic Habits,Books,Books,456.66,3,8,IT,Fisher-Price,The Fisher-Price Atomic Habits by Fisher-Price combines quality and innovation.
uOGY-8176,Wayfair Barbie Dreamhouse,Toy,Toy,109.57,113,13,IT,Wayfair,The Wayfair Barbie Dreamhouse by Wayfair combines quality and innovation.
Nhec-9620,Wayfair Desk Lamp,Furniture,Furniture,334.19,93,10,UE,Wayfair,The Wayfair Desk Lamp by Wayfair combines quality and innovation.
DmPJ-9762,Apple Pixel 7,Smartphone,Smartphone,173.6,3,2,IT,Apple,The Apple Pixel 7 by Apple combines quality and innovation.
TSPJ-9472,Fisher-Price Hot Wheels,Toy,Toy,570.39,174,9,IT,Fisher-Price,The Fisher-Price Hot Wheels by Fisher-Price combines quality and innovation.
FcYv-5226,Sony Dune,Books,Books,765.01,133,8,IT,Sony,The Sony Dune by Sony combines quality and innovation.
zTpt-2579,Puma NERF Blaster,Toy,Toy,358.93,86,12,IT,Puma,The Puma NERF Blaster by Puma combines quality and innovation.
LNWq-4756,Bloomsbury Bookshelf Unit,Furniture,Furniture,564.71,140,5,IT,Bloomsbury,The Bloomsbury Bookshelf Unit by Bloomsbury combines quality and innovation.
Jgcq-5245,Nike iPhone 14,Smartphone,Smartphone,250.8,4,4,IT,Nike,The Nike iPhone 14 by Nike combines quality and innovation.
ABeC-4380,Nike The Silent Patient,Books,Books,510.92,36,7,UE,Nike,The Nike The Silent Patient by Nike combines quality and innovation.
ydDK-1358,Penguin NERF Blaster,Toy,Toy,688.4,57,13,IT,Penguin,The Penguin NERF Blaster by Penguin combines quality and innovation.
NqPl-1583,Wayfair Playmobil Castle,Toy,Toy,523.13,91,2,UE,Wayfair,The Wayfair Playmobil Castle by Wayfair combines quality and innovation.
yjyy-2704,Apple 1984,Books,Books,431.72,46,10,UE,Apple,The Apple 1984 by Apple combines quality and innovation.
SBey-9507,Zara Bookshelf Unit,Furniture,Furniture,976.71,162,11,UE,Zara,The Zara Bookshelf Unit by Zara combines quality and innovation.
JTHp-8437,H&M Hot Wheels,Toy,Toy,217.63,59,9,UE,H&M,The H&M Hot Wheels by H&M combines quality and innovation.
bOph-7427,CB2 Wayfair Sofa,Furniture,Furniture,594.1,70,3,IT,CB2,The CB2 Wayfair Sofa by CB2 combines quality and innovation.
mkOI-4407,Anker Desk Lamp,Furniture,Furniture,225.11,101,5,IT,Anker,The Anker Desk Lamp by Anker combines quality and innovation.
cSZM-6778,HarperCollins Bookshelf Unit,Furniture,Furniture,809.12,68,9,IT,HarperCollins,The HarperCollins Bookshelf Unit by HarperCollins combines quality and innovation.
CKeF-6403,Bloomsbury Nike Hoodie,Clothing,Clothing,645.12,25,1,IT,Bloomsbury,The Bloomsbury Nike Hoodie by Bloomsbury combines quality and innovation.
Mukb-4286,H&M To Kill a Mockingbird,Books,Books,46.91,103,3,UE,H&M,The H&M To Kill a Mockingbird by H&M combines quality and innovation.
rfZO-1923,Random House Lego City,Toy,Toy,20.07,94,14,IT,Random House,The Random House Lego City by Random House combines quality and innovation.
KOpO-2619,Random House Pixel 7,Smartphone,Smartphone,472.35,48,9,UE,Random House,The Random House Pixel 7 by Random House combines quality and innovation.
uDiF-0936,Penguin IKEA MALM Bed,Furniture,Furniture,602.27,102,7,UE,Penguin,The Penguin IKEA MALM Bed by Penguin combines quality and innovation.
SfCK-5643,Anker Bookshelf Unit,Furniture,Furniture,483.07,113,4,IT,Anker,The Anker Bookshelf Unit by Anker combines quality and innovation.
AxrL-6077,Amazon Adidas Tracksuit,Clothing,Clothing,423.71,92,13,UE,Amazon,The Amazon Adidas Tracksuit by Amazon combines quality and innovation.
jNnl-9600,Bose Adidas Tracksuit,Clothing,Clothing,967.52,130,13,IT,Bose,The Bose Adidas Tracksuit by Bose combines quality and innovation.
tWNq-7207,Fisher-Price Barbie Dreamhouse,Toy,Toy,649.49,49,8,UE,Fisher-Price,The Fisher-Price Barbie Dreamhouse by Fisher-Price combines quality and innovation.
XDnf-5658,Bose 1984,Books,Books,322.27,73,8,IT,Bose,The Bose 1984 by Bose combines quality and innovation.
AXTX-1078,Simon & Schuster Pixel 7,Smartphone,Smartphone,811.64,98,5,IT,Simon & Schuster,The Simon & Schuster Pixel 7 by Simon & Schuster combines quality and innovation.
tFkg-3990,Playmobil Galaxy S22,Smartphone,Smartphone,680.13,198,11,IT,Playmobil,The Playmobil Galaxy S22 by Playmobil combines quality and innovation.
zFWY-0474,H&M Playmobil Castle,Toy,Toy,92.7,13,3,UE,H&M,The H&M Playmobil Castle by H&M combines quality and innovation.
lFli-8097,Zara Hot Wheels,Toy,Toy,913.3,88,13,UE,Zara,The Zara Hot Wheels by Zara combines quality and innovation.
NDHO-7271,Random House Wayfair Sofa,Furniture,Furniture,434.63,154,8,IT,Random House,The Random House Wayfair Sofa by Random House combines quality and innovation.
CLrn-5631,Fisher-Price Pixel 7,Smartphone,Smartphone,401.74,190,3,IT,Fisher-Price,The Fisher-Price Pixel 7 by Fisher-Price combines quality and innovation.
oaZi-8830,Simon & Schuster IKEA MALM Bed,Furniture,Furniture,348.14,83,13,UE,Simon & Schuster,The Simon & Schuster IKEA MALM Bed by Simon & Schuster combines quality and innovation.
KaNO-5170,Bloomsbury Pixel 7,Smartphone,Smartphone,480.33,167,2,UE,Bloomsbury,The Bloomsbury Pixel 7 by Bloomsbury combines quality and innovation.
zbOw-8025,Logitech Lego City,Toy,Toy,71.23,72,9,UE,Logitech,The Logitech Lego City by Logitech combines quality and innovation.
xWpb-2736,Playmobil Atomic Habits,Books,Books,909.59,143,1,IT,Playmobil,The Playmobil Atomic Habits by Playmobil combines quality and innovation.
KODZ-9779,Mattel Levi's Jeans,Clothing,Clothing,278.47,157,14,IT,Mattel,The Mattel Levi's Jeans by Mattel combines quality and innovation.
EzEM-7864,Nike Playmobil Castle,Toy,Toy,222.54,24,1,IT,Nike,The Nike Playmobil Castle by Nike combines quality and innovation.
TeQx-9761,Amazon Playmobil Castle,Toy,Toy,192.7,124,11,UE,Amazon,The Amazon Playmobil Castle by Amazon combines quality and innovation.
BZUr-7361,Amazon 1984,Books,Books,146.47,161,4,UE,Amazon,The Amazon 1984 by Amazon combines quality and innovation.
Qshc-7779,Adidas The Silent Patient,Books,Books,550.52,116,14,UE,Adidas,The Adidas The Silent Patient by Adidas combines quality and innovation.
pLqb-5550,Random House Zara T-Shirt,Clothing,Clothing,749.05,54,7,IT,Random House,The Random House Zara T-Shirt by Random House combines quality and innovation.
BeoJ-0097,Wayfair H&M Jacket,Clothing,Clothing,636.0,166,5,UE,Wayfair,The Wayfair H&M Jacket by Wayfair combines quality and innovation.
BpUw-2633,Penguin Desk Lamp,Furniture,Furniture,276.63,80,4,IT,Penguin,The Penguin Desk Lamp by Penguin combines quality and innovation.
enFc-8690,Anker Hot Wheels,Toy,Toy,458.32,44,10,IT,Anker,The Anker Hot Wheels by Anker combines quality and innovation.
rQSj-2619,Playmobil Hot Wheels,Toy,Toy,164.39,44,4,IT,Playmobil,The Playmobil Hot Wheels by Playmobil combines quality and innovation.
biPh-6727,Fisher-Price Playmobil Castle,Toy,Toy,502.83,61,10,IT,Fisher-Price,The Fisher-Price Playmobil Castle by Fisher-Price combines quality and innovation.
gGYC-6811,Lego Xiaomi Redmi,Smartphone,Smartphone,503.19,88,2,UE,Lego,The Lego Xiaomi Redmi by Lego combines quality and innovation.
Vngz-1012,Anker Levi's Jeans,Clothing,Clothing,599.83,128,2,UE,Anker,The Anker Levi's Jeans by Anker combines quality and innovation.
kmDB-0355,Nike To Kill a Mockingbird,Books,Books,748.07,156,8,IT,Nike,The Nike To Kill a Mockingbird by Nike combines quality and innovation.
lVvA-6831,Sony Levi's Jeans,Clothing,Clothing,39.87,187,8,UE,Sony,The Sony Levi's Jeans by Sony combines quality and innovation.
Ruxt-7430,Sony Bookshelf Unit,Furniture,Furniture,493.23,175,1,IT,Sony,The Sony Bookshelf Unit by Sony combines quality and innovation.
jmYa-2591,CB2 Dune,Books,Books,613.54,69,6,UE,CB2,The CB2 Dune by CB2 combines quality and innovation.
FAjs-3500,Fisher-Price H&M Jacket,Clothing,Clothing,442.4,197,7,UE,Fisher-Price,The Fisher-Price H&M Jacket by Fisher-Price combines quality and innovation.
uqCB-1854,Simon & Schuster Atomic Habits,Books,Books,579.27,118,2,IT,Simon & Schuster,The Simon & Schuster Atomic Habits by Simon & Schuster combines quality and innovation.
JZdB-6473,Wayfair Dune,Books,Books,981.96,33,13,IT,Wayfair,The Wayfair Dune by Wayfair combines quality and innovation.
HVzr-3636,Playmobil NERF Blaster,Toy,Toy,768.71,65,3,UE,Playmobil,The Playmobil NERF Blaster by Playmobil combines quality and innovation.
GReo-0269,Bloomsbury Adidas Tracksuit,Clothing,Clothing,469.08,46,4,IT,Bloomsbury,The Bloomsbury Adidas Tracksuit by Bloomsbury combines quality and innovation.
ymCc-6308,Apple OnePlus Nord,Smartphone,Smartphone,275.22,164,1,UE,Apple,The Apple OnePlus Nord by Apple combines quality and innovation.
oqck-2695,Fisher-Price Barbie Dreamhouse,Toy,Toy,922.14,147,11,UE,Fisher-Price,The Fisher-Price Barbie Dreamhouse by Fisher-Price combines quality and innovation.
iwUb-7467,CB2 Dune,Books,Books,445.98,117,12,IT,CB2,The CB2 Dune by CB2 combines quality and innovation.
zMui-5531,Bose H&M Jacket,Clothing,Clothing,329.07,86,8,UE,Bose,The Bose H&M Jacket by Bose combines quality and innovation.
QLSi-3973,Wayfair Adidas Tracksuit,Clothing,Clothing,249.71,179,3,UE,Wayfair,The Wayfair Adidas Tracksuit by Wayfair combines quality and innovation.
ZxrE-8193,Sony NERF Blaster,Toy,Toy,30.32,143,7,UE,Sony,The Sony NERF Blaster by Sony combines quality and innovation.
xbYZ-6566,Zara 1984,Books,Books,725.9,11,9,IT,Zara,The Zara 1984 by Zara combines quality and innovation.
qbyo-1612,CB2 Nike Hoodie,Clothing,Clothing,801.42,136,5,IT,CB2,The CB2 Nike Hoodie by CB2 combines quality and innovation.
BaOi-8403,Simon & Schuster Hot Wheels,Toy,Toy,480.79,145,1,IT,Simon & Schuster,The Simon & Schuster Hot Wheels by Simon & Schuster combines quality and innovation.
trcO-4332,Nike OnePlus Nord,Smartphone,Smartphone,547.92,165,11,UE,Nike,The Nike OnePlus Nord by Nike combines quality and innovation.
RXuv-6673,Apple 1984,Books,Books,225.69,155,14,UE,Apple,The Apple 1984 by Apple combines quality and innovation.
URoX-6207,IKEA Atomic Habits,Books,Books,176.58,178,7,IT,IKEA,The IKEA Atomic Habits by IKEA combines quality and innovation.
DuSb-9462,IKEA OnePlus Nord,Smartphone,Smartphone,367.67,37,7,IT,IKEA,The IKEA OnePlus Nord by IKEA combines quality and innovation.
BVvn-3389,Lego Nike Hoodie,Clothing,Clothing,884.07,119,5,IT,Lego,The Lego Nike Hoodie by Lego combines quality and innovation.
mGpe-5861,Wayfair H&M Jacket,Clothing,Clothing,590.22,9,6,UE,Wayfair,The Wayfair H&M Jacket by Wayfair combines quality and innovation.
gyIp-2339,Puma Atomic Habits,Books,Books,910.01,3,3,IT,Puma,The Puma Atomic Habits by Puma combines quality and innovation.
eqDr-1933,Nike To Kill a Mockingbird,Books,Books,471.55,40,6,UE,Nike,The Nike To Kill a Mockingbird by Nike combines quality and innovation.
NmGm-8168,Playmobil Hot Wheels,Toy,Toy,503.57,176,6,UE,Playmobil,The Playmobil Hot Wheels by Playmobil combines quality and innovation.
upih-5066,Logitech Pixel 7,Smartphone,Smartphone,298.5,166,12,UE,Logitech,The Logitech Pixel 7 by Logitech combines quality and innovation.
WOrO-7577,Pottery Barn Galaxy S22,Smartphone,Smartphone,175.11,57,1,UE,Pottery Barn,The Pottery Barn Galaxy S22 by Pottery Barn combines quality and innovation.
GKcb-3406,Simon & Schuster Lego City,Toy,Toy,343.8,151,7,IT,Simon & Schuster,The Simon & Schuster Lego City by Simon & Schuster combines quality and innovation.
Azmc-1132,Levi's Levi's Jeans,Clothing,Clothing,307.05,7,13,UE,Levi's,The Levi's Levi's Jeans by Levi's combines quality and innovation.
xwJC-7755,Mattel Levi's Jeans,Clothing,Clothing,635.65,97,9,UE,Mattel,The Mattel Levi's Jeans by Mattel combines quality and innovation.
hDFU-1126,West Elm Pixel 7,Smartphone,Smartphone,468.23,46,14,IT,West Elm,The West Elm Pixel 7 by West Elm combines quality and innovation.
ZECD-7280,Penguin Hot Wheels,Toy,Toy,168.35,95,6,IT,Penguin,The Penguin Hot Wheels by Penguin combines quality and innovation.
KhVc-5741,Penguin Adidas Tracksuit,Clothing,Clothing,773.11,119,11,UE,Penguin,The Penguin Adidas Tracksuit by Penguin combines quality and innovation.
GyzG-8024,IKEA Atomic Habits,Books,Books,703.28,95,14,IT,IKEA,The IKEA Atomic Habits by IKEA combines quality and innovation.
kzqL-9666,Sony To Kill a Mockingbird,Books,Books,853.98,138,2,IT,Sony,The Sony To Kill a Mockingbird by Sony combines quality and innovation.
BrGl-7128,Adidas Pixel 7,Smartphone,Smartphone,830.58,49,2,IT,Adidas,The Adidas Pixel 7 by Adidas combines quality and innovation.
hXcr-9641,Logitech Wayfair Sofa,Furniture,Furniture,780.83,18,7,UE,Logitech,The Logitech Wayfair Sofa by Logitech combines quality and innovation.
IVXO-0524,Sony Xiaomi Redmi,Smartphone,Smartphone,910.28,11,13,UE,Sony,The Sony Xiaomi Redmi by Sony combines quality and innovation.
DMKB-5155,Mattel OnePlus Nord,Smartphone,Smartphone,66.73,82,10,UE,Mattel,The Mattel OnePlus Nord by Mattel combines quality and innovation.
MhRd-6668,Wayfair Lego City,Toy,Toy,510.57,139,12,UE,Wayfair,The Wayfair Lego City by Wayfair combines quality and innovation.
zSYg-3501,Bloomsbury Xiaomi Redmi,Smartphone,Smartphone,632.1,53,4,UE,Bloomsbury,The Bloomsbury Xiaomi Redmi by Bloomsbury combines quality and innovation.
boin-7338,Apple To Kill a Mockingbird,Books,Books,106.68,175,3,IT,Apple,The Apple To Kill a Mockingbird by Apple combines quality and innovation.
Jpzc-2447,Pottery Barn Adidas Tracksuit,Clothing,Clothing,896.52,128,9,UE,Pottery Barn,The Pottery Barn Adidas Tracksuit by Pottery Barn combines quality and innovation.
Ttce-6482,Penguin Galaxy S22,Smartphone,Smartphone,784.95,50,13,UE,Penguin,The Penguin Galaxy S22 by Penguin combines quality and innovation.
JHzZ-4523,Penguin OnePlus Nord,Smartphone,Smartphone,465.88,113,5,IT,Penguin,The Penguin OnePlus Nord by Penguin combines quality and innovation.
dbqV-9522,Penguin Pixel 7,Smartphone,Smartphone,948.64,66,3,UE,Penguin,The Penguin Pixel 7 by Penguin combines quality and innovation.
qlMk-4871,Penguin Ashley Dining Table,Furniture,Furniture,858.36,194,14,UE,Penguin,The Penguin Ashley Dining Table by Penguin combines quality and innovation.
iMtf-3114,Wayfair Pixel 7,Smartphone,Smartphone,506.41,27,2,IT,Wayfair,The Wayfair Pixel 7 by Wayfair combines quality and innovation.
TQWz-9057,Levi's Nike Hoodie,Clothing,Clothing,783.32,58,6,IT,Levi's,The Levi's Nike Hoodie by Levi's combines quality and innovation.
sQLe-3171,Bloomsbury OnePlus Nord,Smartphone,Smartphone,948.82,60,6,UE,Bloomsbury,The Bloomsbury OnePlus Nord by Bloomsbury combines quality and innovation.
CJUt-8866,Logitech The Silent Patient,Books,Books,444.68,136,1,IT,Logitech,The Logitech The Silent Patient by Logitech combines quality and innovation.
SASh-2015,Anker The Silent Patient,Books,Books,508.25,145,12,UE,Anker,The Anker The Silent Patient by Anker combines quality and innovation.
jtft-3981,Logitech Pixel 7,Smartphone,Smartphone,318.47,112,9,IT,Logitech,The Logitech Pixel 7 by Logitech combines quality and innovation.
kRtd-5181,Logitech Ashley Dining Table,Furniture,Furniture,113.98,119,5,UE,Logitech,The Logitech Ashley Dining Table by Logitech combines quality and innovation.
zbQS-2575,Bose NERF Blaster,Toy,Toy,245.43,18,5,UE,Bose,The Bose NERF Blaster by Bose combines quality and innovation.
nPzs-1009,H&M Xiaomi Redmi,Smartphone,Smartphone,146.3,83,4,IT,H&M,The H&M Xiaomi Redmi by H&M combines quality and innovation.
lVFN-6566,Penguin Levi's Jeans,Clothing,Clothing,41.63,19,4,IT,Penguin,The Penguin Levi's Jeans by Penguin combines quality and innovation.
gZVs-5208,Bloomsbury Wayfair Sofa,Furniture,Furniture,453.25,23,7,UE,Bloomsbury,The Bloomsbury Wayfair Sofa by Bloomsbury combines quality and innovation.
QsHC-5844,HarperCollins Hot Wheels,Toy,Toy,591.63,1,12,UE,HarperCollins,The HarperCollins Hot Wheels by HarperCollins combines quality and innovation.
ctXm-4289,CB2 Lego City,Toy,Toy,211.78,194,12,UE,CB2,The CB2 Lego City by CB2 combines quality and innovation.
ooIR-2338,Apple OnePlus Nord,Smartphone,Smartphone,908.87,139,6,UE,Apple,The Apple OnePlus Nord by Apple combines quality and innovation.
gLHo-7000,Bloomsbury Nike Hoodie,Clothing,Clothing,635.37,17,5,IT,Bloomsbury,The Bloomsbury Nike Hoodie by Bloomsbury combines quality and innovation.
bNEv-8120,Anker Bookshelf Unit,Furniture,Furniture,926.75,127,6,UE,Anker,The Anker Bookshelf Unit by Anker combines quality and innovation.
Fcmc-8963,Apple IKEA MALM Bed,Furniture,Furniture,404.51,188,5,UE,Apple,The Apple IKEA MALM Bed by Apple combines quality and innovation.
Gwqh-1049,Wayfair OnePlus Nord,Smartphone,Smartphone,717.95,191,14,UE,Wayfair,The Wayfair OnePlus Nord by Wayfair combines quality and innovation.
HySe-0950,Adidas Hot Wheels,Toy,Toy,428.86,62,2,UE,Adidas,The Adidas Hot Wheels by Adidas combines quality and innovation.
Vmou-1740,Sony Hot Wheels,Toy,Toy,851.86,51,12,IT,Sony,The Sony Hot Wheels by Sony combines quality and innovation.
Vkuy-3854,H&M Atomic Habits,Books,Books,651.44,104,10,IT,H&M,The H&M Atomic Habits by H&M combines quality and innovation.
NRte-9035,Mattel OnePlus Nord,Smartphone,Smartphone,97.5,14,10,UE,Mattel,The Mattel OnePlus Nord by Mattel combines quality and innovation.
Nqbf-0337,Puma Wayfair Sofa,Furniture,Furniture,221.48,40,8,UE,Puma,The Puma Wayfair Sofa by Puma combines quality and innovation.
YADN-0554,Wayfair The Silent Patient,Books,Books,847.3,151,2,UE,Wayfair,The Wayfair The Silent Patient by Wayfair combines quality and innovation.
DFuX-2154,HarperCollins Wayfair Sofa,Furniture,Furniture,719.05,15,5,UE,HarperCollins,The HarperCollins Wayfair Sofa by HarperCollins combines quality and innovation.
NIqw-1736,Random House 1984,Books,Books,783.43,144,6,UE,Random House,The Random House 1984 by Random House combines quality and innovation.
GFYH-8419,Simon & Schuster H&M Jacket,Clothing,Clothing,708.94,183,12,UE,Simon & Schuster,The Simon & Schuster H&M Jacket by Simon & Schuster combines quality and innovation.
hBev-0165,IKEA Wayfair Sofa,Furniture,Furniture,634.71,146,12,UE,IKEA,The IKEA Wayfair Sofa by IKEA combines quality and innovation.
RWjR-7433,Zara Playmobil Castle,Toy,Toy,391.33,16,4,UE,Zara,The Zara Playmobil Castle by Zara combines quality and innovation.
eOeD-8244,Bose Wayfair Sofa,Furniture,Furniture,178.09,47,13,UE,Bose,The Bose Wayfair Sofa by Bose combines quality and innovation.
uGTY-2567,Adidas Nike Hoodie,Clothing,Clothing,757.45,63,6,UE,Adidas,The Adidas Nike Hoodie by Adidas combines quality and innovation.
qYcf-4389,Playmobil Barbie Dreamhouse,Toy,Toy,217.84,140,11,IT,Playmobil,The Playmobil Barbie Dreamhouse by Playmobil combines quality and innovation.
pKeo-8144,H&M Adidas Tracksuit,Clothing,Clothing,606.08,124,8,UE,H&M,The H&M Adidas Tracksuit by H&M combines quality and innovation.
Buid-5817,H&M iPhone 14,Smartphone,Smartphone,958.34,178,11,UE,H&M,The H&M iPhone 14 by H&M combines quality and innovation.
CXNd-4165,Penguin Dune,Books,Books,944.49,198,13,UE,Penguin,The Penguin Dune by Penguin combines quality and innovation.
bfdW-8400,Anker To Kill a Mockingbird,Books,Books,408.54,163,13,UE,Anker,The Anker To Kill a Mockingbird by Anker combines quality and innovation.
yoMe-3122,Bose IKEA MALM Bed,Furniture,Furniture,223.55,56,13,IT,Bose,The Bose IKEA MALM Bed by Bose combines quality and innovation.
VDKP-2571,Apple Galaxy S22,Smartphone,Smartphone,33.71,66,4,UE,Apple,The Apple Galaxy S22 by Apple combines quality and innovation.
GCrt-9315,Logitech Zara T-Shirt,Clothing,Clothing,716.94,167,4,UE,Logitech,The Logitech Zara T-Shirt by Logitech combines quality and innovation.
YdRe-8736,Zara Galaxy S22,Smartphone,Smartphone,477.16,120,2,IT,Zara,The Zara Galaxy S22 by Zara combines quality and innovation.
BLSE-8994,CB2 1984,Books,Books,672.94,25,7,UE,CB2,The CB2 1984 by CB2 combines quality and innovation.
bnPq-3077,Mattel Ashley Dining Table,Furniture,Furniture,165.03,52,6,IT,Mattel,The Mattel Ashley Dining Table by Mattel combines quality and innovation.
qAea-4921,Bloomsbury OnePlus Nord,Smartphone,Smartphone,105.98,194,11,UE,Bloomsbury,The Bloomsbury OnePlus Nord by Bloomsbury combines quality and innovation.
GUvM-5657,Playmobil H&M Jacket,Clothing,Clothing,355.05,156,2,UE,Playmobil,The Playmobil H&M Jacket by Playmobil combines quality and innovation.
ITsA-2986,Penguin Nike Hoodie,Clothing,Clothing,631.2,163,1,IT,Penguin,The Penguin Nike Hoodie by Penguin combines quality and innovation.
zPcg-1003,H&M 1984,Books,Books,559.25,114,8,UE,H&M,The H&M 1984 by H&M combines quality and innovation.
LghH-1853,IKEA Bookshelf Unit,Furniture,Furniture,200.41,197,11,UE,IKEA,The IKEA Bookshelf Unit by IKEA combines quality and innovation.
kpDb-3293,Simon & Schuster Atomic Habits,Books,Books,111.86,58,1,IT,Simon & Schuster,The Simon & Schuster Atomic Habits by Simon & Schuster combines quality and innovation.
tAxS-3809,HarperCollins iPhone 14,Smartphone,Smartphone,48.68,96,14,UE,HarperCollins,The HarperCollins iPhone 14 by HarperCollins combines quality and innovation.
KNTI-6023,Simon & Schuster The Silent Patient,Books,Books,459.31,122,6,UE,Simon & Schuster,The Simon & Schuster The Silent Patient by Simon & Schuster combines quality and innovation.
MWsS-3577,IKEA Lego City,Toy,Toy,159.42,65,5,UE,IKEA,The IKEA Lego City by IKEA combines quality and innovation.
uLfr-5855,Nike Ashley Dining Table,Furniture,Furniture,377.23,50,5,UE,Nike,The Nike Ashley Dining Table by Nike combines quality and innovation.
lVFO-1232,Apple IKEA MALM Bed,Furniture,Furniture,343.8,88,4,UE,Apple,The Apple IKEA MALM Bed by Apple combines quality and innovation.
cVby-0102,Levi's The Silent Patient,Books,Books,363.37,129,6,UE,Levi's,The Levi's The Silent Patient by Levi's combines quality and innovation.
SUFX-9135,Apple Galaxy S22,Smartphone,Smartphone,62.54,115,2,UE,Apple,The Apple Galaxy S22 by Apple combines quality and innovation.
NxvY-4787,Lego Levi's Jeans,Clothing,Clothing,317.42,126,13,IT,Lego,The Lego Levi's Jeans by Lego combines quality and innovation.
LWUX-1785,IKEA Bookshelf Unit,Furniture,Furniture,897.69,55,9,UE,IKEA,The IKEA Bookshelf Unit by IKEA combines quality and innovation.
UZxP-6032,Adidas Atomic Habits,Books,Books,520.0,104,13,UE,Adidas,The Adidas Atomic Habits by Adidas combines quality and innovation.
NVkc-1546,H&M Zara T-Shirt,Clothing,Clothing,23.99,102,10,IT,H&M,The H&M Zara T-Shirt by H&M combines quality and innovation.
Ypzk-6514,Puma Barbie Dreamhouse,Toy,Toy,695.75,92,5,UE,Puma,The Puma Barbie Dreamhouse by Puma combines quality and innovation.
GoDC-7926,Penguin Wayfair Sofa,Furniture,Furniture,48.87,125,5,UE,Penguin,The Penguin Wayfair Sofa by Penguin combines quality and innovation.
vxwa-6489,HarperCollins H&M Jacket,Clothing,Clothing,119.11,46,5,UE,HarperCollins,The HarperCollins H&M Jacket by HarperCollins combines quality and innovation.
rcrk-0121,Fisher-Price Dune,Books,Books,551.09,88,7,UE,Fisher-Price,The Fisher-Price Dune by Fisher-Price combines quality and innovation.
uWwe-7415,Pottery Barn Dune,Books,Books,140.06,147,13,IT,Pottery Barn,The Pottery Barn Dune by Pottery Barn combines quality and innovation.
wOgf-9954,Mattel H&M Jacket,Clothing,Clothing,189.3,107,7,UE,Mattel,The Mattel H&M Jacket by Mattel combines quality and innovation.
bpXb-3803,Logitech Bookshelf Unit,Furniture,Furniture,333.1,91,1,IT,Logitech,The Logitech Bookshelf Unit by Logitech combines quality and innovation.
mONG-9560,Lego IKEA MALM Bed,Furniture,Furniture,485.08,199,5,UE,Lego,The Lego IKEA MALM Bed by Lego combines quality and innovation.
EiRE-7800,Zara Levi's Jeans,Clothing,Clothing,215.75,26,14,UE,Zara,The Zara Levi's Jeans by Zara combines quality and innovation.
msvM-5427,Zara To Kill a Mockingbird,Books,Books,918.48,161,8,UE,Zara,The Zara To Kill a Mockingbird by Zara combines quality and innovation.
iCWH-3169,Bloomsbury Pixel 7,Smartphone,Smartphone,291.51,91,10,UE,Bloomsbury,The Bloomsbury Pixel 7 by Bloomsbury combines quality and innovation.
zWfF-2355,CB2 1984,Books,Books,881.19,7,12,UE,CB2,The CB2 1984 by CB2 combines quality and innovation.
vofc-3610,IKEA Playmobil Castle,Toy,Toy,621.15,63,11,UE,IKEA,The IKEA Playmobil Castle by IKEA combines quality and innovation.
RSat-7798,Pottery Barn Lego City,Toy,Toy,795.33,108,9,UE,Pottery Barn,The Pottery Barn Lego City by Pottery Barn combines quality and innovation.
oSVW-3515,H&M To Kill a Mockingbird,Books,Books,271.63,74,7,IT,H&M,The H&M To Kill a Mockingbird by H&M combines quality and innovation.
CRcd-0720,Zara Adidas Tracksuit,Clothing,Clothing,930.92,31,10,UE,Zara,The Zara Adidas Tracksuit by Zara combines quality and innovation.
IowX-8099,Pottery Barn IKEA MALM Bed,Furniture,Furniture,564.33,1,7,IT,Pottery Barn,The Pottery Barn IKEA MALM Bed by Pottery Barn combines quality and innovation.
zfPJ-5972,Pottery Barn Xiaomi Redmi,Smartphone,Smartphone,395.42,50,5,UE,Pottery Barn,The Pottery Barn Xiaomi Redmi by Pottery Barn combines quality and innovation.
KDll-2852,Adidas Dune,Books,Books,887.5,144,2,IT,Adidas,The Adidas Dune by Adidas combines quality and innovation.
rCpH-3257,Random House Barbie Dreamhouse,Toy,Toy,819.18,134,11,UE,Random House,The Random House Barbie Dreamhouse by Random House combines quality and innovation.
yBJK-5158,Penguin 1984,Books,Books,827.24,76,5,IT,Penguin,The Penguin 1984 by Penguin combines quality and innovation.
DsgK-4934,Wayfair Xiaomi Redmi,Smartphone,Smartphone,523.27,189,2,IT,Wayfair,The Wayfair Xiaomi Redmi by Wayfair combines quality and innovation.
RKnY-8759,Bloomsbury The Silent Patient,Books,Books,402.07,110,2,UE,Bloomsbury,The Bloomsbury The Silent Patient by Bloomsbury combines quality and innovation.
Xkyb-1001,H&M Dune,Books,Books,359.88,71,2,IT,H&M,The H&M Dune by H&M combines quality and innovation.
CsHy-0615,Anker 1984,Books,Books,352.43,166,12,UE,Anker,The Anker 1984 by Anker combines quality and innovation.
ecCd-8401,Amazon Hot Wheels,Toy,Toy,128.46,168,8,UE,Amazon,The Amazon Hot Wheels by Amazon combines quality and innovation.
GLzq-9342,Amazon Nike Hoodie,Clothing,Clothing,293.41,126,2,IT,Amazon,The Amazon Nike Hoodie by Amazon combines quality and innovation.
AWlx-6604,Apple To Kill a Mockingbird,Books,Books,706.13,65,12,IT,Apple,The Apple To Kill a Mockingbird by Apple combines quality and innovation.
wxaF-0754,Apple Hot Wheels,Toy,Toy,476.07,170,12,UE,Apple,The Apple Hot Wheels by Apple combines quality and innovation.
dAHX-3879,CB2 Adidas Tracksuit,Clothing,Clothing,345.57,137,2,IT,CB2,The CB2 Adidas Tracksuit by CB2 combines quality and innovation.
giTF-3398,Wayfair Lego City,Toy,Toy,764.08,188,8,UE,Wayfair,The Wayfair Lego City by Wayfair combines quality and innovation.
pVQn-2955,Playmobil Barbie Dreamhouse,Toy,Toy,231.91,165,11,UE,Playmobil,The Playmobil Barbie Dreamhouse by Playmobil combines quality and innovation.
nAXi-0120,CB2 IKEA MALM Bed,Furniture,Furniture,937.38,101,3,IT,CB2,The CB2 IKEA MALM Bed by CB2 combines quality and innovation.
NGHE-1945,Playmobil The Silent Patient,Books,Books,992.41,52,7,IT,Playmobil,The Playmobil The Silent Patient by Playmobil combines quality and innovation.
cMyY-7535,H&M OnePlus Nord,Smartphone,Smartphone,894.32,115,8,IT,H&M,The H&M OnePlus Nord by H&M combines quality and innovation.
pCoX-5224,Amazon Wayfair Sofa,Furniture,Furniture,973.57,125,14,IT,Amazon,The Amazon Wayfair Sofa by Amazon combines quality and innovation.
rShW-0575,Adidas H&M Jacket,Clothing,Clothing,259.26,58,8,UE,Adidas,The Adidas H&M Jacket by Adidas combines quality and innovation.
oivj-9664,IKEA Ashley Dining Table,Furniture,Furniture,691.31,64,2,IT,IKEA,The IKEA Ashley Dining Table by IKEA combines quality and innovation.
EfGM-0159,Fisher-Price Galaxy S22,Smartphone,Smartphone,222.23,156,13,UE,Fisher-Price,The Fisher-Price Galaxy S22 by Fisher-Price combines quality and innovation.
hxDd-4550,Adidas Galaxy S22,Smartphone,Smartphone,124.75,190,6,UE,Adidas,The Adidas Galaxy S22 by Adidas combines quality and innovation.
EZlv-8561,Wayfair OnePlus Nord,Smartphone,Smartphone,276.41,88,9,UE,Wayfair,The Wayfair OnePlus Nord by Wayfair combines quality and innovation.
loVp-5778,Mattel IKEA MALM Bed,Furniture,Furniture,524.81,71,13,IT,Mattel,The Mattel IKEA MALM Bed by Mattel combines quality and innovation.
PQbr-1270,Amazon Xiaomi Redmi,Smartphone,Smartphone,785.73,147,2,IT,Amazon,The Amazon Xiaomi Redmi by Amazon combines quality and innovation.
iDbK-3871,H&M Ashley Dining Table,Furniture,Furniture,573.72,113,6,UE,H&M,The H&M Ashley Dining Table by H&M combines quality and innovation.
ekYS-1934,Simon & Schuster Zara T-Shirt,Clothing,Clothing,24.66,14,3,IT,Simon & Schuster,The Simon & Schuster Zara T-Shirt by Simon & Schuster combines quality and innovation.
vYzD-2515,Logitech Galaxy S22,Smartphone,Smartphone,512.09,26,3,UE,Logitech,The Logitech Galaxy S22 by Logitech combines quality and innovation.
xqGq-9469,Anker Pixel 7,Smartphone,Smartphone,641.91,17,14,UE,Anker,The Anker Pixel 7 by Anker combines quality and innovation.
yYBu-9012,Pottery Barn Atomic Habits,Books,Books,39.81,106,5,UE,Pottery Barn,The Pottery Barn Atomic Habits by Pottery Barn combines quality and innovation.
lnyS-1820,CB2 Bookshelf Unit,Furniture,Furniture,428.18,88,1,UE,CB2,The CB2 Bookshelf Unit by CB2 combines quality and innovation.
Ryvk-1627,Amazon 1984,Books,Books,455.67,188,6,IT,Amazon,The Amazon 1984 by Amazon combines quality and innovation.
melM-1573,Sony Lego City,Toy,Toy,784.0,78,13,IT,Sony,The Sony Lego City by Sony combines quality and innovation.
xpWX-3671,Logitech 1984,Books,Books,453.75,73,2,UE,Logitech,The Logitech 1984 by Logitech combines quality and innovation.
BPgN-8343,Bose Atomic Habits,Books,Books,377.74,138,6,UE,Bose,The Bose Atomic Habits by Bose combines quality and innovation.
UWdX-8906,H&M Xiaomi Redmi,Smartphone,Smartphone,844.5,101,1,IT,H&M,The H&M Xiaomi Redmi by H&M combines quality and innovation.
ruUx-2028,Amazon Hot Wheels,Toy,Toy,869.62,22,12,UE,Amazon,The Amazon Hot Wheels by Amazon combines quality and innovation.
LuWr-6497,Mattel Barbie Dreamhouse,Toy,Toy,272.85,14,8,IT,Mattel,The Mattel Barbie Dreamhouse by Mattel combines quality and innovation.
fIfG-5661,Penguin The Silent Patient,Books,Books,784.03,161,14,IT,Penguin,The Penguin The Silent Patient by Penguin combines quality and innovation.
TmDg-2838,Pottery Barn IKEA MALM Bed,Furniture,Furniture,254.46,12,12,UE,Pottery Barn,The Pottery Barn IKEA MALM Bed by Pottery Barn combines quality and innovation.
HNpw-0623,Pottery Barn To Kill a Mockingbird,Books,Books,482.02,1,3,IT,Pottery Barn,The Pottery Barn To Kill a Mockingbird by Pottery Barn combines quality and innovation.
UcDK-8781,Adidas Atomic Habits,Books,Books,428.33,198,12,UE,Adidas,The Adidas Atomic Habits by Adidas combines quality and innovation.
Rlul-4858,Random House Adidas Tracksuit,Clothing,Clothing,168.21,55,4,UE,Random House,The Random House Adidas Tracksuit by Random House combines quality and innovation.
HQfM-0774,Bloomsbury Dune,Books,Books,853.93,18,13,UE,Bloomsbury,The Bloomsbury Dune by Bloomsbury combines quality and innovation.
BvjO-3219,Wayfair Galaxy S22,Smartphone,Smartphone,718.76,29,4,UE,Wayfair,The Wayfair Galaxy S22 by Wayfair combines quality and innovation.
DCdI-1909,Bloomsbury The Silent Patient,Books,Books,741.66,128,6,UE,Bloomsbury,The Bloomsbury The Silent Patient by Bloomsbury combines quality and innovation.
TCZY-9505,Penguin Pixel 7,Smartphone,Smartphone,144.6,95,1,IT,Penguin,The Penguin Pixel 7 by Penguin combines quality and innovation.
YXnP-5154,Penguin Nike Hoodie,Clothing,Clothing,577.37,163,9,UE,Penguin,The Penguin Nike Hoodie by Penguin combines quality and innovation.
LTAM-4798,Puma Pixel 7,Smartphone,Smartphone,731.46,128,2,IT,Puma,The Puma Pixel 7 by Puma combines quality and innovation.
BVgr-8513,Levi's Playmobil Castle,Toy,Toy,370.3,10,6,UE,Levi's,The Levi's Playmobil Castle by Levi's combines quality and innovation.
vhAR-8705,Fisher-Price Nike Hoodie,Clothing,Clothing,63.39,51,2,IT,Fisher-Price,The Fisher-Price Nike Hoodie by Fisher-Price combines quality and innovation.
gJYw-9549,Puma Lego City,Toy,Toy,527.06,198,2,UE,Puma,The Puma Lego City by Puma combines quality and innovation.
GMOy-5400,H&M Adidas Tracksuit,Clothing,Clothing,200.13,72,10,UE,H&M,The H&M Adidas Tracksuit by H&M combines quality and innovation.
KfjR-8508,Penguin NERF Blaster,Toy,Toy,280.47,46,5,IT,Penguin,The Penguin NERF Blaster by Penguin combines quality and innovation.
lcXB-6151,H&M Ashley Dining Table,Furniture,Furniture,916.01,188,6,IT,H&M,The H&M Ashley Dining Table by H&M combines quality and innovation.
tYMJ-7966,Apple Xiaomi Redmi,Smartphone,Smartphone,515.87,79,7,UE,Apple,The Apple Xiaomi Redmi by Apple combines quality and innovation.
AbxE-0346,Mattel Hot Wheels,Toy,Toy,14.56,24,14,IT,Mattel,The Mattel Hot Wheels by Mattel combines quality and innovation.
RvUJ-8451,Wayfair NERF Blaster,Toy,Toy,204.17,61,4,IT,Wayfair,The Wayfair NERF Blaster by Wayfair combines quality and innovation.
jlHV-4742,IKEA Desk Lamp,Furniture,Furniture,409.59,139,5,UE,IKEA,The IKEA Desk Lamp by IKEA combines quality and innovation.
ersb-0146,West Elm Bookshelf Unit,Furniture,Furniture,252.6,57,12,IT,West Elm,The West Elm Bookshelf Unit by West Elm combines quality and innovation.
Ptpc-0452,Bose Desk Lamp,Furniture,Furniture,29.49,25,3,UE,Bose,The Bose Desk Lamp by Bose combines quality and innovation.
MTkj-3212,Pottery Barn Barbie Dreamhouse,Toy,Toy,351.6,151,7,UE,Pottery Barn,The Pottery Barn Barbie Dreamhouse by Pottery Barn combines quality and innovation.
qhkS-8907,Anker Zara T-Shirt,Clothing,Clothing,900.64,65,5,UE,Anker,The Anker Zara T-Shirt by Anker combines quality and innovation.
dmKu-0960,West Elm Wayfair Sofa,Furniture,Furniture,182.74,55,13,IT,West Elm,The West Elm Wayfair Sofa by West Elm combines quality and innovation.
mTjv-2809,Bloomsbury Lego City,Toy,Toy,952.3,187,14,IT,Bloomsbury,The Bloomsbury Lego City by Bloomsbury combines quality and innovation.
Ujgk-1201,Lego Adidas Tracksuit,Clothing,Clothing,424.3,0,7,IT,Lego,The Lego Adidas Tracksuit by Lego combines quality and innovation.
JgVo-6150,Zara Hot Wheels,Toy,Toy,779.82,152,9,IT,Zara,The Zara Hot Wheels by Zara combines quality and innovation.
AsYp-3263,Fisher-Price Barbie Dreamhouse,Toy,Toy,300.55,187,7,IT,Fisher-Price,The Fisher-Price Barbie Dreamhouse by Fisher-Price combines quality and innovation.
nVaW-0800,H&M Galaxy S22,Smartphone,Smartphone,581.02,118,4,IT,H&M,The H&M Galaxy S22 by H&M combines quality and innovation.
dQlv-6705,Nike To Kill a Mockingbird,Books,Books,687.36,83,12,UE,Nike,The Nike To Kill a Mockingbird by Nike combines quality and innovation.
mKRN-2998,Logitech NERF Blaster,Toy,Toy,770.37,39,11,UE,Logitech,The Logitech NERF Blaster by Logitech combines quality and innovation.
PeCL-2966,Penguin H&M Jacket,Clothing,Clothing,328.44,84,6,IT,Penguin,The Penguin H&M Jacket by Penguin combines quality and innovation.
bUKh-3266,Fisher-Price Galaxy S22,Smartphone,Smartphone,179.95,135,14,UE,Fisher-Price,The Fisher-Price Galaxy S22 by Fisher-Price combines quality and innovation.
PzMu-6294,Adidas Playmobil Castle,Toy,Toy,817.43,35,7,IT,Adidas,The Adidas Playmobil Castle by Adidas combines quality and innovation.
PaTk-6420,Lego Bookshelf Unit,Furniture,Furniture,178.37,33,14,IT,Lego,The Lego Bookshelf Unit by Lego combines quality and innovation.
AFcU-6295,Pottery Barn Lego City,Toy,Toy,650.6,73,3,IT,Pottery Barn,The Pottery Barn Lego City by Pottery Barn combines quality and innovation.
OWqo-1801,Lego Playmobil Castle,Toy,Toy,813.32,54,14,IT,Lego,The Lego Playmobil Castle by Lego combines quality and innovation.
CHkd-9765,Mattel Pixel 7,Smartphone,Smartphone,694.52,148,13,UE,Mattel,The Mattel Pixel 7 by Mattel combines quality and innovation.
wirB-0329,Penguin Pixel 7,Smartphone,Smartphone,133.58,179,3,IT,Penguin,The Penguin Pixel 7 by Penguin combines quality and innovation.
QzdY-4224,H&M OnePlus Nord,Smartphone,Smartphone,651.4,194,9,IT,H&M,The H&M OnePlus Nord by H&M combines quality and innovation.
HDrV-7138,IKEA Dune,Books,Books,451.57,8,3,UE,IKEA,The IKEA Dune by IKEA combines quality and innovation.
KDBZ-6203,IKEA NERF Blaster,Toy,Toy,706.41,119,2,UE,IKEA,The IKEA NERF Blaster by IKEA combines quality and innovation.
muKh-3985,Bose Dune,Books,Books,718.1,72,11,UE,Bose,The Bose Dune by Bose combines quality and innovation.
HRnK-6013,Penguin Playmobil Castle,Toy,Toy,64.63,57,13,IT,Penguin,The Penguin Playmobil Castle by Penguin combines quality and innovation.
fMul-6439,Adidas Lego City,Toy,Toy,979.88,52,9,IT,Adidas,The Adidas Lego City by Adidas combines quality and innovation.
jcDE-7655,Anker Nike Hoodie,Clothing,Clothing,415.27,195,7,IT,Anker,The Anker Nike Hoodie by Anker combines quality and innovation.
Gruy-2257,Amazon H&M Jacket,Clothing,Clothing,162.09,197,6,IT,Amazon,The Amazon H&M Jacket by Amazon combines quality and innovation.
fdNn-0090,HarperCollins H&M Jacket,Clothing,Clothing,992.2,29,13,UE,HarperCollins,The HarperCollins H&M Jacket by HarperCollins combines quality and innovation.
ddiY-6885,West Elm Nike Hoodie,Clothing,Clothing,340.92,21,2,IT,West Elm,The West Elm Nike Hoodie by West Elm combines quality and innovation.
Isna-1559,Apple NERF Blaster,Toy,Toy,198.59,172,8,UE,Apple,The Apple NERF Blaster by Apple combines quality and innovation.
pPTn-5581,Anker OnePlus Nord,Smartphone,Smartphone,116.47,134,13,IT,Anker,The Anker OnePlus Nord by Anker combines quality and innovation.
PeVt-7656,HarperCollins Hot Wheels,Toy,Toy,348.76,40,9,UE,HarperCollins,The HarperCollins Hot Wheels by HarperCollins combines quality and innovation.
hWVP-1665,CB2 Zara T-Shirt,Clothing,Clothing,38.12,88,6,UE,CB2,The CB2 Zara T-Shirt by CB2 combines quality and innovation.
VEKg-7390,Nike Atomic Habits,Books,Books,323.26,92,5,UE,Nike,The Nike Atomic Habits by Nike combines quality and innovation.
XjSZ-3183,Simon & Schuster Galaxy S22,Smartphone,Smartphone,221.95,179,11,IT,Simon & Schuster,The Simon & Schuster Galaxy S22 by Simon & Schuster combines quality and innovation.
qRxi-4953,Simon & Schuster Dune,Books,Books,924.96,132,4,IT,Simon & Schuster,The Simon & Schuster Dune by Simon & Schuster combines quality and innovation.
yhDR-0872,Anker Ashley Dining Table,Furniture,Furniture,803.22,171,13,UE,Anker,The Anker Ashley Dining Table by Anker combines quality and innovation.
klTm-9170,Wayfair Adidas Tracksuit,Clothing,Clothing,29.13,82,7,IT,Wayfair,The Wayfair Adidas Tracksuit by Wayfair combines quality and innovation.
LXdu-9146,West Elm H&M Jacket,Clothing,Clothing,317.31,30,2,UE,West Elm,The West Elm H&M Jacket by West Elm combines quality and innovation.
CMjw-1961,H&M Desk Lamp,Furniture,Furniture,932.22,144,8,UE,H&M,The H&M Desk Lamp by H&M combines quality and innovation.
nzSt-3864,Random House Nike Hoodie,Clothing,Clothing,30.57,146,2,IT,Random House,The Random House Nike Hoodie by Random House combines quality and innovation.
wCQl-6408,Bose Pixel 7,Smartphone,Smartphone,326.98,139,2,IT,Bose,The Bose Pixel 7 by Bose combines quality and innovation.
BdtX-8653,Bose 1984,Books,Books,940.83,87,4,IT,Bose,The Bose 1984 by Bose combines quality and innovation.
VRqk-0998,Sony Levi's Jeans,Clothing,Clothing,315.04,88,8,UE,Sony,The Sony Levi's Jeans by Sony combines quality and innovation.
jICP-3988,Logitech Lego City,Toy,Toy,842.04,52,13,IT,Logitech,The Logitech Lego City by Logitech combines quality and innovation.
nwgi-8223,Mattel Bookshelf Unit,Furniture,Furniture,549.34,38,8,IT,Mattel,The Mattel Bookshelf Unit by Mattel combines quality and innovation.
zQGx-2966,Pottery Barn Adidas Tracksuit,Clothing,Clothing,518.49,75,6,IT,Pottery Barn,The Pottery Barn Adidas Tracksuit by Pottery Barn combines quality and innovation.
mpbF-6393,Anker H&M Jacket,Clothing,Clothing,797.27,104,3,IT,Anker,The Anker H&M Jacket by Anker combines quality and innovation.
qpud-2094,Pottery Barn Bookshelf Unit,Furniture,Furniture,431.16,103,9,UE,Pottery Barn,The Pottery Barn Bookshelf Unit by Pottery Barn combines quality and innovation.
KLKb-4861,Levi's Galaxy S22,Smartphone,Smartphone,170.51,20,13,UE,Levi's,The Levi's Galaxy S22 by Levi's combines quality and innovation.
fVSb-1629,CB2 Hot Wheels,Toy,Toy,314.21,96,7,IT,CB2,The CB2 Hot Wheels by CB2 combines quality and innovation.
RuHf-7724,Adidas Bookshelf Unit,Furniture,Furniture,191.63,115,7,IT,Adidas,The Adidas Bookshelf Unit by Adidas combines quality and innovation.
oByr-8815,H&M Dune,Books,Books,81.65,38,3,IT,H&M,The H&M Dune by H&M combines quality and innovation.
TtzQ-3242,Adidas H&M Jacket,Clothing,Clothing,155.59,61,9,IT,Adidas,The Adidas H&M Jacket by Adidas combines quality and innovation.
eXFt-3984,CB2 1984,Books,Books,584.94,96,10,UE,CB2,The CB2 1984 by CB2 combines quality and innovation.
JIfy-9916,Lego IKEA MALM Bed,Furniture,Furniture,334.12,32,7,UE,Lego,The Lego IKEA MALM Bed by Lego combines quality and innovation.
MnYt-1255,Zara Atomic Habits,Books,Books,730.94,86,11,IT,Zara,The Zara Atomic Habits by Zara combines quality and innovation.
wVNy-1615,H&M iPhone 14,Smartphone,Smartphone,880.68,30,4,IT,H&M,The H&M iPhone 14 by H&M combines quality and innovation.
pNRH-7006,Zara Adidas Tracksuit,Clothing,Clothing,527.51,84,9,UE,Zara,The Zara Adidas Tracksuit by Zara combines quality and innovation.
ruMF-2630,Puma Levi's Jeans,Clothing,Clothing,190.37,170,11,UE,Puma,The Puma Levi's Jeans by Puma combines quality and innovation.
nFXU-5510,Fisher-Price 1984,Books,Books,251.61,15,9,UE,Fisher-Price,The Fisher-Price 1984 by Fisher-Price combines quality and innovation.
lIdZ-2610,Fisher-Price Wayfair Sofa,Furniture,Furniture,381.35,14,3,UE,Fisher-Price,The Fisher-Price Wayfair Sofa by Fisher-Price combines quality and innovation.
KzXI-9283,Logitech Dune,Books,Books,237.88,78,14,UE,Logitech,The Logitech Dune by Logitech combines quality and innovation.
MuUR-7341,Nike Playmobil Castle,Toy,Toy,727.48,160,3,IT,Nike,The Nike Playmobil Castle by Nike combines quality and innovation.
wrEz-2703,H&M The Silent Patient,Books,Books,426.43,153,1,UE,H&M,The H&M The Silent Patient by H&M combines quality and innovation.
qypW-1475,Bose Lego City,Toy,Toy,453.68,63,12,UE,Bose,The Bose Lego City by Bose combines quality and innovation.
XJxU-7635,Penguin Atomic Habits,Books,Books,384.29,14,10,UE,Penguin,The Penguin Atomic Habits by Penguin combines quality and innovation.
IsIO-1960,West Elm Ashley Dining Table,Furniture,Furniture,22.01,156,12,IT,West Elm,The West Elm Ashley Dining Table by West Elm combines quality and innovation.
haKr-2615,Levi's Desk Lamp,Furniture,Furniture,477.45,13,12,IT,Levi's,The Levi's Desk Lamp by Levi's combines quality and innovation.
xHtg-4851,Wayfair NERF Blaster,Toy,Toy,301.62,32,12,IT,Wayfair,The Wayfair NERF Blaster by Wayfair combines quality and innovation.
LIWA-8822,Bose IKEA MALM Bed,Furniture,Furniture,782.85,131,3,UE,Bose,The Bose IKEA MALM Bed by Bose combines quality and innovation.
RFMN-6952,Zara Wayfair Sofa,Furniture,Furniture,303.47,75,11,UE,Zara,The Zara Wayfair Sofa by Zara combines quality and innovation.
MwEG-6484,Pottery Barn Levi's Jeans,Clothing,Clothing,676.82,199,6,IT,Pottery Barn,The Pottery Barn Levi's Jeans by Pottery Barn combines quality and innovation.
rFWr-4661,Nike The Silent Patient,Books,Books,988.75,112,13,UE,Nike,The Nike The Silent Patient by Nike combines quality and innovation.
xKtk-7374,Sony Adidas Tracksuit,Clothing,Clothing,506.12,107,2,IT,Sony,The Sony Adidas Tracksuit by Sony combines quality and innovation.
hbqg-9666,Penguin 1984,Books,Books,920.42,41,3,UE,Penguin,The Penguin 1984 by Penguin combines quality and innovation.
Ocwf-9674,Mattel Ashley Dining Table,Furniture,Furniture,615.86,145,12,IT,Mattel,The Mattel Ashley Dining Table by Mattel combines quality and innovation.
PXyS-4304,Adidas Bookshelf Unit,Furniture,Furniture,931.05,46,3,UE,Adidas,The Adidas Bookshelf Unit by Adidas combines quality and innovation.
gyuD-2659,Wayfair Ashley Dining Table,Furniture,Furniture,456.91,183,12,UE,Wayfair,The Wayfair Ashley Dining Table by Wayfair combines quality and innovation.
ZfQF-4327,Penguin Pixel 7,Smartphone,Smartphone,343.8,153,12,IT,Penguin,The Penguin Pixel 7 by Penguin combines quality and innovation.
iSoK-7099,Bose IKEA MALM Bed,Furniture,Furniture,784.35,40,13,IT,Bose,The Bose IKEA MALM Bed by Bose combines quality and innovation.
SIYf-6187,Sony IKEA MALM Bed,Furniture,Furniture,127.92,35,3,UE,Sony,The Sony IKEA MALM Bed by Sony combines quality and innovation.
hxzD-5988,Wayfair NERF Blaster,Toy,Toy,675.52,49,7,UE,Wayfair,The Wayfair NERF Blaster by Wayfair combines quality and innovation.
FNFc-1959,Sony Zara T-Shirt,Clothing,Clothing,646.38,101,4,IT,Sony,The Sony Zara T-Shirt by Sony combines quality and innovation.
UrBM-3863,H&M OnePlus Nord,Smartphone,Smartphone,335.91,140,1,IT,H&M,The H&M OnePlus Nord by H&M combines quality and innovation.
gtRt-3808,Playmobil IKEA MALM Bed,Furniture,Furniture,501.14,178,7,IT,Playmobil,The Playmobil IKEA MALM Bed by Playmobil combines quality and innovation.
fcee-9641,Anker IKEA MALM Bed,Furniture,Furniture,369.03,105,5,UE,Anker,The Anker IKEA MALM Bed by Anker combines quality and innovation.
DnoB-3651,Simon & Schuster Nike Hoodie,Clothing,Clothing,175.28,0,6,UE,Simon & Schuster,The Simon & Schuster Nike Hoodie by Simon & Schuster combines quality and innovation.
obYf-6566,Lego Lego City,Toy,Toy,875.91,30,11,IT,Lego,The Lego Lego City by Lego combines quality and innovation.
Dlqh-1937,Penguin Desk Lamp,Furniture,Furniture,102.36,70,2,UE,Penguin,The Penguin Desk Lamp by Penguin combines quality and innovation.
PgzO-0470,CB2 Bookshelf Unit,Furniture,Furniture,424.15,77,1,UE,CB2,The CB2 Bookshelf Unit by CB2 combines quality and innovation.
qmdE-7328,Zara Hot Wheels,Toy,Toy,731.29,65,10,IT,Zara,The Zara Hot Wheels by Zara combines quality and innovation.
ljrS-7921,West Elm Playmobil Castle,Toy,Toy,941.62,174,5,IT,West Elm,The West Elm Playmobil Castle by West Elm combines quality and innovation.
Xprh-2019,Amazon Wayfair Sofa,Furniture,Furniture,28.52,90,3,UE,Amazon,The Amazon Wayfair Sofa by Amazon combines quality and innovation.
exjE-4335,Simon & Schuster Desk Lamp,Furniture,Furniture,422.7,51,10,UE,Simon & Schuster,The Simon & Schuster Desk Lamp by Simon & Schuster combines quality and innovation.
sGKI-2992,H&M Levi's Jeans,Clothing,Clothing,803.88,40,5,IT,H&M,The H&M Levi's Jeans by H&M combines quality and innovation.
TJkt-4444,H&M IKEA MALM Bed,Furniture,Furniture,570.25,113,6,UE,H&M,The H&M IKEA MALM Bed by H&M combines quality and innovation.
GKtw-8135,Random House IKEA MALM Bed,Furniture,Furniture,290.28,40,5,IT,Random House,The Random House IKEA MALM Bed by Random House combines quality and innovation.
FCXa-0721,Simon & Schuster Ashley Dining Table,Furniture,Furniture,493.44,185,5,IT,Simon & Schuster,The Simon & Schuster Ashley Dining Table by Simon & Schuster combines quality and innovation.
cZps-5300,Fisher-Price Adidas Tracksuit,Clothing,Clothing,778.29,134,10,IT,Fisher-Price,The Fisher-Price Adidas Tracksuit by Fisher-Price combines quality and innovation.
PQUF-9039,Logitech The Silent Patient,Books,Books,896.36,174,6,UE,Logitech,The Logitech The Silent Patient by Logitech combines quality and innovation.
ZhhU-4578,Puma Bookshelf Unit,Furniture,Furniture,11.35,51,2,IT,Puma,The Puma Bookshelf Unit by Puma combines quality and innovation.
ZjCw-3260,Anker Playmobil Castle,Toy,Toy,553.53,71,9,IT,Anker,The Anker Playmobil Castle by Anker combines quality and innovation.
Ylwd-7972,HarperCollins The Silent Patient,Books,Books,291.96,59,4,UE,HarperCollins,The HarperCollins The Silent Patient by HarperCollins combines quality and innovation.
afyq-8018,Anker Desk Lamp,Furniture,Furniture,817.46,21,9,UE,Anker,The Anker Desk Lamp by Anker combines quality and innovation.
XePH-9396,Simon & Schuster Atomic Habits,Books,Books,277.88,188,11,IT,Simon & Schuster,The Simon & Schuster Atomic Habits by Simon & Schuster combines quality and innovation.
Lond-3475,Mattel Ashley Dining Table,Furniture,Furniture,351.42,14,5,UE,Mattel,The Mattel Ashley Dining Table by Mattel combines quality and innovation.
smcs-8662,IKEA Wayfair Sofa,Furniture,Furniture,333.23,45,4,IT,IKEA,The IKEA Wayfair Sofa by IKEA combines quality and innovation.
IsXu-5712,Anker H&M Jacket,Clothing,Clothing,219.2,116,4,UE,Anker,The Anker H&M Jacket by Anker combines quality and innovation.
DRvl-0232,Wayfair Pixel 7,Smartphone,Smartphone,181.93,53,13,UE,Wayfair,The Wayfair Pixel 7 by Wayfair combines quality and innovation.
HDzr-0147,Bose H&M Jacket,Clothing,Clothing,145.13,184,13,IT,Bose,The Bose H&M Jacket by Bose combines quality and innovation.
WMIM-4785,Random House Nike Hoodie,Clothing,Clothing,981.27,115,11,UE,Random House,The Random House Nike Hoodie by Random House combines quality and innovation.
Gymg-5603,Playmobil Galaxy S22,Smartphone,Smartphone,488.46,188,9,IT,Playmobil,The Playmobil Galaxy S22 by Playmobil combines quality and innovation.
mZuG-8222,Puma Nike Hoodie,Clothing,Clothing,667.53,149,14,IT,Puma,The Puma Nike Hoodie by Puma combines quality and innovation.
RPax-1063,Mattel OnePlus Nord,Smartphone,Smartphone,869.56,45,14,UE,Mattel,The Mattel OnePlus Nord by Mattel combines quality and innovation.
wzCl-1389,Lego IKEA MALM Bed,Furniture,Furniture,521.3,172,3,UE,Lego,The Lego IKEA MALM Bed by Lego combines quality and innovation.
gVqA-3912,Penguin Ashley Dining Table,Furniture,Furniture,686.64,100,14,UE,Penguin,The Penguin Ashley Dining Table by Penguin combines quality and innovation.
tHNZ-8507,H&M Ashley Dining Table,Furniture,Furniture,981.44,112,2,IT,H&M,The H&M Ashley Dining Table by H&M combines quality and innovation.
OpyA-0234,Adidas Nike Hoodie,Clothing,Clothing,83.29,82,12,IT,Adidas,The Adidas Nike Hoodie by Adidas combines quality and innovation.
SGvb-5213,Mattel Zara T-Shirt,Clothing,Clothing,842.33,81,5,IT,Mattel,The Mattel Zara T-Shirt by Mattel combines quality and innovation.
tcUL-5385,Zara iPhone 14,Smartphone,Smartphone,493.83,80,8,IT,Zara,The Zara iPhone 14 by Zara combines quality and innovation.
xCmq-0516,Sony H&M Jacket,Clothing,Clothing,266.81,82,5,UE,Sony,The Sony H&M Jacket by Sony combines quality and innovation.
pwdX-0249,Mattel Adidas Tracksuit,Clothing,Clothing,837.23,55,10,IT,Mattel,The Mattel Adidas Tracksuit by Mattel combines quality and innovation.
xCiq-7321,Nike 1984,Books,Books,506.87,66,10,IT,Nike,The Nike 1984 by Nike combines quality and innovation.
WFvd-7632,Levi's Dune,Books,Books,687.88,106,13,IT,Levi's,The Levi's Dune by Levi's combines quality and innovation.
TyQX-0386,Bloomsbury Desk Lamp,Furniture,Furniture,869.6,142,11,IT,Bloomsbury,The Bloomsbury Desk Lamp by Bloomsbury combines quality and innovation.
ZTEg-1057,Bose Zara T-Shirt,Clothing,Clothing,569.69,20,1,UE,Bose,The Bose Zara T-Shirt by Bose combines quality and innovation.
mlzQ-7583,CB2 Levi's Jeans,Clothing,Clothing,162.41,46,4,IT,CB2,The CB2 Levi's Jeans by CB2 combines quality and innovation.
Ggbk-2748,IKEA Playmobil Castle,Toy,Toy,782.91,138,4,IT,IKEA,The IKEA Playmobil Castle by IKEA combines quality and innovation.
OroQ-1972,HarperCollins Xiaomi Redmi,Smartphone,Smartphone,960.77,162,3,IT,HarperCollins,The HarperCollins Xiaomi Redmi by HarperCollins combines quality and innovation.
IAoL-6099,Sony Atomic Habits,Books,Books,969.28,14,12,UE,Sony,The Sony Atomic Habits by Sony combines quality and innovation.
uXYG-9870,Simon & Schuster 1984,Books,Books,599.91,198,4,IT,Simon & Schuster,The Simon & Schuster 1984 by Simon & Schuster combines quality and innovation.
cNNt-2988,Bloomsbury Ashley Dining Table,Furniture,Furniture,984.14,148,14,IT,Bloomsbury,The Bloomsbury Ashley Dining Table by Bloomsbury combines quality and innovation.
prin-7574,Fisher-Price Galaxy S22,Smartphone,Smartphone,501.98,121,5,IT,Fisher-Price,The Fisher-Price Galaxy S22 by Fisher-Price combines quality and innovation.
cJGp-1819,Amazon Hot Wheels,Toy,Toy,839.94,13,2,UE,Amazon,The Amazon Hot Wheels by Amazon combines quality and innovation.
LznB-7555,Adidas Galaxy S22,Smartphone,Smartphone,515.52,66,9,IT,Adidas,The Adidas Galaxy S22 by Adidas combines quality and innovation.
UQHE-2366,Anker Zara T-Shirt,Clothing,Clothing,746.5,75,1,IT,Anker,The Anker Zara T-Shirt by Anker combines quality and innovation.
MKNT-3992,Mattel Dune,Books,Books,430.9,138,3,IT,Mattel,The Mattel Dune by Mattel combines quality and innovation.
pRMA-8174,Playmobil Lego City,Toy,Toy,731.4,102,7,IT,Playmobil,The Playmobil Lego City by Playmobil combines quality and innovation.
Lwqn-0972,Pottery Barn Bookshelf Unit,Furniture,Furniture,638.25,108,11,IT,Pottery Barn,The Pottery Barn Bookshelf Unit by Pottery Barn combines quality and innovation.
qEdc-8253,Apple Barbie Dreamhouse,Toy,Toy,137.9,136,4,IT,Apple,The Apple Barbie Dreamhouse by Apple combines quality and innovation.
mqdR-1837,Lego Adidas Tracksuit,Clothing,Clothing,147.76,145,6,IT,Lego,The Lego Adidas Tracksuit by Lego combines quality and innovation.
Lyrf-3313,Simon & Schuster Wayfair Sofa,Furniture,Furniture,125.27,6,11,UE,Simon & Schuster,The Simon & Schuster Wayfair Sofa by Simon & Schuster combines quality and innovation.
dmjN-5869,H&M Nike Hoodie,Clothing,Clothing,212.19,112,4,IT,H&M,The H&M Nike Hoodie by H&M combines quality and innovation.
xFBb-7117,CB2 Bookshelf Unit,Furniture,Furniture,631.86,130,2,IT,CB2,The CB2 Bookshelf Unit by CB2 combines quality and innovation.
fpno-7680,West Elm Barbie Dreamhouse,Toy,Toy,242.53,34,3,IT,West Elm,The West Elm Barbie Dreamhouse by West Elm combines quality and innovation.
LTkw-7644,Puma Zara T-Shirt,Clothing,Clothing,532.49,59,3,IT,Puma,The Puma Zara T-Shirt by Puma combines quality and innovation.
RGsE-9326,HarperCollins Nike Hoodie,Clothing,Clothing,614.3,71,3,IT,HarperCollins,The HarperCollins Nike Hoodie by HarperCollins combines quality and innovation.
XIRw-7700,Anker iPhone 14,Smartphone,Smartphone,907.5,44,12,UE,Anker,The Anker iPhone 14 by Anker combines quality and innovation.
IijS-4302,Random House H&M Jacket,Clothing,Clothing,891.98,155,5,IT,Random House,The Random House H&M Jacket by Random House combines quality and innovation.
mzPZ-4172,Simon & Schuster 1984,Books,Books,736.42,79,2,IT,Simon & Schuster,The Simon & Schuster 1984 by Simon & Schuster combines quality and innovation.
fWhS-0706,Lego Hot Wheels,Toy,Toy,649.73,160,2,UE,Lego,The Lego Hot Wheels by Lego combines quality and innovation.
caIA-8178,Adidas Levi's Jeans,Clothing,Clothing,281.99,192,7,UE,Adidas,The Adidas Levi's Jeans by Adidas combines quality and innovation.
NQUo-4239,Puma 1984,Books,Books,429.46,90,6,IT,Puma,The Puma 1984 by Puma combines quality and innovation.
CeSi-7329,Adidas OnePlus Nord,Smartphone,Smartphone,712.69,129,11,UE,Adidas,The Adidas OnePlus Nord by Adidas combines quality and innovation.
NuHc-4257,H&M IKEA MALM Bed,Furniture,Furniture,766.41,145,8,IT,H&M,The H&M IKEA MALM Bed by H&M combines quality and innovation.
YVbS-4415,Simon & Schuster IKEA MALM Bed,Furniture,Furniture,664.18,198,8,IT,Simon & Schuster,The Simon & Schuster IKEA MALM Bed by Simon & Schuster combines quality and innovation.
rsOA-3700,IKEA Nike Hoodie,Clothing,Clothing,645.18,144,1,UE,IKEA,The IKEA Nike Hoodie by IKEA combines quality and innovation.
mfJq-1270,Puma Xiaomi Redmi,Smartphone,Smartphone,245.73,8,9,IT,Puma,The Puma Xiaomi Redmi by Puma combines quality and innovation.
wDSI-0254,Sony Levi's Jeans,Clothing,Clothing,844.24,76,8,IT,Sony,The Sony Levi's Jeans by Sony combines quality and innovation.
PMFx-7346,IKEA Nike Hoodie,Clothing,Clothing,364.12,103,1,UE,IKEA,The IKEA Nike Hoodie by IKEA combines quality and innovation.
QxAB-8159,Wayfair NERF Blaster,Toy,Toy,722.38,86,10,UE,Wayfair,The Wayfair NERF Blaster by Wayfair combines quality and innovation.
nWzN-3694,Lego The Silent Patient,Books,Books,826.94,131,14,IT,Lego,The Lego The Silent Patient by Lego combines quality and innovation.
lcpH-5675,Levi's Hot Wheels,Toy,Toy,481.9,96,13,IT,Levi's,The Levi's Hot Wheels by Levi's combines quality and innovation.
TiZA-9280,Sony Pixel 7,Smartphone,Smartphone,172.17,177,4,IT,Sony,The Sony Pixel 7 by Sony combines quality and innovation.
Citb-8467,Bloomsbury Xiaomi Redmi,Smartphone,Smartphone,770.77,7,7,UE,Bloomsbury,The Bloomsbury Xiaomi Redmi by Bloomsbury combines quality and innovation.
fYWd-1138,CB2 Bookshelf Unit,Furniture,Furniture,303.77,46,9,UE,CB2,The CB2 Bookshelf Unit by CB2 combines quality and innovation.
qIze-7683,Amazon NERF Blaster,Toy,Toy,617.04,64,6,IT,Amazon,The Amazon NERF Blaster by Amazon combines quality and innovation.
NCqm-3555,Lego Levi's Jeans,Clothing,Clothing,711.85,47,7,UE,Lego,The Lego Levi's Jeans by Lego combines quality and innovation.
zOYJ-2471,Apple Atomic Habits,Books,Books,803.33,138,14,IT,Apple,The Apple Atomic Habits by Apple combines quality and innovation.
GCzW-6996,Lego 1984,Books,Books,120.93,2,7,IT,Lego,The Lego 1984 by Lego combines quality and innovation.
mDJg-6908,Simon & Schuster OnePlus Nord,Smartphone,Smartphone,626.91,162,5,IT,Simon & Schuster,The Simon & Schuster OnePlus Nord by Simon & Schuster combines quality and innovation.
BDaj-1146,Lego 1984,Books,Books,729.45,128,7,IT,Lego,The Lego 1984 by Lego combines quality and innovation.
jENv-5129,Mattel Bookshelf Unit,Furniture,Furniture,673.64,68,9,IT,Mattel,The Mattel Bookshelf Unit by Mattel combines quality and innovation.
AfwE-9149,Puma OnePlus Nord,Smartphone,Smartphone,748.36,87,10,UE,Puma,The Puma OnePlus Nord by Puma combines quality and innovation.
rcKU-6722,Penguin H&M Jacket,Clothing,Clothing,230.57,190,11,IT,Penguin,The Penguin H&M Jacket by Penguin combines quality and innovation.
JqIV-0852,Penguin Adidas Tracksuit,Clothing,Clothing,941.66,58,2,IT,Penguin,The Penguin Adidas Tracksuit by Penguin combines quality and innovation.
PGEc-8833,Puma Zara T-Shirt,Clothing,Clothing,807.89,47,1,UE,Puma,The Puma Zara T-Shirt by Puma combines quality and innovation.
jtgw-2003,Apple Nike Hoodie,Clothing,Clothing,429.9,195,9,UE,Apple,The Apple Nike Hoodie by Apple combines quality and innovation.
msFh-1900,Apple Dune,Books,Books,122.0,140,6,IT,Apple,The Apple Dune by Apple combines quality and innovation.
hqsm-8087,Logitech OnePlus Nord,Smartphone,Smartphone,508.51,87,8,UE,Logitech,The Logitech OnePlus Nord by Logitech combines quality and innovation.
ZUme-8967,West Elm H&M Jacket,Clothing,Clothing,562.87,42,2,UE,West Elm,The West Elm H&M Jacket by West Elm combines quality and innovation.
GwuK-3478,Anker Pixel 7,Smartphone,Smartphone,311.94,11,11,IT,Anker,The Anker Pixel 7 by Anker combines quality and innovation.
JMUO-6289,Mattel Pixel 7,Smartphone,Smartphone,525.89,182,8,IT,Mattel,The Mattel Pixel 7 by Mattel combines quality and innovation.
Hmoa-2399,Logitech Zara T-Shirt,Clothing,Clothing,234.04,33,5,IT,Logitech,The Logitech Zara T-Shirt by Logitech combines quality and innovation.
BAFn-7219,Apple Adidas Tracksuit,Clothing,Clothing,994.3,142,2,UE,Apple,The Apple Adidas Tracksuit by Apple combines quality and innovation.
fCgW-7636,Mattel 1984,Books,Books,571.77,17,12,IT,Mattel,The Mattel 1984 by Mattel combines quality and innovation.
FhJf-3125,Sony Barbie Dreamhouse,Toy,Toy,564.61,131,10,IT,Sony,The Sony Barbie Dreamhouse by Sony combines quality and innovation.
TgSL-9612,CB2 Levi's Jeans,Clothing,Clothing,827.78,111,3,UE,CB2,The CB2 Levi's Jeans by CB2 combines quality and innovation.
DxsB-8383,Bose OnePlus Nord,Smartphone,Smartphone,292.37,159,5,IT,Bose,The Bose OnePlus Nord by Bose combines quality and innovation.
rjRj-9875,Anker Pixel 7,Smartphone,Smartphone,909.78,2,4,IT,Anker,The Anker Pixel 7 by Anker combines quality and innovation.
aHWQ-3420,Mattel Bookshelf Unit,Furniture,Furniture,100.24,41,12,IT,Mattel,The Mattel Bookshelf Unit by Mattel combines quality and innovation.
iFIE-3508,Puma Barbie Dreamhouse,Toy,Toy,899.59,83,4,UE,Puma,The Puma Barbie Dreamhouse by Puma combines quality and innovation.
FUuu-7366,Puma IKEA MALM Bed,Furniture,Furniture,693.33,119,10,IT,Puma,The Puma IKEA MALM Bed by Puma combines quality and innovation.
cPVo-6517,Nike To Kill a Mockingbird,Books,Books,789.0,194,4,IT,Nike,The Nike To Kill a Mockingbird by Nike combines quality and innovation.
EuYk-8409,Wayfair Xiaomi Redmi,Smartphone,Smartphone,86.91,154,5,UE,Wayfair,The Wayfair Xiaomi Redmi by Wayfair combines quality and innovation.
jchK-7651,Anker Lego City,Toy,Toy,875.91,185,2,UE,Anker,The Anker Lego City by Anker combines quality and innovation.
MZZs-4050,West Elm Desk Lamp,Furniture,Furniture,104.16,175,10,UE,West Elm,The West Elm Desk Lamp by West Elm combines quality and innovation.
SNLq-5931,HarperCollins Zara T-Shirt,Clothing,Clothing,18.13,99,6,IT,HarperCollins,The HarperCollins Zara T-Shirt by HarperCollins combines quality and innovation.
LPfq-1463,IKEA Hot Wheels,Toy,Toy,748.29,157,9,UE,IKEA,The IKEA Hot Wheels by IKEA combines quality and innovation.
dHVj-4748,Wayfair To Kill a Mockingbird,Books,Books,134.73,55,6,UE,Wayfair,The Wayfair To Kill a Mockingbird by Wayfair combines quality and innovation.
ELHk-8273,Wayfair Adidas Tracksuit,Clothing,Clothing,355.18,84,7,IT,Wayfair,The Wayfair Adidas Tracksuit by Wayfair combines quality and innovation.
vmQm-0145,Wayfair Hot Wheels,Toy,Toy,269.17,149,3,IT,Wayfair,The Wayfair Hot Wheels by Wayfair combines quality and innovation.
vSPk-7692,IKEA Barbie Dreamhouse,Toy,Toy,905.92,57,13,UE,IKEA,The IKEA Barbie Dreamhouse by IKEA combines quality and innovation.
NyHk-5259,Levi's Playmobil Castle,Toy,Toy,888.27,15,5,UE,Levi's,The Levi's Playmobil Castle by Levi's combines quality and innovation.
QLNU-3998,Anker Playmobil Castle,Toy,Toy,46.54,108,9,IT,Anker,The Anker Playmobil Castle by Anker combines quality and innovation.
ZZJo-5945,Simon & Schuster Galaxy S22,Smartphone,Smartphone,806.62,132,7,UE,Simon & Schuster,The Simon & Schuster Galaxy S22 by Simon & Schuster combines quality and innovation.
Ejkm-4275,Sony Bookshelf Unit,Furniture,Furniture,642.31,111,6,IT,Sony,The Sony Bookshelf Unit by Sony combines quality and innovation.
HhAy-0545,Playmobil IKEA MALM Bed,Furniture,Furniture,913.21,63,13,UE,Playmobil,The Playmobil IKEA MALM Bed by Playmobil combines quality and innovation.
XfdK-0148,Amazon Playmobil Castle,Toy,Toy,944.67,53,7,IT,Amazon,The Amazon Playmobil Castle by Amazon combines quality and innovation.
oCcl-2430,Sony Dune,Books,Books,931.92,8,3,IT,Sony,The Sony Dune by Sony combines quality and innovation.
usUZ-7523,Penguin Dune,Books,Books,749.27,118,4,UE,Penguin,The Penguin Dune by Penguin combines quality and innovation.
sYmw-0685,H&M Desk Lamp,Furniture,Furniture,274.85,32,9,IT,H&M,The H&M Desk Lamp by H&M combines quality and innovation.
SEJT-2627,Sony iPhone 14,Smartphone,Smartphone,411.53,182,11,UE,Sony,The Sony iPhone 14 by Sony combines quality and innovation.
IXMn-1999,Fisher-Price H&M Jacket,Clothing,Clothing,680.08,170,2,IT,Fisher-Price,The Fisher-Price H&M Jacket by Fisher-Price combines quality and innovation.
mbnq-4653,Amazon H&M Jacket,Clothing,Clothing,500.08,163,9,UE,Amazon,The Amazon H&M Jacket by Amazon combines quality and innovation.
zbVV-1063,Mattel Wayfair Sofa,Furniture,Furniture,73.65,158,12,UE,Mattel,The Mattel Wayfair Sofa by Mattel combines quality and innovation.
zRPz-7954,Logitech Wayfair Sofa,Furniture,Furniture,132.71,114,1,IT,Logitech,The Logitech Wayfair Sofa by Logitech combines quality and innovation.
VdXg-4517,Pottery Barn Levi's Jeans,Clothing,Clothing,651.1,50,4,UE,Pottery Barn,The Pottery Barn Levi's Jeans by Pottery Barn combines quality and innovation.
Hngk-7628,IKEA Barbie Dreamhouse,Toy,Toy,768.08,156,2,UE,IKEA,The IKEA Barbie Dreamhouse by IKEA combines quality and innovation.
FOcL-7941,HarperCollins Desk Lamp,Furniture,Furniture,575.61,71,14,IT,HarperCollins,The HarperCollins Desk Lamp by HarperCollins combines quality and innovation.
UTRt-4048,Nike Playmobil Castle,Toy,Toy,166.25,84,2,UE,Nike,The Nike Playmobil Castle by Nike combines quality and innovation.
wCVg-7320,Bloomsbury Bookshelf Unit,Furniture,Furniture,94.31,52,14,UE,Bloomsbury,The Bloomsbury Bookshelf Unit by Bloomsbury combines quality and innovation.
IZhV-4218,Nike Levi's Jeans,Clothing,Clothing,929.72,131,5,UE,Nike,The Nike Levi's Jeans by Nike combines quality and innovation.
jBDY-8741,Levi's Zara T-Shirt,Clothing,Clothing,810.33,86,11,IT,Levi's,The Levi's Zara T-Shirt by Levi's combines quality and innovation.
mNui-9480,Pottery Barn iPhone 14,Smartphone,Smartphone,294.1,79,3,UE,Pottery Barn,The Pottery Barn iPhone 14 by Pottery Barn combines quality and innovation.
IoUL-5411,Fisher-Price Barbie Dreamhouse,Toy,Toy,330.32,125,11,IT,Fisher-Price,The Fisher-Price Barbie Dreamhouse by Fisher-Price combines quality and innovation.
mWOE-2807,Sony Atomic Habits,Books,Books,471.96,64,4,IT,Sony,The Sony Atomic Habits by Sony combines quality and innovation.
iYip-1289,Penguin Galaxy S22,Smartphone,Smartphone,836.03,179,6,UE,Penguin,The Penguin Galaxy S22 by Penguin combines quality and innovation.
qvmT-4582,Wayfair Dune,Books,Books,883.48,104,1,UE,Wayfair,The Wayfair Dune by Wayfair combines quality and innovation.
omKb-0736,Bose Desk Lamp,Furniture,Furniture,977.37,95,4,UE,Bose,The Bose Desk Lamp by Bose combines quality and innovation.
qWrE-0304,IKEA Lego City,Toy,Toy,136.99,97,8,UE,IKEA,The IKEA Lego City by IKEA combines quality and innovation.
iSYT-0638,Pottery Barn Xiaomi Redmi,Smartphone,Smartphone,171.84,35,5,UE,Pottery Barn,The Pottery Barn Xiaomi Redmi by Pottery Barn combines quality and innovation.
flqn-3124,West Elm IKEA MALM Bed,Furniture,Furniture,644.7,71,14,IT,West Elm,The West Elm IKEA MALM Bed by West Elm combines quality and innovation.
iQrF-4893,Bose H&M Jacket,Clothing,Clothing,402.12,22,7,UE,Bose,The Bose H&M Jacket by Bose combines quality and innovation.
XUqo-5397,IKEA Lego City,Toy,Toy,614.65,1,5,UE,IKEA,The IKEA Lego City by IKEA combines quality and innovation.
UvNF-4593,Apple Wayfair Sofa,Furniture,Furniture,812.88,69,10,UE,Apple,The Apple Wayfair Sofa by Apple combines quality and innovation.
VtMN-1206,Mattel The Silent Patient,Books,Books,507.58,6,8,IT,Mattel,The Mattel The Silent Patient by Mattel combines quality and innovation.
evBA-5280,Fisher-Price Zara T-Shirt,Clothing,Clothing,780.76,185,5,IT,Fisher-Price,The Fisher-Price Zara T-Shirt by Fisher-Price combines quality and innovation.
eWNu-0722,Nike Ashley Dining Table,Furniture,Furniture,521.25,60,10,IT,Nike,The Nike Ashley Dining Table by Nike combines quality and innovation.
RlWS-0400,Bloomsbury H&M Jacket,Clothing,Clothing,395.46,46,12,IT,Bloomsbury,The Bloomsbury H&M Jacket by Bloomsbury combines quality and innovation.
FTBk-9432,Wayfair OnePlus Nord,Smartphone,Smartphone,858.64,51,13,UE,Wayfair,The Wayfair OnePlus Nord by Wayfair combines quality and innovation.
lAuG-8076,Simon & Schuster Pixel 7,Smartphone,Smartphone,253.84,0,10,IT,Simon & Schuster,The Simon & Schuster Pixel 7 by Simon & Schuster combines quality and innovation.
DmXc-6007,Puma Pixel 7,Smartphone,Smartphone,989.47,13,9,IT,Puma,The Puma Pixel 7 by Puma combines quality and innovation.
LLFC-3982,CB2 Dune,Books,Books,198.2,13,9,IT,CB2,The CB2 Dune by CB2 combines quality and innovation.
yGqm-6572,Zara Galaxy S22,Smartphone,Smartphone,660.28,74,6,IT,Zara,The Zara Galaxy S22 by Zara combines quality and innovation.
QPfU-1890,West Elm Pixel 7,Smartphone,Smartphone,628.42,133,6,IT,West Elm,The West Elm Pixel 7 by West Elm combines quality and innovation.
pUTT-9294,Random House NERF Blaster,Toy,Toy,738.18,197,13,UE,Random House,The Random House NERF Blaster by Random House combines quality and innovation.
UUcx-9366,Amazon Galaxy S22,Smartphone,Smartphone,540.68,89,4,IT,Amazon,The Amazon Galaxy S22 by Amazon combines quality and innovation.
svtS-9941,Nike Barbie Dreamhouse,Toy,Toy,876.39,54,9,UE,Nike,The Nike Barbie Dreamhouse by Nike combines quality and innovation.
FmCY-7018,Puma The Silent Patient,Books,Books,640.0,88,2,UE,Puma,The Puma The Silent Patient by Puma combines quality and innovation.
Ipdz-7675,H&M Zara T-Shirt,Clothing,Clothing,918.15,15,8,UE,H&M,The H&M Zara T-Shirt by H&M combines quality and innovation.
nCdc-2362,CB2 Galaxy S22,Smartphone,Smartphone,176.27,86,3,UE,CB2,The CB2 Galaxy S22 by CB2 combines quality and innovation.
EOgH-1915,Penguin OnePlus Nord,Smartphone,Smartphone,678.42,46,5,IT,Penguin,The Penguin OnePlus Nord by Penguin combines quality and innovation.
pIei-9875,Pottery Barn The Silent Patient,Books,Books,34.85,117,14,IT,Pottery Barn,The Pottery Barn The Silent Patient by Pottery Barn combines quality and innovation.
Kzig-3733,Amazon iPhone 14,Smartphone,Smartphone,757.33,69,8,IT,Amazon,The Amazon iPhone 14 by Amazon combines quality and innovation.
OekL-8535,Penguin Bookshelf Unit,Furniture,Furniture,369.54,22,11,IT,Penguin,The Penguin Bookshelf Unit by Penguin combines quality and innovation.
WQAB-9426,Amazon Wayfair Sofa,Furniture,Furniture,946.34,98,3,IT,Amazon,The Amazon Wayfair Sofa by Amazon combines quality and innovation.
IKWj-9681,Puma Barbie Dreamhouse,Toy,Toy,970.87,187,11,UE,Puma,The Puma Barbie Dreamhouse by Puma combines quality and innovation.
DFcB-9617,Penguin Atomic Habits,Books,Books,311.61,170,7,UE,Penguin,The Penguin Atomic Habits by Penguin combines quality and innovation.
KxCn-5812,Random House NERF Blaster,Toy,Toy,954.09,26,2,UE,Random House,The Random House NERF Blaster by Random House combines quality and innovation.
qLdk-0550,CB2 NERF Blaster,Toy,Toy,682.17,47,7,UE,CB2,The CB2 NERF Blaster by CB2 combines quality and innovation.
fNSQ-6865,H&M Nike Hoodie,Clothing,Clothing,106.35,134,6,UE,H&M,The H&M Nike Hoodie by H&M combines quality and innovation.
tSiS-9142,Pottery Barn 1984,Books,Books,237.39,38,13,IT,Pottery Barn,The Pottery Barn 1984 by Pottery Barn combines quality and innovation.
bzpv-5368,Sony Hot Wheels,Toy,Toy,211.41,25,12,IT,Sony,The Sony Hot Wheels by Sony combines quality and innovation.
aWZF-7801,Amazon Playmobil Castle,Toy,Toy,257.76,88,2,UE,Amazon,The Amazon Playmobil Castle by Amazon combines quality and innovation.
eZzT-0471,Puma Hot Wheels,Toy,Toy,81.75,62,6,IT,Puma,The Puma Hot Wheels by Puma combines quality and innovation.
cdWn-4918,Apple Levi's Jeans,Clothing,Clothing,737.23,141,1,IT,Apple,The Apple Levi's Jeans by Apple combines quality and innovation.
tNls-8137,Bose Levi's Jeans,Clothing,Clothing,656.98,102,3,IT,Bose,The Bose Levi's Jeans by Bose combines quality and innovation.
WUPa-2377,Bose Lego City,Toy,Toy,865.24,128,2,UE,Bose,The Bose Lego City by Bose combines quality and innovation.
WmzN-7789,Levi's Xiaomi Redmi,Smartphone,Smartphone,286.8,24,4,UE,Levi's,The Levi's Xiaomi Redmi by Levi's combines quality and innovation.
BmCL-7383,HarperCollins Desk Lamp,Furniture,Furniture,674.75,155,13,UE,HarperCollins,The HarperCollins Desk Lamp by HarperCollins combines quality and innovation.
lJHw-9796,Simon & Schuster OnePlus Nord,Smartphone,Smartphone,220.18,188,3,IT,Simon & Schuster,The Simon & Schuster OnePlus Nord by Simon & Schuster combines quality and innovation.
zwpH-9316,HarperCollins Playmobil Castle,Toy,Toy,741.28,110,6,IT,HarperCollins,The HarperCollins Playmobil Castle by HarperCollins combines quality and innovation.
YZVQ-2336,IKEA H&M Jacket,Clothing,Clothing,816.94,113,3,IT,IKEA,The IKEA H&M Jacket by IKEA combines quality and innovation.
dPhS-3167,Sony OnePlus Nord,Smartphone,Smartphone,454.23,106,8,IT,Sony,The Sony OnePlus Nord by Sony combines quality and innovation.
QMyS-8644,Wayfair Ashley Dining Table,Furniture,Furniture,322.67,13,3,UE,Wayfair,The Wayfair Ashley Dining Table by Wayfair combines quality and innovation.
XXvh-8404,Wayfair Nike Hoodie,Clothing,Clothing,422.27,77,7,UE,Wayfair,The Wayfair Nike Hoodie by Wayfair combines quality and innovation.
sDSN-5990,Random House Playmobil Castle,Toy,Toy,457.53,125,4,IT,Random House,The Random House Playmobil Castle by Random House combines quality and innovation.
neaJ-9041,Bloomsbury IKEA MALM Bed,Furniture,Furniture,328.52,49,10,UE,Bloomsbury,The Bloomsbury IKEA MALM Bed by Bloomsbury combines quality and innovation.
tSEd-0786,Zara Ashley Dining Table,Furniture,Furniture,94.39,196,4,IT,Zara,The Zara Ashley Dining Table by Zara combines quality and innovation.
JRDv-5832,Simon & Schuster Pixel 7,Smartphone,Smartphone,23.29,20,14,IT,Simon & Schuster,The Simon & Schuster Pixel 7 by Simon & Schuster combines quality and innovation.
JGlP-4397,Sony Playmobil Castle,Toy,Toy,406.76,164,13,UE,Sony,The Sony Playmobil Castle by Sony combines quality and innovation.
QppM-1455,Logitech Galaxy S22,Smartphone,Smartphone,836.77,106,1,IT,Logitech,The Logitech Galaxy S22 by Logitech combines quality and innovation.
XwBH-2043,Apple Playmobil Castle,Toy,Toy,269.85,136,6,IT,Apple,The Apple Playmobil Castle by Apple combines quality and innovation.
WbbJ-3227,West Elm Pixel 7,Smartphone,Smartphone,129.44,173,9,IT,West Elm,The West Elm Pixel 7 by West Elm combines quality and innovation.
etVL-6705,Random House Nike Hoodie,Clothing,Clothing,650.47,40,7,IT,Random House,The Random House Nike Hoodie by Random House combines quality and innovation.
YtsD-6886,Wayfair iPhone 14,Smartphone,Smartphone,832.54,194,10,UE,Wayfair,The Wayfair iPhone 14 by Wayfair combines quality and innovation.
kcFO-5411,Logitech Barbie Dreamhouse,Toy,Toy,508.0,134,5,IT,Logitech,The Logitech Barbie Dreamhouse by Logitech combines quality and innovation.
KMJj-7276,Mattel The Silent Patient,Books,Books,198.62,29,7,IT,Mattel,The Mattel The Silent Patient by Mattel combines quality and innovation.
mwGV-9681,Bloomsbury H&M Jacket,Clothing,Clothing,844.54,108,11,IT,Bloomsbury,The Bloomsbury H&M Jacket by Bloomsbury combines quality and innovation.
vKAp-7766,Penguin Bookshelf Unit,Furniture,Furniture,467.43,126,2,UE,Penguin,The Penguin Bookshelf Unit by Penguin combines quality and innovation.
hQuj-2933,Sony NERF Blaster,Toy,Toy,398.98,41,14,IT,Sony,The Sony NERF Blaster by Sony combines quality and innovation.
Pgfd-8498,Levi's To Kill a Mockingbird,Books,Books,696.88,47,1,UE,Levi's,The Levi's To Kill a Mockingbird by Levi's combines quality and innovation.
MHOV-6292,Mattel Hot Wheels,Toy,Toy,982.65,103,13,UE,Mattel,The Mattel Hot Wheels by Mattel combines quality and innovation.
ZGcg-0723,Random House Pixel 7,Smartphone,Smartphone,650.61,109,12,UE,Random House,The Random House Pixel 7 by Random House combines quality and innovation.
pxjH-2525,CB2 OnePlus Nord,Smartphone,Smartphone,196.78,145,14,IT,CB2,The CB2 OnePlus Nord by CB2 combines quality and innovation.
SDLZ-5204,Playmobil Hot Wheels,Toy,Toy,793.7,37,11,IT,Playmobil,The Playmobil Hot Wheels by Playmobil combines quality and innovation.
WOCH-3559,HarperCollins Ashley Dining Table,Furniture,Furniture,646.18,51,7,UE,HarperCollins,The HarperCollins Ashley Dining Table by HarperCollins combines quality and innovation.
tsTQ-1711,Lego Nike Hoodie,Clothing,Clothing,425.27,38,11,IT,Lego,The Lego Nike Hoodie by Lego combines quality and innovation.
Tlfr-7468,Bose Atomic Habits,Books,Books,371.29,10,3,UE,Bose,The Bose Atomic Habits by Bose combines quality and innovation.
QOEX-4263,IKEA Bookshelf Unit,Furniture,Furniture,300.65,8,10,UE,IKEA,The IKEA Bookshelf Unit by IKEA combines quality and innovation.
IYuu-7997,HarperCollins IKEA MALM Bed,Furniture,Furniture,85.0,187,4,IT,HarperCollins,The HarperCollins IKEA MALM Bed by HarperCollins combines quality and innovation.
Tooa-9714,Mattel Bookshelf Unit,Furniture,Furniture,613.57,96,7,UE,Mattel,The Mattel Bookshelf Unit by Mattel combines quality and innovation.
AmfR-2498,Apple Hot Wheels,Toy,Toy,516.83,17,3,IT,Apple,The Apple Hot Wheels by Apple combines quality and innovation.
JUjp-7493,Amazon NERF Blaster,Toy,Toy,545.67,66,2,UE,Amazon,The Amazon NERF Blaster by Amazon combines quality and innovation.
fDwB-6834,Wayfair Ashley Dining Table,Furniture,Furniture,599.67,128,5,UE,Wayfair,The Wayfair Ashley Dining Table by Wayfair combines quality and innovation.
YVOu-9894,Nike The Silent Patient,Books,Books,915.24,16,7,UE,Nike,The Nike The Silent Patient by Nike combines quality and innovation.
togj-2950,Sony Hot Wheels,Toy,Toy,150.18,141,5,UE,Sony,The Sony Hot Wheels by Sony combines quality and innovation.
GFEr-7704,Adidas Ashley Dining Table,Furniture,Furniture,328.86,146,10,IT,Adidas,The Adidas Ashley Dining Table by Adidas combines quality and innovation.
jfQA-2427,Apple To Kill a Mockingbird,Books,Books,731.64,182,4,IT,Apple,The Apple To Kill a Mockingbird by Apple combines quality and innovation.
Pdco-7252,Fisher-Price H&M Jacket,Clothing,Clothing,160.83,90,1,UE,Fisher-Price,The Fisher-Price H&M Jacket by Fisher-Price combines quality and innovation.
KzmZ-5999,Puma Galaxy S22,Smartphone,Smartphone,793.16,179,8,UE,Puma,The Puma Galaxy S22 by Puma combines quality and innovation.
ZNao-3479,Wayfair Bookshelf Unit,Furniture,Furniture,986.09,92,2,UE,Wayfair,The Wayfair Bookshelf Unit by Wayfair combines quality and innovation.
JYFU-8260,CB2 Ashley Dining Table,Furniture,Furniture,287.65,182,7,IT,CB2,The CB2 Ashley Dining Table by CB2 combines quality and innovation.
YbXc-8998,Nike Zara T-Shirt,Clothing,Clothing,129.01,90,4,UE,Nike,The Nike Zara T-Shirt by Nike combines quality and innovation.
YsoV-8344,H&M NERF Blaster,Toy,Toy,150.24,95,3,UE,H&M,The H&M NERF Blaster by H&M combines quality and innovation.
JdZR-1287,Nike H&M Jacket,Clothing,Clothing,294.95,97,4,IT,Nike,The Nike H&M Jacket by Nike combines quality and innovation.
feer-9775,Puma Zara T-Shirt,Clothing,Clothing,750.75,169,8,IT,Puma,The Puma Zara T-Shirt by Puma combines quality and innovation.
kPbR-9458,Random House Hot Wheels,Toy,Toy,433.88,152,11,UE,Random House,The Random House Hot Wheels by Random House combines quality and innovation.
Atln-9324,Mattel Dune,Books,Books,483.53,106,7,IT,Mattel,The Mattel Dune by Mattel combines quality and innovation.
rgjL-8571,Simon & Schuster To Kill a Mockingbird,Books,Books,269.35,31,1,IT,Simon & Schuster,The Simon & Schuster To Kill a Mockingbird by Simon & Schuster combines quality and innovation.
tmeD-3854,Random House NERF Blaster,Toy,Toy,425.02,10,4,UE,Random House,The Random House NERF Blaster by Random House combines quality and innovation.
Orps-4816,Bose OnePlus Nord,Smartphone,Smartphone,562.67,181,6,IT,Bose,The Bose OnePlus Nord by Bose combines quality and innovation.
NHIs-6729,HarperCollins Ashley Dining Table,Furniture,Furniture,224.24,44,11,IT,HarperCollins,The HarperCollins Ashley Dining Table by HarperCollins combines quality and innovation.
naog-7157,CB2 iPhone 14,Smartphone,Smartphone,365.92,59,2,IT,CB2,The CB2 iPhone 14 by CB2 combines quality and innovation.
QbAw-1891,Playmobil Dune,Books,Books,657.97,48,5,UE,Playmobil,The Playmobil Dune by Playmobil combines quality and innovation.
aNAh-0637,Adidas Playmobil Castle,Toy,Toy,497.94,44,11,IT,Adidas,The Adidas Playmobil Castle by Adidas combines quality and innovation.
IFGk-7007,H&M IKEA MALM Bed,Furniture,Furniture,662.05,143,10,UE,H&M,The H&M IKEA MALM Bed by H&M combines quality and innovation.
ejXv-7477,Playmobil Adidas Tracksuit,Clothing,Clothing,913.99,112,10,IT,Playmobil,The Playmobil Adidas Tracksuit by Playmobil combines quality and innovation.
InrL-5350,Anker Barbie Dreamhouse,Toy,Toy,238.35,114,10,UE,Anker,The Anker Barbie Dreamhouse by Anker combines quality and innovation.
TwqX-2804,Wayfair Bookshelf Unit,Furniture,Furniture,778.44,22,11,UE,Wayfair,The Wayfair Bookshelf Unit by Wayfair combines quality and innovation.
XuIk-6058,Fisher-Price To Kill a Mockingbird,Books,Books,402.45,30,10,IT,Fisher-Price,The Fisher-Price To Kill a Mockingbird by Fisher-Price combines quality and innovation.
brHf-7896,Zara Pixel 7,Smartphone,Smartphone,40.0,160,13,UE,Zara,The Zara Pixel 7 by Zara combines quality and innovation.
rkPv-6115,Amazon Playmobil Castle,Toy,Toy,730.3,194,1,UE,Amazon,The Amazon Playmobil Castle by Amazon combines quality and innovation.
SxuT-7812,Sony Dune,Books,Books,207.17,75,11,UE,Sony,The Sony Dune by Sony combines quality and innovation.
HKWv-9808,Lego Hot Wheels,Toy,Toy,78.85,108,3,IT,Lego,The Lego Hot Wheels by Lego combines quality and innovation.
cFje-6255,CB2 iPhone 14,Smartphone,Smartphone,949.3,193,1,UE,CB2,The CB2 iPhone 14 by CB2 combines quality and innovation.
XCSV-6408,Anker To Kill a Mockingbird,Books,Books,449.4,199,1,IT,Anker,The Anker To Kill a Mockingbird by Anker combines quality and innovation.
UmRN-1269,Bose OnePlus Nord,Smartphone,Smartphone,544.51,85,8,IT,Bose,The Bose OnePlus Nord by Bose combines quality and innovation.
kLWI-0552,West Elm IKEA MALM Bed,Furniture,Furniture,149.96,35,5,UE,West Elm,The West Elm IKEA MALM Bed by West Elm combines quality and innovation.
dzdZ-2295,Nike iPhone 14,Smartphone,Smartphone,55.96,4,13,UE,Nike,The Nike iPhone 14 by Nike combines quality and innovation.
yMVT-8125,HarperCollins Pixel 7,Smartphone,Smartphone,624.59,199,3,IT,HarperCollins,The HarperCollins Pixel 7 by HarperCollins combines quality and innovation.
EfJg-0371,Adidas Zara T-Shirt,Clothing,Clothing,673.58,50,2,UE,Adidas,The Adidas Zara T-Shirt by Adidas combines quality and innovation.
osyQ-0030,Random House Levi's Jeans,Clothing,Clothing,785.01,157,8,IT,Random House,The Random House Levi's Jeans by Random House combines quality and innovation.
NSaT-8898,West Elm Wayfair Sofa,Furniture,Furniture,943.27,3,14,IT,West Elm,The West Elm Wayfair Sofa by West Elm combines quality and innovation.
QemN-4867,H&M The Silent Patient,Books,Books,87.81,49,4,UE,H&M,The H&M The Silent Patient by H&M combines quality and innovation.
wqCw-9274,Levi's IKEA MALM Bed,Furniture,Furniture,85.67,20,13,IT,Levi's,The Levi's IKEA MALM Bed by Levi's combines quality and innovation.
lnbN-1483,H&M Dune,Books,Books,40.96,122,3,IT,H&M,The H&M Dune by H&M combines quality and innovation.
HuVi-9720,Wayfair 1984,Books,Books,937.13,66,8,IT,Wayfair,The Wayfair 1984 by Wayfair combines quality and innovation.
ZqjG-0965,H&M Pixel 7,Smartphone,Smartphone,445.49,156,10,UE,H&M,The H&M Pixel 7 by H&M combines quality and innovation.
MOHU-2031,Apple H&M Jacket,Clothing,Clothing,471.33,152,11,UE,Apple,The Apple H&M Jacket by Apple combines quality and innovation.
Wowl-3456,Simon & Schuster Nike Hoodie,Clothing,Clothing,181.69,116,13,UE,Simon & Schuster,The Simon & Schuster Nike Hoodie by Simon & Schuster combines quality and innovation.
LsSD-8821,Bloomsbury IKEA MALM Bed,Furniture,Furniture,439.17,32,13,IT,Bloomsbury,The Bloomsbury IKEA MALM Bed by Bloomsbury combines quality and innovation.
ByKL-4882,Adidas iPhone 14,Smartphone,Smartphone,759.95,190,1,IT,Adidas,The Adidas iPhone 14 by Adidas combines quality and innovation.
WKor-9853,Apple Dune,Books,Books,594.32,74,2,IT,Apple,The Apple Dune by Apple combines quality and innovation.
qneX-0954,Nike Hot Wheels,Toy,Toy,770.96,124,4,IT,Nike,The Nike Hot Wheels by Nike combines quality and innovation.
WAjx-8634,Adidas Hot Wheels,Toy,Toy,424.38,122,9,IT,Adidas,The Adidas Hot Wheels by Adidas combines quality and innovation.
dQHu-5855,IKEA Galaxy S22,Smartphone,Smartphone,216.93,116,2,IT,IKEA,The IKEA Galaxy S22 by IKEA combines quality and innovation.
ucbi-1979,Zara Lego City,Toy,Toy,593.19,91,12,UE,Zara,The Zara Lego City by Zara combines quality and innovation.
TzaY-8815,Penguin Playmobil Castle,Toy,Toy,123.05,119,11,UE,Penguin,The Penguin Playmobil Castle by Penguin combines quality and innovation.
dafp-1316,Amazon Galaxy S22,Smartphone,Smartphone,839.62,7,6,UE,Amazon,The Amazon Galaxy S22 by Amazon combines quality and innovation.
SugQ-2878,Mattel Ashley Dining Table,Furniture,Furniture,147.72,172,4,UE,Mattel,The Mattel Ashley Dining Table by Mattel combines quality and innovation.
LkHk-2527,Pottery Barn Lego City,Toy,Toy,384.08,19,10,UE,Pottery Barn,The Pottery Barn Lego City by Pottery Barn combines quality and innovation.
kQdK-3469,H&M The Silent Patient,Books,Books,119.07,99,7,UE,H&M,The H&M The Silent Patient by H&M combines quality and innovation.
vTTS-7630,Nike Zara T-Shirt,Clothing,Clothing,798.22,175,11,IT,Nike,The Nike Zara T-Shirt by Nike combines quality and innovation.
WRVA-4288,Bloomsbury Wayfair Sofa,Furniture,Furniture,690.11,143,7,IT,Bloomsbury,The Bloomsbury Wayfair Sofa by Bloomsbury combines quality and innovation.
PcJY-4467,Apple The Silent Patient,Books,Books,229.22,24,2,UE,Apple,The Apple The Silent Patient by Apple combines quality and innovation.
KdEm-6425,Anker The Silent Patient,Books,Books,749.79,140,12,IT,Anker,The Anker The Silent Patient by Anker combines quality and innovation.
oATU-5825,West Elm Dune,Books,Books,468.85,184,2,IT,West Elm,The West Elm Dune by West Elm combines quality and innovation.
lAkO-5901,Puma NERF Blaster,Toy,Toy,392.67,77,8,UE,Puma,The Puma NERF Blaster by Puma combines quality and innovation.
WfHO-7390,IKEA Bookshelf Unit,Furniture,Furniture,400.98,128,3,UE,IKEA,The IKEA Bookshelf Unit by IKEA combines quality and innovation.
eYoo-1755,Apple To Kill a Mockingbird,Books,Books,471.12,77,6,UE,Apple,The Apple To Kill a Mockingbird by Apple combines quality and innovation.
aYyC-2112,Levi's OnePlus Nord,Smartphone,Smartphone,436.35,174,11,IT,Levi's,The Levi's OnePlus Nord by Levi's combines quality and innovation.
Sfyb-3390,Pottery Barn Playmobil Castle,Toy,Toy,111.74,7,3,IT,Pottery Barn,The Pottery Barn Playmobil Castle by Pottery Barn combines quality and innovation.
fmOn-6637,Anker Galaxy S22,Smartphone,Smartphone,468.94,90,3,IT,Anker,The Anker Galaxy S22 by Anker combines quality and innovation.
HOiZ-7325,Logitech Bookshelf Unit,Furniture,Furniture,599.08,111,13,UE,Logitech,The Logitech Bookshelf Unit by Logitech combines quality and innovation.
phMQ-3926,West Elm Hot Wheels,Toy,Toy,714.59,40,9,IT,West Elm,The West Elm Hot Wheels by West Elm combines quality and innovation.
uTpR-0373,Zara OnePlus Nord,Smartphone,Smartphone,129.71,183,12,IT,Zara,The Zara OnePlus Nord by Zara combines quality and innovation.
jQDb-2088,HarperCollins Bookshelf Unit,Furniture,Furniture,905.56,181,10,UE,HarperCollins,The HarperCollins Bookshelf Unit by HarperCollins combines quality and innovation.
tKRF-2346,Mattel Wayfair Sofa,Furniture,Furniture,174.01,110,5,UE,Mattel,The Mattel Wayfair Sofa by Mattel combines quality and innovation.
LsEL-0811,Wayfair iPhone 14,Smartphone,Smartphone,982.42,174,7,IT,Wayfair,The Wayfair iPhone 14 by Wayfair combines quality and innovation.
llZW-4653,Anker Nike Hoodie,Clothing,Clothing,503.44,62,11,UE,Anker,The Anker Nike Hoodie by Anker combines quality and innovation.
CUFP-3768,Penguin Dune,Books,Books,414.0,99,1,IT,Penguin,The Penguin Dune by Penguin combines quality and innovation.
VRaH-9848,Fisher-Price Atomic Habits,Books,Books,780.43,103,7,IT,Fisher-Price,The Fisher-Price Atomic Habits by Fisher-Price combines quality and innovation.
Logz-2581,IKEA Adidas Tracksuit,Clothing,Clothing,547.22,152,2,UE,IKEA,The IKEA Adidas Tracksuit by IKEA combines quality and innovation.
gGtV-0402,Wayfair The Silent Patient,Books,Books,455.91,186,1,IT,Wayfair,The Wayfair The Silent Patient by Wayfair combines quality and innovation.
zqiJ-9517,Fisher-Price Barbie Dreamhouse,Toy,Toy,97.5,165,7,UE,Fisher-Price,The Fisher-Price Barbie Dreamhouse by Fisher-Price combines quality and innovation.
SGBg-1112,IKEA Atomic Habits,Books,Books,833.03,131,2,UE,IKEA,The IKEA Atomic Habits by IKEA combines quality and innovation.
fXAH-5990,Lego Levi's Jeans,Clothing,Clothing,187.53,41,9,UE,Lego,The Lego Levi's Jeans by Lego combines quality and innovation.
wkRn-6691,Puma To Kill a Mockingbird,Books,Books,459.1,165,10,IT,Puma,The Puma To Kill a Mockingbird by Puma combines quality and innovation.
poGH-0126,Bloomsbury H&M Jacket,Clothing,Clothing,641.24,112,3,IT,Bloomsbury,The Bloomsbury H&M Jacket by Bloomsbury combines quality and innovation.
ynGX-8473,Bose Dune,Books,Books,321.52,33,11,UE,Bose,The Bose Dune by Bose combines quality and innovation.
miHe-3280,Lego Desk Lamp,Furniture,Furniture,607.77,131,9,IT,Lego,The Lego Desk Lamp by Lego combines quality and innovation.
xHgi-5360,Amazon Desk Lamp,Furniture,Furniture,199.59,90,1,IT,Amazon,The Amazon Desk Lamp by Amazon combines quality and innovation.
Nnzs-3267,Lego Galaxy S22,Smartphone,Smartphone,642.7,155,2,IT,Lego,The Lego Galaxy S22 by Lego combines quality and innovation.
DNeI-5611,Bose Atomic Habits,Books,Books,475.48,140,8,IT,Bose,The Bose Atomic Habits by Bose combines quality and innovation.
oBdT-7113,Simon & Schuster Desk Lamp,Furniture,Furniture,945.53,86,13,IT,Simon & Schuster,The Simon & Schuster Desk Lamp by Simon & Schuster combines quality and innovation.
JiLn-1459,Lego OnePlus Nord,Smartphone,Smartphone,161.32,45,5,UE,Lego,The Lego OnePlus Nord by Lego combines quality and innovation.
wxOd-4043,Anker Levi's Jeans,Clothing,Clothing,125.55,147,11,UE,Anker,The Anker Levi's Jeans by Anker combines quality and innovation.
JWjX-5217,IKEA Barbie Dreamhouse,Toy,Toy,484.89,195,9,UE,IKEA,The IKEA Barbie Dreamhouse by IKEA combines quality and innovation.
BmjO-8701,Penguin Wayfair Sofa,Furniture,Furniture,484.59,93,3,UE,Penguin,The Penguin Wayfair Sofa by Penguin combines quality and innovation.
MUeH-2983,West Elm To Kill a Mockingbird,Books,Books,215.7,14,5,IT,West Elm,The West Elm To Kill a Mockingbird by West Elm combines quality and innovation.
KZwz-5410,Wayfair Zara T-Shirt,Clothing,Clothing,737.44,140,14,IT,Wayfair,The Wayfair Zara T-Shirt by Wayfair combines quality and innovation.
JWiy-4070,Playmobil Dune,Books,Books,198.39,50,11,UE,Playmobil,The Playmobil Dune by Playmobil combines quality and innovation.
XMvv-4916,Pottery Barn Desk Lamp,Furniture,Furniture,251.54,145,4,UE,Pottery Barn,The Pottery Barn Desk Lamp by Pottery Barn combines quality and innovation.
hwit-7170,H&M 1984,Books,Books,963.44,57,9,UE,H&M,The H&M 1984 by H&M combines quality and innovation.
tIGm-4322,Penguin NERF Blaster,Toy,Toy,621.73,158,4,UE,Penguin,The Penguin NERF Blaster by Penguin combines quality and innovation.
ynoY-1497,CB2 Adidas Tracksuit,Clothing,Clothing,28.42,184,2,IT,CB2,The CB2 Adidas Tracksuit by CB2 combines quality and innovation.
ahus-2512,Amazon Galaxy S22,Smartphone,Smartphone,122.92,150,2,IT,Amazon,The Amazon Galaxy S22 by Amazon combines quality and innovation.
jfFJ-6445,Zara Hot Wheels,Toy,Toy,967.44,111,4,UE,Zara,The Zara Hot Wheels by Zara combines quality and innovation.
IXbn-5167,Bloomsbury Lego City,Toy,Toy,392.0,13,10,UE,Bloomsbury,The Bloomsbury Lego City by Bloomsbury combines quality and innovation.
WfOz-8859,IKEA To Kill a Mockingbird,Books,Books,839.78,36,10,IT,IKEA,The IKEA To Kill a Mockingbird by IKEA combines quality and innovation.
hWKp-8770,Simon & Schuster Xiaomi Redmi,Smartphone,Smartphone,595.32,181,12,IT,Simon & Schuster,The Simon & Schuster Xiaomi Redmi by Simon & Schuster combines quality and innovation.
nQFY-2258,Playmobil Xiaomi Redmi,Smartphone,Smartphone,656.28,174,2,UE,Playmobil,The Playmobil Xiaomi Redmi by Playmobil combines quality and innovation.
jKDd-1774,Wayfair Levi's Jeans,Clothing,Clothing,78.68,81,11,IT,Wayfair,The Wayfair Levi's Jeans by Wayfair combines quality and innovation.
fglb-3118,Sony NERF Blaster,Toy,Toy,135.64,84,4,IT,Sony,The Sony NERF Blaster by Sony combines quality and innovation.
cBZU-7521,Mattel iPhone 14,Smartphone,Smartphone,493.1,112,14,UE,Mattel,The Mattel iPhone 14 by Mattel combines quality and innovation.
hMDn-2441,Random House Galaxy S22,Smartphone,Smartphone,760.0,112,13,UE,Random House,The Random House Galaxy S22 by Random House combines quality and innovation.
sdUH-7623,CB2 NERF Blaster,Toy,Toy,881.95,146,7,UE,CB2,The CB2 NERF Blaster by CB2 combines quality and innovation.
gZmL-5270,West Elm Hot Wheels,Toy,Toy,298.33,52,8,IT,West Elm,The West Elm Hot Wheels by West Elm combines quality and innovation.
UDzm-6943,Apple Galaxy S22,Smartphone,Smartphone,472.32,152,14,UE,Apple,The Apple Galaxy S22 by Apple combines quality and innovation.
SQAN-4231,Zara Xiaomi Redmi,Smartphone,Smartphone,590.4,50,5,UE,Zara,The Zara Xiaomi Redmi by Zara combines quality and innovation.
NuOZ-0567,CB2 The Silent Patient,Books,Books,944.92,193,4,UE,CB2,The CB2 The Silent Patient by CB2 combines quality and innovation.
XSMP-5107,Playmobil Dune,Books,Books,362.21,55,12,IT,Playmobil,The Playmobil Dune by Playmobil combines quality and innovation.
XHER-9699,Amazon To Kill a Mockingbird,Books,Books,872.72,189,11,UE,Amazon,The Amazon To Kill a Mockingbird by Amazon combines quality and innovation.
rxqt-7403,Bose Desk Lamp,Furniture,Furniture,31.35,111,10,UE,Bose,The Bose Desk Lamp by Bose combines quality and innovation.
LlaZ-6870,Puma iPhone 14,Smartphone,Smartphone,667.74,55,7,IT,Puma,The Puma iPhone 14 by Puma combines quality and innovation.
nfDZ-5359,Fisher-Price 1984,Books,Books,666.63,18,6,IT,Fisher-Price,The Fisher-Price 1984 by Fisher-Price combines quality and innovation.
rsXN-6015,Anker Ashley Dining Table,Furniture,Furniture,777.6,118,7,UE,Anker,The Anker Ashley Dining Table by Anker combines quality and innovation.
UeZY-5734,Simon & Schuster To Kill a Mockingbird,Books,Books,753.8,120,3,IT,Simon & Schuster,The Simon & Schuster To Kill a Mockingbird by Simon & Schuster combines quality and innovation.
mXrQ-7253,Levi's Atomic Habits,Books,Books,874.57,12,11,IT,Levi's,The Levi's Atomic Habits by Levi's combines quality and innovation.
dNso-4083,Puma Barbie Dreamhouse,Toy,Toy,797.5,97,14,IT,Puma,The Puma Barbie Dreamhouse by Puma combines quality and innovation.
jYmq-4806,Simon & Schuster Levi's Jeans,Clothing,Clothing,638.26,125,11,IT,Simon & Schuster,The Simon & Schuster Levi's Jeans by Simon & Schuster combines quality and innovation.
TxbB-4313,Zara Wayfair Sofa,Furniture,Furniture,652.6,100,10,UE,Zara,The Zara Wayfair Sofa by Zara combines quality and innovation.
maIR-9443,Random House To Kill a Mockingbird,Books,Books,719.41,91,9,IT,Random House,The Random House To Kill a Mockingbird by Random House combines quality and innovation.
BRlw-5151,CB2 The Silent Patient,Books,Books,970.11,126,7,UE,CB2,The CB2 The Silent Patient by CB2 combines quality and innovation.
qbCO-3894,Bose 1984,Books,Books,634.27,53,10,IT,Bose,The Bose 1984 by Bose combines quality and innovation.
XtIZ-5454,H&M Atomic Habits,Books,Books,405.89,6,6,UE,H&M,The H&M Atomic Habits by H&M combines quality and innovation.
FNgo-6317,Amazon Desk Lamp,Furniture,Furniture,993.32,61,2,UE,Amazon,The Amazon Desk Lamp by Amazon combines quality and innovation.
RZnA-1464,West Elm Adidas Tracksuit,Clothing,Clothing,965.68,163,8,UE,West Elm,The West Elm Adidas Tracksuit by West Elm combines quality and innovation.
TcsY-8537,Fisher-Price Nike Hoodie,Clothing,Clothing,565.76,165,14,UE,Fisher-Price,The Fisher-Price Nike Hoodie by Fisher-Price combines quality and innovation.
FjUH-5131,Simon & Schuster Pixel 7,Smartphone,Smartphone,275.7,102,9,IT,Simon & Schuster,The Simon & Schuster Pixel 7 by Simon & Schuster combines quality and innovation.
tHIC-9405,IKEA Barbie Dreamhouse,Toy,Toy,253.0,23,4,UE,IKEA,The IKEA Barbie Dreamhouse by IKEA combines quality and innovation.
kxhQ-1813,Wayfair Xiaomi Redmi,Smartphone,Smartphone,740.06,71,9,UE,Wayfair,The Wayfair Xiaomi Redmi by Wayfair combines quality and innovation.
pcCS-5361,Penguin OnePlus Nord,Smartphone,Smartphone,767.89,33,11,IT,Penguin,The Penguin OnePlus Nord by Penguin combines quality and innovation.
bzYR-9681,Anker Bookshelf Unit,Furniture,Furniture,58.4,157,3,IT,Anker,The Anker Bookshelf Unit by Anker combines quality and innovation.
wBOz-1156,Random House Playmobil Castle,Toy,Toy,210.39,25,11,UE,Random House,The Random House Playmobil Castle by Random House combines quality and innovation.
dUZj-8606,Levi's Atomic Habits,Books,Books,377.82,53,3,UE,Levi's,The Levi's Atomic Habits by Levi's combines quality and innovation.
vCEP-5125,HarperCollins Pixel 7,Smartphone,Smartphone,922.53,185,10,UE,HarperCollins,The HarperCollins Pixel 7 by HarperCollins combines quality and innovation.
wFjU-6734,Mattel NERF Blaster,Toy,Toy,433.87,5,4,UE,Mattel,The Mattel NERF Blaster by Mattel combines quality and innovation.
pfQp-8080,West Elm Playmobil Castle,Toy,Toy,805.25,148,7,IT,West Elm,The West Elm Playmobil Castle by West Elm combines quality and innovation.
ZUhx-7184,Sony Hot Wheels,Toy,Toy,906.17,79,4,IT,Sony,The Sony Hot Wheels by Sony combines quality and innovation.
WNsl-7133,Levi's Ashley Dining Table,Furniture,Furniture,287.15,155,3,IT,Levi's,The Levi's Ashley Dining Table by Levi's combines quality and innovation.
BYmz-2748,Bose Pixel 7,Smartphone,Smartphone,863.89,39,6,UE,Bose,The Bose Pixel 7 by Bose combines quality and innovation.
AGaU-3657,Fisher-Price Desk Lamp,Furniture,Furniture,233.68,38,9,UE,Fisher-Price,The Fisher-Price Desk Lamp by Fisher-Price combines quality and innovation.
ByrZ-5610,Wayfair OnePlus Nord,Smartphone,Smartphone,560.21,144,3,UE,Wayfair,The Wayfair OnePlus Nord by Wayfair combines quality and innovation.
TOkx-9908,Anker Wayfair Sofa,Furniture,Furniture,192.03,199,3,UE,Anker,The Anker Wayfair Sofa by Anker combines quality and innovation.
kSid-8614,Wayfair H&M Jacket,Clothing,Clothing,896.53,95,4,UE,Wayfair,The Wayfair H&M Jacket by Wayfair combines quality and innovation.
ZwzX-9875,Mattel To Kill a Mockingbird,Books,Books,990.59,28,7,UE,Mattel,The Mattel To Kill a Mockingbird by Mattel combines quality and innovation.
jHoz-7168,Penguin Barbie Dreamhouse,Toy,Toy,412.83,179,1,UE,Penguin,The Penguin Barbie Dreamhouse by Penguin combines quality and innovation.
cNoh-1173,Apple IKEA MALM Bed,Furniture,Furniture,828.11,121,14,IT,Apple,The Apple IKEA MALM Bed by Apple combines quality and innovation.
VHmQ-3835,Sony The Silent Patient,Books,Books,433.81,133,8,UE,Sony,The Sony The Silent Patient by Sony combines quality and innovation.
DCky-8420,Anker Hot Wheels,Toy,Toy,619.79,53,6,IT,Anker,The Anker Hot Wheels by Anker combines quality and innovation.
oGeJ-7572,Anker NERF Blaster,Toy,Toy,279.73,24,7,IT,Anker,The Anker NERF Blaster by Anker combines quality and innovation.
gfXD-5314,Pottery Barn Zara T-Shirt,Clothing,Clothing,638.25,5,4,UE,Pottery Barn,The Pottery Barn Zara T-Shirt by Pottery Barn combines quality and innovation.
DbUg-0877,Pottery Barn Zara T-Shirt,Clothing,Clothing,481.76,75,2,UE,Pottery Barn,The Pottery Barn Zara T-Shirt by Pottery Barn combines quality and innovation.
pZTU-9357,HarperCollins IKEA MALM Bed,Furniture,Furniture,243.09,93,3,UE,HarperCollins,The HarperCollins IKEA MALM Bed by HarperCollins combines quality and innovation.
Npud-1603,Sony Dune,Books,Books,877.24,145,13,IT,Sony,The Sony Dune by Sony combines quality and innovation.
uXJh-5308,Anker Xiaomi Redmi,Smartphone,Smartphone,224.22,89,14,UE,Anker,The Anker Xiaomi Redmi by Anker combines quality and innovation.
IlcO-4500,Playmobil The Silent Patient,Books,Books,616.94,85,2,UE,Playmobil,The Playmobil The Silent Patient by Playmobil combines quality and innovation.
RRFr-7357,Random House Pixel 7,Smartphone,Smartphone,786.92,107,13,IT,Random House,The Random House Pixel 7 by Random House combines quality and innovation.
DvhF-7130,Random House Barbie Dreamhouse,Toy,Toy,425.87,189,10,UE,Random House,The Random House Barbie Dreamhouse by Random House combines quality and innovation.
wlOz-2881,Levi's The Silent Patient,Books,Books,343.02,153,11,IT,Levi's,The Levi's The Silent Patient by Levi's combines quality and innovation.
MCZt-8776,Penguin Ashley Dining Table,Furniture,Furniture,921.13,105,2,UE,Penguin,The Penguin Ashley Dining Table by Penguin combines quality and innovation.
KtVV-6261,Levi's Galaxy S22,Smartphone,Smartphone,791.6,12,8,IT,Levi's,The Levi's Galaxy S22 by Levi's combines quality and innovation.
TlMC-7562,Amazon Adidas Tracksuit,Clothing,Clothing,384.91,125,1,UE,Amazon,The Amazon Adidas Tracksuit by Amazon combines quality and innovation.
OEIM-0162,Bose OnePlus Nord,Smartphone,Smartphone,695.62,126,8,IT,Bose,The Bose OnePlus Nord by Bose combines quality and innovation.
TnwX-4745,Penguin Dune,Books,Books,303.49,29,11,UE,Penguin,The Penguin Dune by Penguin combines quality and innovation.
sgsB-2010,Simon & Schuster To Kill a Mockingbird,Books,Books,382.59,41,8,IT,Simon & Schuster,The Simon & Schuster To Kill a Mockingbird by Simon & Schuster combines quality and innovation.
onIY-6847,West Elm Lego City,Toy,Toy,493.88,55,9,UE,West Elm,The West Elm Lego City by West Elm combines quality and innovation.
xfQD-9441,Lego Levi's Jeans,Clothing,Clothing,455.52,86,4,IT,Lego,The Lego Levi's Jeans by Lego combines quality and innovation.
NfJl-8137,Bloomsbury NERF Blaster,Toy,Toy,301.15,83,12,UE,Bloomsbury,The Bloomsbury NERF Blaster by Bloomsbury combines quality and innovation.
viQl-2485,Simon & Schuster Barbie Dreamhouse,Toy,Toy,828.83,73,13,IT,Simon & Schuster,The Simon & Schuster Barbie Dreamhouse by Simon & Schuster combines quality and innovation.
wBym-0172,IKEA Nike Hoodie,Clothing,Clothing,53.65,20,6,IT,IKEA,The IKEA Nike Hoodie by IKEA combines quality and innovation.
mVVE-4924,CB2 Barbie Dreamhouse,Toy,Toy,155.42,158,3,IT,CB2,The CB2 Barbie Dreamhouse by CB2 combines quality and innovation.
fNWt-3464,Nike To Kill a Mockingbird,Books,Books,813.98,82,10,UE,Nike,The Nike To Kill a Mockingbird by Nike combines quality and innovation.
xzOU-2331,Logitech Barbie Dreamhouse,Toy,Toy,529.03,185,1,UE,Logitech,The Logitech Barbie Dreamhouse by Logitech combines quality and innovation.
fucd-0737,Sony Zara T-Shirt,Clothing,Clothing,762.08,59,12,IT,Sony,The Sony Zara T-Shirt by Sony combines quality and innovation.
rtht-1746,Simon & Schuster Adidas Tracksuit,Clothing,Clothing,965.35,178,3,IT,Simon & Schuster,The Simon & Schuster Adidas Tracksuit by Simon & Schuster combines quality and innovation.
HbLy-9909,Lego To Kill a Mockingbird,Books,Books,234.25,86,14,UE,Lego,The Lego To Kill a Mockingbird by Lego combines quality and innovation.
FPYq-6068,Anker Hot Wheels,Toy,Toy,877.85,90,9,UE,Anker,The Anker Hot Wheels by Anker combines quality and innovation.
xdBU-6602,Playmobil Barbie Dreamhouse,Toy,Toy,81.54,68,6,UE,Playmobil,The Playmobil Barbie Dreamhouse by Playmobil combines quality and innovation.
kCbD-0270,Random House Barbie Dreamhouse,Toy,Toy,870.53,55,14,UE,Random House,The Random House Barbie Dreamhouse by Random House combines quality and innovation.
rxvd-5103,Anker Playmobil Castle,Toy,Toy,393.5,28,3,IT,Anker,The Anker Playmobil Castle by Anker combines quality and innovation.
EzcT-1466,Lego Desk Lamp,Furniture,Furniture,434.13,185,10,IT,Lego,The Lego Desk Lamp by Lego combines quality and innovation.
RjKJ-6312,Sony Bookshelf Unit,Furniture,Furniture,303.61,89,6,IT,Sony,The Sony Bookshelf Unit by Sony combines quality and innovation.
oMFk-3072,Adidas iPhone 14,Smartphone,Smartphone,301.24,131,9,UE,Adidas,The Adidas iPhone 14 by Adidas combines quality and innovation.
REGA-0938,Anker Playmobil Castle,Toy,Toy,386.02,186,8,UE,Anker,The Anker Playmobil Castle by Anker combines quality and innovation.
OrfE-9234,West Elm Zara T-Shirt,Clothing,Clothing,984.69,73,14,IT,West Elm,The West Elm Zara T-Shirt by West Elm combines quality and innovation.
zzSO-4788,Penguin Wayfair Sofa,Furniture,Furniture,894.89,153,7,UE,Penguin,The Penguin Wayfair Sofa by Penguin combines quality and innovation.
zPVY-8509,Nike Pixel 7,Smartphone,Smartphone,209.75,123,10,IT,Nike,The Nike Pixel 7 by Nike combines quality and innovation.
PnbD-1190,Wayfair Desk Lamp,Furniture,Furniture,579.5,136,5,IT,Wayfair,The Wayfair Desk Lamp by Wayfair combines quality and innovation.
YjBP-5161,Lego H&M Jacket,Clothing,Clothing,990.78,98,13,IT,Lego,The Lego H&M Jacket by Lego combines quality and innovation.
hyHj-5414,CB2 H&M Jacket,Clothing,Clothing,554.47,33,8,IT,CB2,The CB2 H&M Jacket by CB2 combines quality and innovation.
CKuS-4308,Pottery Barn Zara T-Shirt,Clothing,Clothing,188.61,146,1,IT,Pottery Barn,The Pottery Barn Zara T-Shirt by Pottery Barn combines quality and innovation.
QRbY-1032,Penguin iPhone 14,Smartphone,Smartphone,102.95,169,5,IT,Penguin,The Penguin iPhone 14 by Penguin combines quality and innovation.
PHhB-4996,Lego Galaxy S22,Smartphone,Smartphone,879.88,46,4,IT,Lego,The Lego Galaxy S22 by Lego combines quality and innovation.
Wtee-1666,Playmobil Dune,Books,Books,910.95,191,12,UE,Playmobil,The Playmobil Dune by Playmobil combines quality and innovation.
vMMn-5678,Puma Playmobil Castle,Toy,Toy,241.2,161,14,UE,Puma,The Puma Playmobil Castle by Puma combines quality and innovation.
nFEK-7301,Nike IKEA MALM Bed,Furniture,Furniture,734.88,85,8,IT,Nike,The Nike IKEA MALM Bed by Nike combines quality and innovation.
mLmB-0087,IKEA To Kill a Mockingbird,Books,Books,597.45,99,10,UE,IKEA,The IKEA To Kill a Mockingbird by IKEA combines quality and innovation.
BKEy-3756,Simon & Schuster Dune,Books,Books,212.37,186,9,IT,Simon & Schuster,The Simon & Schuster Dune by Simon & Schuster combines quality and innovation.
ZPfi-1389,Nike Playmobil Castle,Toy,Toy,368.25,177,5,IT,Nike,The Nike Playmobil Castle by Nike combines quality and innovation.
DFyW-4003,Sony Wayfair Sofa,Furniture,Furniture,165.46,17,6,IT,Sony,The Sony Wayfair Sofa by Sony combines quality and innovation.
kWUY-1450,Amazon Hot Wheels,Toy,Toy,278.33,11,13,UE,Amazon,The Amazon Hot Wheels by Amazon combines quality and innovation.
pDkC-1744,Adidas To Kill a Mockingbird,Books,Books,587.26,58,4,IT,Adidas,The Adidas To Kill a Mockingbird by Adidas combines quality and innovation.
SLoZ-8919,Penguin Galaxy S22,Smartphone,Smartphone,921.33,163,5,IT,Penguin,The Penguin Galaxy S22 by Penguin combines quality and innovation.
wssF-4748,Levi's Adidas Tracksuit,Clothing,Clothing,688.86,147,8,IT,Levi's,The Levi's Adidas Tracksuit by Levi's combines quality and innovation.
OfBS-6003,Nike Galaxy S22,Smartphone,Smartphone,787.97,145,2,UE,Nike,The Nike Galaxy S22 by Nike combines quality and innovation.
TLmt-7506,Bloomsbury Pixel 7,Smartphone,Smartphone,156.18,152,10,UE,Bloomsbury,The Bloomsbury Pixel 7 by Bloomsbury combines quality and innovation.
UrRD-4625,Random House Nike Hoodie,Clothing,Clothing,692.53,150,4,UE,Random House,The Random House Nike Hoodie by Random House combines quality and innovation.
qtnf-2862,Wayfair Ashley Dining Table,Furniture,Furniture,38.21,9,1,IT,Wayfair,The Wayfair Ashley Dining Table by Wayfair combines quality and innovation.
piTJ-3261,Apple To Kill a Mockingbird,Books,Books,773.97,32,6,UE,Apple,The Apple To Kill a Mockingbird by Apple combines quality and innovation.
MObO-0747,Zara Pixel 7,Smartphone,Smartphone,435.38,192,4,UE,Zara,The Zara Pixel 7 by Zara combines quality and innovation.
UPNP-2974,Adidas Pixel 7,Smartphone,Smartphone,980.46,66,10,IT,Adidas,The Adidas Pixel 7 by Adidas combines quality and innovation.
FbdR-6532,West Elm Pixel 7,Smartphone,Smartphone,655.07,173,5,IT,West Elm,The West Elm Pixel 7 by West Elm combines quality and innovation.
RERE-9670,Mattel Playmobil Castle,Toy,Toy,749.5,76,5,IT,Mattel,The Mattel Playmobil Castle by Mattel combines quality and innovation.
pGPs-6564,Pottery Barn Playmobil Castle,Toy,Toy,186.58,0,6,UE,Pottery Barn,The Pottery Barn Playmobil Castle by Pottery Barn combines quality and innovation.
ciog-6213,Simon & Schuster Bookshelf Unit,Furniture,Furniture,748.02,107,7,IT,Simon & Schuster,The Simon & Schuster Bookshelf Unit by Simon & Schuster combines quality and innovation.
AwZj-3952,Lego Playmobil Castle,Toy,Toy,534.41,129,7,UE,Lego,The Lego Playmobil Castle by Lego combines quality and innovation.
keIL-2579,Bose Adidas Tracksuit,Clothing,Clothing,122.96,77,5,UE,Bose,The Bose Adidas Tracksuit by Bose combines quality and innovation.
iNEm-3120,Pottery Barn Wayfair Sofa,Furniture,Furniture,253.3,106,6,UE,Pottery Barn,The Pottery Barn Wayfair Sofa by Pottery Barn combines quality and innovation.
LUyg-2506,Levi's Galaxy S22,Smartphone,Smartphone,350.19,198,9,UE,Levi's,The Levi's Galaxy S22 by Levi's combines quality and innovation.
DWij-5419,Penguin Pixel 7,Smartphone,Smartphone,480.89,120,13,UE,Penguin,The Penguin Pixel 7 by Penguin combines quality and innovation.
hCGm-2559,H&M Hot Wheels,Toy,Toy,134.54,156,2,UE,H&M,The H&M Hot Wheels by H&M combines quality and innovation.
kQsl-2543,Wayfair Playmobil Castle,Toy,Toy,690.69,42,2,UE,Wayfair,The Wayfair Playmobil Castle by Wayfair combines quality and innovation.
BATo-6066,Sony Ashley Dining Table,Furniture,Furniture,18.95,150,7,UE,Sony,The Sony Ashley Dining Table by Sony combines quality and innovation.
rAFK-8616,Pottery Barn Atomic Habits,Books,Books,115.26,112,6,UE,Pottery Barn,The Pottery Barn Atomic Habits by Pottery Barn combines quality and innovation.
BtBN-8923,Lego To Kill a Mockingbird,Books,Books,149.29,170,11,UE,Lego,The Lego To Kill a Mockingbird by Lego combines quality and innovation.
Vagh-2436,HarperCollins Playmobil Castle,Toy,Toy,305.51,55,7,UE,HarperCollins,The HarperCollins Playmobil Castle by HarperCollins combines quality and innovation.
aIsj-4680,Apple Galaxy S22,Smartphone,Smartphone,825.6,121,4,IT,Apple,The Apple Galaxy S22 by Apple combines quality and innovation.
HUcR-2179,Bose H&M Jacket,Clothing,Clothing,641.6,138,4,UE,Bose,The Bose H&M Jacket by Bose combines quality and innovation.
CTDa-2422,Simon & Schuster Dune,Books,Books,499.87,107,6,UE,Simon & Schuster,The Simon & Schuster Dune by Simon & Schuster combines quality and innovation.
vxUO-4327,Apple Adidas Tracksuit,Clothing,Clothing,647.01,107,11,IT,Apple,The Apple Adidas Tracksuit by Apple combines quality and innovation.
hmwY-2143,Playmobil Desk Lamp,Furniture,Furniture,215.22,117,9,UE,Playmobil,The Playmobil Desk Lamp by Playmobil combines quality and innovation.
CHRj-5713,CB2 Xiaomi Redmi,Smartphone,Smartphone,633.23,28,10,IT,CB2,The CB2 Xiaomi Redmi by CB2 combines quality and innovation.
tvps-1002,Sony Dune,Books,Books,481.28,51,2,UE,Sony,The Sony Dune by Sony combines quality and innovation.
XkNT-1703,CB2 Ashley Dining Table,Furniture,Furniture,583.0,70,9,IT,CB2,The CB2 Ashley Dining Table by CB2 combines quality and innovation.
IHWR-3288,Bloomsbury iPhone 14,Smartphone,Smartphone,788.6,153,14,UE,Bloomsbury,The Bloomsbury iPhone 14 by Bloomsbury combines quality and innovation.
Fcyx-4303,Nike Hot Wheels,Toy,Toy,719.77,27,2,IT,Nike,The Nike Hot Wheels by Nike combines quality and innovation.
Pnzi-4337,Wayfair Desk Lamp,Furniture,Furniture,71.15,99,5,IT,Wayfair,The Wayfair Desk Lamp by Wayfair combines quality and innovation.
zwQF-9048,West Elm Xiaomi Redmi,Smartphone,Smartphone,64.74,113,10,UE,West Elm,The West Elm Xiaomi Redmi by West Elm combines quality and innovation.
VHUD-9535,West Elm Adidas Tracksuit,Clothing,Clothing,233.3,91,13,UE,West Elm,The West Elm Adidas Tracksuit by West Elm combines quality and innovation.
YSDa-0066,Sony The Silent Patient,Books,Books,99.01,98,8,IT,Sony,The Sony The Silent Patient by Sony combines quality and innovation.
HKst-7945,Bose Zara T-Shirt,Clothing,Clothing,538.9,12,1,UE,Bose,The Bose Zara T-Shirt by Bose combines quality and innovation.
vxSR-5689,Simon & Schuster Pixel 7,Smartphone,Smartphone,653.06,162,14,UE,Simon & Schuster,The Simon & Schuster Pixel 7 by Simon & Schuster combines quality and innovation.
TCuu-5337,Lego Pixel 7,Smartphone,Smartphone,40.17,172,14,UE,Lego,The Lego Pixel 7 by Lego combines quality and innovation.
fmJM-7562,Pottery Barn Barbie Dreamhouse,Toy,Toy,824.88,174,3,IT,Pottery Barn,The Pottery Barn Barbie Dreamhouse by Pottery Barn combines quality and innovation.
YuOH-0202,Bloomsbury To Kill a Mockingbird,Books,Books,289.77,74,2,IT,Bloomsbury,The Bloomsbury To Kill a Mockingbird by Bloomsbury combines quality and innovation.
RHwI-6045,HarperCollins Bookshelf Unit,Furniture,Furniture,378.79,95,12,UE,HarperCollins,The HarperCollins Bookshelf Unit by HarperCollins combines quality and innovation.
NGQc-1868,Simon & Schuster NERF Blaster,Toy,Toy,526.79,75,13,IT,Simon & Schuster,The Simon & Schuster NERF Blaster by Simon & Schuster combines quality and innovation.
euMt-8134,Anker The Silent Patient,Books,Books,372.64,149,2,IT,Anker,The Anker The Silent Patient by Anker combines quality and innovation.
hvNr-9285,Apple Pixel 7,Smartphone,Smartphone,956.94,180,5,IT,Apple,The Apple Pixel 7 by Apple combines quality and innovation.
yVcf-1233,Sony Levi's Jeans,Clothing,Clothing,621.55,75,10,UE,Sony,The Sony Levi's Jeans by Sony combines quality and innovation.
PWuc-3080,H&M Lego City,Toy,Toy,553.62,125,7,IT,H&M,The H&M Lego City by H&M combines quality and innovation.
vIrP-0924,Bose Playmobil Castle,Toy,Toy,649.93,135,11,IT,Bose,The Bose Playmobil Castle by Bose combines quality and innovation.
kmpx-0303,Pottery Barn Levi's Jeans,Clothing,Clothing,933.26,176,3,UE,Pottery Barn,The Pottery Barn Levi's Jeans by Pottery Barn combines quality and innovation.
SGxA-1564,Fisher-Price Playmobil Castle,Toy,Toy,657.41,135,5,IT,Fisher-Price,The Fisher-Price Playmobil Castle by Fisher-Price combines quality and innovation.
FCRE-9363,Bloomsbury IKEA MALM Bed,Furniture,Furniture,981.01,12,8,IT,Bloomsbury,The Bloomsbury IKEA MALM Bed by Bloomsbury combines quality and innovation.
MzCF-5885,West Elm To Kill a Mockingbird,Books,Books,523.14,7,7,IT,West Elm,The West Elm To Kill a Mockingbird by West Elm combines quality and innovation.
iuns-5854,Penguin IKEA MALM Bed,Furniture,Furniture,177.62,155,13,IT,Penguin,The Penguin IKEA MALM Bed by Penguin combines quality and innovation.
YUba-7451,Fisher-Price Xiaomi Redmi,Smartphone,Smartphone,820.71,56,5,IT,Fisher-Price,The Fisher-Price Xiaomi Redmi by Fisher-Price combines quality and innovation.
BqYC-1799,HarperCollins Bookshelf Unit,Furniture,Furniture,303.23,140,1,UE,HarperCollins,The HarperCollins Bookshelf Unit by HarperCollins combines quality and innovation.
VtUk-3942,Simon & Schuster Hot Wheels,Toy,Toy,996.56,53,12,IT,Simon & Schuster,The Simon & Schuster Hot Wheels by Simon & Schuster combines quality and innovation.
MYfO-1459,Amazon IKEA MALM Bed,Furniture,Furniture,462.92,158,4,IT,Amazon,The Amazon IKEA MALM Bed by Amazon combines quality and innovation.
ABZg-8674,Puma Bookshelf Unit,Furniture,Furniture,554.29,81,3,UE,Puma,The Puma Bookshelf Unit by Puma combines quality and innovation.
usXu-9500,West Elm Hot Wheels,Toy,Toy,545.1,77,10,IT,West Elm,The West Elm Hot Wheels by West Elm combines quality and innovation.
RtwN-7445,IKEA Bookshelf Unit,Furniture,Furniture,318.44,94,11,IT,IKEA,The IKEA Bookshelf Unit by IKEA combines quality and innovation.
RAAd-1368,Zara To Kill a Mockingbird,Books,Books,598.18,154,8,UE,Zara,The Zara To Kill a Mockingbird by Zara combines quality and innovation.
kuRc-6072,Wayfair H&M Jacket,Clothing,Clothing,84.71,96,2,IT,Wayfair,The Wayfair H&M Jacket by Wayfair combines quality and innovation.
LvLD-5264,Random House Bookshelf Unit,Furniture,Furniture,860.38,133,3,UE,Random House,The Random House Bookshelf Unit by Random House combines quality and innovation.
OJMm-4865,Simon & Schuster Desk Lamp,Furniture,Furniture,155.21,56,5,UE,Simon & Schuster,The Simon & Schuster Desk Lamp by Simon & Schuster combines quality and innovation.
WWNv-5639,H&M Hot Wheels,Toy,Toy,178.9,19,13,UE,H&M,The H&M Hot Wheels by H&M combines quality and innovation.
kFkB-2928,Anker Adidas Tracksuit,Clothing,Clothing,291.49,145,2,UE,Anker,The Anker Adidas Tracksuit by Anker combines quality and innovation.
XDlF-9463,Nike Bookshelf Unit,Furniture,Furniture,116.39,75,1,UE,Nike,The Nike Bookshelf Unit by Nike combines quality and innovation.
AEUu-5751,Penguin Adidas Tracksuit,Clothing,Clothing,473.1,119,12,IT,Penguin,The Penguin Adidas Tracksuit by Penguin combines quality and innovation.
KEGx-5293,Lego OnePlus Nord,Smartphone,Smartphone,408.74,22,2,UE,Lego,The Lego OnePlus Nord by Lego combines quality and innovation.
RfiI-4380,Amazon Nike Hoodie,Clothing,Clothing,430.75,93,5,IT,Amazon,The Amazon Nike Hoodie by Amazon combines quality and innovation.
GujC-3698,CB2 To Kill a Mockingbird,Books,Books,510.99,165,13,UE,CB2,The CB2 To Kill a Mockingbird by CB2 combines quality and innovation.
WEAK-0970,Mattel IKEA MALM Bed,Furniture,Furniture,763.6,25,3,IT,Mattel,The Mattel IKEA MALM Bed by Mattel combines quality and innovation.
FBAK-8477,Playmobil NERF Blaster,Toy,Toy,917.22,43,12,UE,Playmobil,The Playmobil NERF Blaster by Playmobil combines quality and innovation.
yuln-6901,Zara Dune,Books,Books,225.84,15,2,IT,Zara,The Zara Dune by Zara combines quality and innovation.
fnPY-4968,Random House IKEA MALM Bed,Furniture,Furniture,605.02,159,2,IT,Random House,The Random House IKEA MALM Bed by Random House combines quality and innovation.
PIlF-6200,Levi's Adidas Tracksuit,Clothing,Clothing,800.14,9,1,UE,Levi's,The Levi's Adidas Tracksuit by Levi's combines quality and innovation.
XVKy-3372,Pottery Barn Wayfair Sofa,Furniture,Furniture,570.53,15,10,IT,Pottery Barn,The Pottery Barn Wayfair Sofa by Pottery Barn combines quality and innovation.
hgqY-1641,Mattel OnePlus Nord,Smartphone,Smartphone,199.06,160,11,UE,Mattel,The Mattel OnePlus Nord by Mattel combines quality and innovation.
AOCh-7244,Anker Zara T-Shirt,Clothing,Clothing,663.41,18,5,IT,Anker,The Anker Zara T-Shirt by Anker combines quality and innovation.
zdAH-5019,Nike To Kill a Mockingbird,Books,Books,252.79,143,5,UE,Nike,The Nike To Kill a Mockingbird by Nike combines quality and innovation.
SSeo-9456,Logitech H&M Jacket,Clothing,Clothing,63.84,30,13,IT,Logitech,The Logitech H&M Jacket by Logitech combines quality and innovation.
DztM-3412,IKEA Desk Lamp,Furniture,Furniture,196.11,17,13,UE,IKEA,The IKEA Desk Lamp by IKEA combines quality and innovation.
CHRo-5425,Sony 1984,Books,Books,477.49,17,14,UE,Sony,The Sony 1984 by Sony combines quality and innovation.
mjUY-9341,Logitech To Kill a Mockingbird,Books,Books,756.34,44,6,IT,Logitech,The Logitech To Kill a Mockingbird by Logitech combines quality and innovation.
sAfx-2802,Mattel Ashley Dining Table,Furniture,Furniture,275.65,26,5,UE,Mattel,The Mattel Ashley Dining Table by Mattel combines quality and innovation.
EAYT-0416,Adidas iPhone 14,Smartphone,Smartphone,43.71,180,12,IT,Adidas,The Adidas iPhone 14 by Adidas combines quality and innovation.
yGwG-5573,Bloomsbury Lego City,Toy,Toy,681.29,129,3,IT,Bloomsbury,The Bloomsbury Lego City by Bloomsbury combines quality and innovation.
gzWT-0233,H&M Adidas Tracksuit,Clothing,Clothing,15.9,143,7,UE,H&M,The H&M Adidas Tracksuit by H&M combines quality and innovation.
Eggv-0820,Levi's OnePlus Nord,Smartphone,Smartphone,462.86,194,13,IT,Levi's,The Levi's OnePlus Nord by Levi's combines quality and innovation.
TMyn-4487,Anker Atomic Habits,Books,Books,158.61,87,8,IT,Anker,The Anker Atomic Habits by Anker combines quality and innovation.
GIKx-9321,Bose Levi's Jeans,Clothing,Clothing,792.74,37,6,UE,Bose,The Bose Levi's Jeans by Bose combines quality and innovation.
BvHB-5992,IKEA Dune,Books,Books,735.3,14,8,UE,IKEA,The IKEA Dune by IKEA combines quality and innovation.
zGUR-5192,HarperCollins Nike Hoodie,Clothing,Clothing,551.12,80,5,UE,HarperCollins,The HarperCollins Nike Hoodie by HarperCollins combines quality and innovation.
NMSo-4409,Levi's Bookshelf Unit,Furniture,Furniture,480.19,9,2,IT,Levi's,The Levi's Bookshelf Unit by Levi's combines quality and innovation.
DwhT-2791,Anker Levi's Jeans,Clothing,Clothing,341.71,135,10,IT,Anker,The Anker Levi's Jeans by Anker combines quality and innovation.
lryn-7356,CB2 Bookshelf Unit,Furniture,Furniture,933.09,125,12,IT,CB2,The CB2 Bookshelf Unit by CB2 combines quality and innovation.
TGSC-6820,Penguin To Kill a Mockingbird,Books,Books,380.69,22,14,UE,Penguin,The Penguin To Kill a Mockingbird by Penguin combines quality and innovation.
QLWt-3517,Logitech H&M Jacket,Clothing,Clothing,957.71,114,3,IT,Logitech,The Logitech H&M Jacket by Logitech combines quality and innovation.
QJcC-8209,H&M Pixel 7,Smartphone,Smartphone,142.04,125,13,IT,H&M,The H&M Pixel 7 by H&M combines quality and innovation.
ZmSe-7794,Bose Pixel 7,Smartphone,Smartphone,246.29,126,14,IT,Bose,The Bose Pixel 7 by Bose combines quality and innovation.
eBwL-4653,Sony Zara T-Shirt,Clothing,Clothing,833.61,125,2,IT,Sony,The Sony Zara T-Shirt by Sony combines quality and innovation.
cxvf-2363,Anker Desk Lamp,Furniture,Furniture,587.47,64,4,UE,Anker,The Anker Desk Lamp by Anker combines quality and innovation.
DYuE-7563,Nike Xiaomi Redmi,Smartphone,Smartphone,641.03,56,2,UE,Nike,The Nike Xiaomi Redmi by Nike combines quality and innovation.
UUHO-7268,Lego H&M Jacket,Clothing,Clothing,204.43,40,11,UE,Lego,The Lego H&M Jacket by Lego combines quality and innovation.
qQFo-8847,Adidas Wayfair Sofa,Furniture,Furniture,559.73,67,6,IT,Adidas,The Adidas Wayfair Sofa by Adidas combines quality and innovation.
PUDw-5272,HarperCollins IKEA MALM Bed,Furniture,Furniture,418.53,85,1,IT,HarperCollins,The HarperCollins IKEA MALM Bed by HarperCollins combines quality and innovation.
VwRM-4611,H&M 1984,Books,Books,843.75,65,6,UE,H&M,The H&M 1984 by H&M combines quality and innovation.
hxSe-9732,Nike IKEA MALM Bed,Furniture,Furniture,972.64,76,8,IT,Nike,The Nike IKEA MALM Bed by Nike combines quality and innovation.
gFzX-3772,Nike Hot Wheels,Toy,Toy,433.39,134,12,UE,Nike,The Nike Hot Wheels by Nike combines quality and innovation.
Sboy-8926,CB2 Lego City,Toy,Toy,206.08,70,1,IT,CB2,The CB2 Lego City by CB2 combines quality and innovation.
jTFu-8429,Anker Desk Lamp,Furniture,Furniture,522.12,195,14,UE,Anker,The Anker Desk Lamp by Anker combines quality and innovation.
knlX-3620,Logitech Levi's Jeans,Clothing,Clothing,54.68,130,9,IT,Logitech,The Logitech Levi's Jeans by Logitech combines quality and innovation.
jFAd-0045,Zara Dune,Books,Books,957.5,67,7,UE,Zara,The Zara Dune by Zara combines quality and innovation.
bzla-9420,Nike Atomic Habits,Books,Books,901.85,136,1,IT,Nike,The Nike Atomic Habits by Nike combines quality and innovation.
WwpO-7794,Puma Xiaomi Redmi,Smartphone,Smartphone,416.93,18,14,IT,Puma,The Puma Xiaomi Redmi by Puma combines quality and innovation.
bYsO-2536,Bloomsbury Wayfair Sofa,Furniture,Furniture,404.48,78,8,UE,Bloomsbury,The Bloomsbury Wayfair Sofa by Bloomsbury combines quality and innovation.
KRrG-2569,Pottery Barn Dune,Books,Books,29.69,62,4,IT,Pottery Barn,The Pottery Barn Dune by Pottery Barn combines quality and innovation.
Zaxl-1667,Anker Adidas Tracksuit,Clothing,Clothing,592.2,67,8,UE,Anker,The Anker Adidas Tracksuit by Anker combines quality and innovation.
DrAS-3432,Simon & Schuster IKEA MALM Bed,Furniture,Furniture,344.23,139,13,UE,Simon & Schuster,The Simon & Schuster IKEA MALM Bed by Simon & Schuster combines quality and innovation.
LUcE-6769,Levi's 1984,Books,Books,86.71,192,1,UE,Levi's,The Levi's 1984 by Levi's combines quality and innovation.
NeGE-3173,Logitech Wayfair Sofa,Furniture,Furniture,13.11,134,13,IT,Logitech,The Logitech Wayfair Sofa by Logitech combines quality and innovation.
rTaS-8226,Playmobil The Silent Patient,Books,Books,612.18,7,11,UE,Playmobil,The Playmobil The Silent Patient by Playmobil combines quality and innovation.
CGHV-0449,HarperCollins Bookshelf Unit,Furniture,Furniture,108.93,133,5,UE,HarperCollins,The HarperCollins Bookshelf Unit by HarperCollins combines quality and innovation.
fFUE-2053,Levi's Pixel 7,Smartphone,Smartphone,231.85,14,4,IT,Levi's,The Levi's Pixel 7 by Levi's combines quality and innovation.
WRug-2402,Logitech Barbie Dreamhouse,Toy,Toy,536.88,62,1,IT,Logitech,The Logitech Barbie Dreamhouse by Logitech combines quality and innovation.
fazJ-0300,Lego H&M Jacket,Clothing,Clothing,913.61,47,9,IT,Lego,The Lego H&M Jacket by Lego combines quality and innovation.
MpFA-0156,Nike Lego City,Toy,Toy,251.56,92,8,IT,Nike,The Nike Lego City by Nike combines quality and innovation.
xpXr-2076,Pottery Barn 1984,Books,Books,604.16,171,10,UE,Pottery Barn,The Pottery Barn 1984 by Pottery Barn combines quality and innovation.
GdQg-0046,Anker Zara T-Shirt,Clothing,Clothing,588.95,58,1,UE,Anker,The Anker Zara T-Shirt by Anker combines quality and innovation.
QSwg-5808,West Elm Wayfair Sofa,Furniture,Furniture,877.06,187,11,IT,West Elm,The West Elm Wayfair Sofa by West Elm combines quality and innovation.
hxTR-7248,Zara Barbie Dreamhouse,Toy,Toy,928.04,22,13,IT,Zara,The Zara Barbie Dreamhouse by Zara combines quality and innovation.
DiER-2912,Wayfair Pixel 7,Smartphone,Smartphone,353.68,84,11,UE,Wayfair,The Wayfair Pixel 7 by Wayfair combines quality and innovation.
xlBd-3338,HarperCollins iPhone 14,Smartphone,Smartphone,778.17,51,8,IT,HarperCollins,The HarperCollins iPhone 14 by HarperCollins combines quality and innovation.
eghw-3630,H&M Atomic Habits,Books,Books,398.01,155,2,UE,H&M,The H&M Atomic Habits by H&M combines quality and innovation.
aAXv-7854,Pottery Barn Bookshelf Unit,Furniture,Furniture,580.38,114,14,UE,Pottery Barn,The Pottery Barn Bookshelf Unit by Pottery Barn combines quality and innovation.
JpOB-7170,Mattel To Kill a Mockingbird,Books,Books,566.66,195,3,UE,Mattel,The Mattel To Kill a Mockingbird by Mattel combines quality and innovation.
UhKE-3069,Pottery Barn Nike Hoodie,Clothing,Clothing,417.58,66,3,UE,Pottery Barn,The Pottery Barn Nike Hoodie by Pottery Barn combines quality and innovation.
Qtqi-7886,Logitech Dune,Books,Books,24.37,106,5,IT,Logitech,The Logitech Dune by Logitech combines quality and innovation.
VRJr-7138,Anker Adidas Tracksuit,Clothing,Clothing,291.76,169,13,IT,Anker,The Anker Adidas Tracksuit by Anker combines quality and innovation.
