Date,RetailDayOfYear,RetailMonth,RetailYear,RetailWeek,RetailSemester,RetailMonthEnd,RetailWeekEnd,RetailSemesterEnd,IsWeekend,RetailYearStartPrev,MonthName,MonthAbbr
2018-02-05,1,1,2018,1,1,,2018-02-11,2018-08-05,False,2017-02-06,February,Feb
2018-02-06,2,1,2018,1,1,,2018-02-11,2018-08-05,False,2017-02-06,February,Feb
2018-02-07,3,1,2018,1,1,,2018-02-11,2018-08-05,False,2017-02-06,February,Feb
2018-02-08,4,1,2018,1,1,,2018-02-11,2018-08-05,False,2017-02-06,February,Feb
2018-02-09,5,1,2018,1,1,,2018-02-11,2018-08-05,False,2017-02-06,February,Feb
2018-02-10,6,1,2018,1,1,,2018-02-11,2018-08-05,True,2017-02-06,February,Feb
2018-02-11,7,1,2018,1,1,,2018-02-11,2018-08-05,False,2017-02-06,February,Feb
2018-02-12,8,1,2018,2,1,,2018-02-18,2018-08-05,False,2017-02-06,February,Feb
2018-02-13,9,1,2018,2,1,,2018-02-18,2018-08-05,False,2017-02-06,February,Feb
2018-02-14,10,1,2018,2,1,,2018-02-18,2018-08-05,False,2017-02-06,February,Feb
2018-02-15,11,1,2018,2,1,,2018-02-18,2018-08-05,False,2017-02-06,February,Feb
2018-02-16,12,1,2018,2,1,,2018-02-18,2018-08-05,False,2017-02-06,February,Feb
2018-02-17,13,1,2018,2,1,,2018-02-18,2018-08-05,True,2017-02-06,February,Feb
2018-02-18,14,1,2018,2,1,,2018-02-18,2018-08-05,False,2017-02-06,February,Feb
2018-02-19,15,1,2018,3,1,,2018-02-25,2018-08-05,False,2017-02-06,February,Feb
2018-02-20,16,1,2018,3,1,,2018-02-25,2018-08-05,False,2017-02-06,February,Feb
2018-02-21,17,1,2018,3,1,,2018-02-25,2018-08-05,False,2017-02-06,February,Feb
2018-02-22,18,1,2018,3,1,,2018-02-25,2018-08-05,False,2017-02-06,February,Feb
2018-02-23,19,1,2018,3,1,,2018-02-25,2018-08-05,False,2017-02-06,February,Feb
2018-02-24,20,1,2018,3,1,,2018-02-25,2018-08-05,True,2017-02-06,February,Feb
2018-02-25,21,1,2018,3,1,,2018-02-25,2018-08-05,False,2017-02-06,February,Feb
2018-02-26,22,1,2018,4,1,2018-03-04,2018-03-04,2018-08-05,False,2017-02-06,February,Feb
2018-02-27,23,1,2018,4,1,2018-03-04,2018-03-04,2018-08-05,False,2017-02-06,February,Feb
2018-02-28,24,1,2018,4,1,2018-03-04,2018-03-04,2018-08-05,False,2017-02-06,February,Feb
2018-03-01,25,1,2018,4,1,2018-03-04,2018-03-04,2018-08-05,False,2017-02-06,March,Mar
2018-03-02,26,1,2018,4,1,2018-03-04,2018-03-04,2018-08-05,False,2017-02-06,March,Mar
2018-03-03,27,1,2018,4,1,2018-03-04,2018-03-04,2018-08-05,True,2017-02-06,March,Mar
2018-03-04,28,1,2018,4,1,2018-03-04,2018-03-04,2018-08-05,False,2017-02-06,March,Mar
2018-03-05,29,2,2018,5,1,,2018-03-11,2018-08-05,False,2017-02-06,March,Mar
2018-03-06,30,2,2018,5,1,,2018-03-11,2018-08-05,False,2017-02-06,March,Mar
2018-03-07,31,2,2018,5,1,,2018-03-11,2018-08-05,False,2017-02-06,March,Mar
2018-03-08,32,2,2018,5,1,,2018-03-11,2018-08-05,False,2017-02-06,March,Mar
2018-03-09,33,2,2018,5,1,,2018-03-11,2018-08-05,False,2017-02-06,March,Mar
2018-03-10,34,2,2018,5,1,,2018-03-11,2018-08-05,True,2017-02-06,March,Mar
2018-03-11,35,2,2018,5,1,,2018-03-11,2018-08-05,False,2017-02-06,March,Mar
2018-03-12,36,2,2018,6,1,,2018-03-18,2018-08-05,False,2017-02-06,March,Mar
2018-03-13,37,2,2018,6,1,,2018-03-18,2018-08-05,False,2017-02-06,March,Mar
2018-03-14,38,2,2018,6,1,,2018-03-18,2018-08-05,False,2017-02-06,March,Mar
2018-03-15,39,2,2018,6,1,,2018-03-18,2018-08-05,False,2017-02-06,March,Mar
2018-03-16,40,2,2018,6,1,,2018-03-18,2018-08-05,False,2017-02-06,March,Mar
2018-03-17,41,2,2018,6,1,,2018-03-18,2018-08-05,True,2017-02-06,March,Mar
2018-03-18,42,2,2018,6,1,,2018-03-18,2018-08-05,False,2017-02-06,March,Mar
2018-03-19,43,2,2018,7,1,,2018-03-25,2018-08-05,False,2017-02-06,March,Mar
2018-03-20,44,2,2018,7,1,,2018-03-25,2018-08-05,False,2017-02-06,March,Mar
2018-03-21,45,2,2018,7,1,,2018-03-25,2018-08-05,False,2017-02-06,March,Mar
2018-03-22,46,2,2018,7,1,,2018-03-25,2018-08-05,False,2017-02-06,March,Mar
2018-03-23,47,2,2018,7,1,,2018-03-25,2018-08-05,False,2017-02-06,March,Mar
2018-03-24,48,2,2018,7,1,,2018-03-25,2018-08-05,True,2017-02-06,March,Mar
2018-03-25,49,2,2018,7,1,,2018-03-25,2018-08-05,False,2017-02-06,March,Mar
2018-03-26,50,2,2018,8,1,2018-04-01,2018-04-01,2018-08-05,False,2017-02-06,March,Mar
2018-03-27,51,2,2018,8,1,2018-04-01,2018-04-01,2018-08-05,False,2017-02-06,March,Mar
2018-03-28,52,2,2018,8,1,2018-04-01,2018-04-01,2018-08-05,False,2017-02-06,March,Mar
2018-03-29,53,2,2018,8,1,2018-04-01,2018-04-01,2018-08-05,False,2017-02-06,March,Mar
2018-03-30,54,2,2018,8,1,2018-04-01,2018-04-01,2018-08-05,False,2017-02-06,March,Mar
2018-03-31,55,2,2018,8,1,2018-04-01,2018-04-01,2018-08-05,True,2017-02-06,March,Mar
2018-04-01,56,2,2018,8,1,2018-04-01,2018-04-01,2018-08-05,False,2017-02-06,April,Apr
2018-04-02,57,3,2018,9,1,,2018-04-08,2018-08-05,False,2017-02-06,April,Apr
2018-04-03,58,3,2018,9,1,,2018-04-08,2018-08-05,False,2017-02-06,April,Apr
2018-04-04,59,3,2018,9,1,,2018-04-08,2018-08-05,False,2017-02-06,April,Apr
2018-04-05,60,3,2018,9,1,,2018-04-08,2018-08-05,False,2017-02-06,April,Apr
2018-04-06,61,3,2018,9,1,,2018-04-08,2018-08-05,False,2017-02-06,April,Apr
2018-04-07,62,3,2018,9,1,,2018-04-08,2018-08-05,True,2017-02-06,April,Apr
2018-04-08,63,3,2018,9,1,,2018-04-08,2018-08-05,False,2017-02-06,April,Apr
2018-04-09,64,3,2018,10,1,,2018-04-15,2018-08-05,False,2017-02-06,April,Apr
2018-04-10,65,3,2018,10,1,,2018-04-15,2018-08-05,False,2017-02-06,April,Apr
2018-04-11,66,3,2018,10,1,,2018-04-15,2018-08-05,False,2017-02-06,April,Apr
2018-04-12,67,3,2018,10,1,,2018-04-15,2018-08-05,False,2017-02-06,April,Apr
2018-04-13,68,3,2018,10,1,,2018-04-15,2018-08-05,False,2017-02-06,April,Apr
2018-04-14,69,3,2018,10,1,,2018-04-15,2018-08-05,True,2017-02-06,April,Apr
2018-04-15,70,3,2018,10,1,,2018-04-15,2018-08-05,False,2017-02-06,April,Apr
2018-04-16,71,3,2018,11,1,,2018-04-22,2018-08-05,False,2017-02-06,April,Apr
2018-04-17,72,3,2018,11,1,,2018-04-22,2018-08-05,False,2017-02-06,April,Apr
2018-04-18,73,3,2018,11,1,,2018-04-22,2018-08-05,False,2017-02-06,April,Apr
2018-04-19,74,3,2018,11,1,,2018-04-22,2018-08-05,False,2017-02-06,April,Apr
2018-04-20,75,3,2018,11,1,,2018-04-22,2018-08-05,False,2017-02-06,April,Apr
2018-04-21,76,3,2018,11,1,,2018-04-22,2018-08-05,True,2017-02-06,April,Apr
2018-04-22,77,3,2018,11,1,,2018-04-22,2018-08-05,False,2017-02-06,April,Apr
2018-04-23,78,3,2018,12,1,,2018-04-29,2018-08-05,False,2017-02-06,April,Apr
2018-04-24,79,3,2018,12,1,,2018-04-29,2018-08-05,False,2017-02-06,April,Apr
2018-04-25,80,3,2018,12,1,,2018-04-29,2018-08-05,False,2017-02-06,April,Apr
2018-04-26,81,3,2018,12,1,,2018-04-29,2018-08-05,False,2017-02-06,April,Apr
2018-04-27,82,3,2018,12,1,,2018-04-29,2018-08-05,False,2017-02-06,April,Apr
2018-04-28,83,3,2018,12,1,,2018-04-29,2018-08-05,True,2017-02-06,April,Apr
2018-04-29,84,3,2018,12,1,,2018-04-29,2018-08-05,False,2017-02-06,April,Apr
2018-04-30,85,3,2018,13,1,2018-05-06,2018-05-06,2018-08-05,False,2017-02-06,April,Apr
2018-05-01,86,3,2018,13,1,2018-05-06,2018-05-06,2018-08-05,False,2017-02-06,May,May
2018-05-02,87,3,2018,13,1,2018-05-06,2018-05-06,2018-08-05,False,2017-02-06,May,May
2018-05-03,88,3,2018,13,1,2018-05-06,2018-05-06,2018-08-05,False,2017-02-06,May,May
2018-05-04,89,3,2018,13,1,2018-05-06,2018-05-06,2018-08-05,False,2017-02-06,May,May
2018-05-05,90,3,2018,13,1,2018-05-06,2018-05-06,2018-08-05,True,2017-02-06,May,May
2018-05-06,91,3,2018,13,1,2018-05-06,2018-05-06,2018-08-05,False,2017-02-06,May,May
2018-05-07,92,4,2018,14,1,,2018-05-13,2018-08-05,False,2017-02-06,May,May
2018-05-08,93,4,2018,14,1,,2018-05-13,2018-08-05,False,2017-02-06,May,May
2018-05-09,94,4,2018,14,1,,2018-05-13,2018-08-05,False,2017-02-06,May,May
2018-05-10,95,4,2018,14,1,,2018-05-13,2018-08-05,False,2017-02-06,May,May
2018-05-11,96,4,2018,14,1,,2018-05-13,2018-08-05,False,2017-02-06,May,May
2018-05-12,97,4,2018,14,1,,2018-05-13,2018-08-05,True,2017-02-06,May,May
2018-05-13,98,4,2018,14,1,,2018-05-13,2018-08-05,False,2017-02-06,May,May
2018-05-14,99,4,2018,15,1,,2018-05-20,2018-08-05,False,2017-02-06,May,May
2018-05-15,100,4,2018,15,1,,2018-05-20,2018-08-05,False,2017-02-06,May,May
2018-05-16,101,4,2018,15,1,,2018-05-20,2018-08-05,False,2017-02-06,May,May
2018-05-17,102,4,2018,15,1,,2018-05-20,2018-08-05,False,2017-02-06,May,May
2018-05-18,103,4,2018,15,1,,2018-05-20,2018-08-05,False,2017-02-06,May,May
2018-05-19,104,4,2018,15,1,,2018-05-20,2018-08-05,True,2017-02-06,May,May
2018-05-20,105,4,2018,15,1,,2018-05-20,2018-08-05,False,2017-02-06,May,May
2018-05-21,106,4,2018,16,1,,2018-05-27,2018-08-05,False,2017-02-06,May,May
2018-05-22,107,4,2018,16,1,,2018-05-27,2018-08-05,False,2017-02-06,May,May
2018-05-23,108,4,2018,16,1,,2018-05-27,2018-08-05,False,2017-02-06,May,May
2018-05-24,109,4,2018,16,1,,2018-05-27,2018-08-05,False,2017-02-06,May,May
2018-05-25,110,4,2018,16,1,,2018-05-27,2018-08-05,False,2017-02-06,May,May
2018-05-26,111,4,2018,16,1,,2018-05-27,2018-08-05,True,2017-02-06,May,May
2018-05-27,112,4,2018,16,1,,2018-05-27,2018-08-05,False,2017-02-06,May,May
2018-05-28,113,4,2018,17,1,2018-06-03,2018-06-03,2018-08-05,False,2017-02-06,May,May
2018-05-29,114,4,2018,17,1,2018-06-03,2018-06-03,2018-08-05,False,2017-02-06,May,May
2018-05-30,115,4,2018,17,1,2018-06-03,2018-06-03,2018-08-05,False,2017-02-06,May,May
2018-05-31,116,4,2018,17,1,2018-06-03,2018-06-03,2018-08-05,False,2017-02-06,May,May
2018-06-01,117,4,2018,17,1,2018-06-03,2018-06-03,2018-08-05,False,2017-02-06,June,Jun
2018-06-02,118,4,2018,17,1,2018-06-03,2018-06-03,2018-08-05,True,2017-02-06,June,Jun
2018-06-03,119,4,2018,17,1,2018-06-03,2018-06-03,2018-08-05,False,2017-02-06,June,Jun
2018-06-04,120,5,2018,18,1,,2018-06-10,2018-08-05,False,2017-02-06,June,Jun
2018-06-05,121,5,2018,18,1,,2018-06-10,2018-08-05,False,2017-02-06,June,Jun
2018-06-06,122,5,2018,18,1,,2018-06-10,2018-08-05,False,2017-02-06,June,Jun
2018-06-07,123,5,2018,18,1,,2018-06-10,2018-08-05,False,2017-02-06,June,Jun
2018-06-08,124,5,2018,18,1,,2018-06-10,2018-08-05,False,2017-02-06,June,Jun
2018-06-09,125,5,2018,18,1,,2018-06-10,2018-08-05,True,2017-02-06,June,Jun
2018-06-10,126,5,2018,18,1,,2018-06-10,2018-08-05,False,2017-02-06,June,Jun
2018-06-11,127,5,2018,19,1,,2018-06-17,2018-08-05,False,2017-02-06,June,Jun
2018-06-12,128,5,2018,19,1,,2018-06-17,2018-08-05,False,2017-02-06,June,Jun
2018-06-13,129,5,2018,19,1,,2018-06-17,2018-08-05,False,2017-02-06,June,Jun
2018-06-14,130,5,2018,19,1,,2018-06-17,2018-08-05,False,2017-02-06,June,Jun
2018-06-15,131,5,2018,19,1,,2018-06-17,2018-08-05,False,2017-02-06,June,Jun
2018-06-16,132,5,2018,19,1,,2018-06-17,2018-08-05,True,2017-02-06,June,Jun
2018-06-17,133,5,2018,19,1,,2018-06-17,2018-08-05,False,2017-02-06,June,Jun
2018-06-18,134,5,2018,20,1,,2018-06-24,2018-08-05,False,2017-02-06,June,Jun
2018-06-19,135,5,2018,20,1,,2018-06-24,2018-08-05,False,2017-02-06,June,Jun
2018-06-20,136,5,2018,20,1,,2018-06-24,2018-08-05,False,2017-02-06,June,Jun
2018-06-21,137,5,2018,20,1,,2018-06-24,2018-08-05,False,2017-02-06,June,Jun
2018-06-22,138,5,2018,20,1,,2018-06-24,2018-08-05,False,2017-02-06,June,Jun
2018-06-23,139,5,2018,20,1,,2018-06-24,2018-08-05,True,2017-02-06,June,Jun
2018-06-24,140,5,2018,20,1,,2018-06-24,2018-08-05,False,2017-02-06,June,Jun
2018-06-25,141,5,2018,21,1,2018-07-01,2018-07-01,2018-08-05,False,2017-02-06,June,Jun
2018-06-26,142,5,2018,21,1,2018-07-01,2018-07-01,2018-08-05,False,2017-02-06,June,Jun
2018-06-27,143,5,2018,21,1,2018-07-01,2018-07-01,2018-08-05,False,2017-02-06,June,Jun
2018-06-28,144,5,2018,21,1,2018-07-01,2018-07-01,2018-08-05,False,2017-02-06,June,Jun
2018-06-29,145,5,2018,21,1,2018-07-01,2018-07-01,2018-08-05,False,2017-02-06,June,Jun
2018-06-30,146,5,2018,21,1,2018-07-01,2018-07-01,2018-08-05,True,2017-02-06,June,Jun
2018-07-01,147,5,2018,21,1,2018-07-01,2018-07-01,2018-08-05,False,2017-02-06,July,Jul
2018-07-02,148,6,2018,22,1,,2018-07-08,2018-08-05,False,2017-02-06,July,Jul
2018-07-03,149,6,2018,22,1,,2018-07-08,2018-08-05,False,2017-02-06,July,Jul
2018-07-04,150,6,2018,22,1,,2018-07-08,2018-08-05,False,2017-02-06,July,Jul
2018-07-05,151,6,2018,22,1,,2018-07-08,2018-08-05,False,2017-02-06,July,Jul
2018-07-06,152,6,2018,22,1,,2018-07-08,2018-08-05,False,2017-02-06,July,Jul
2018-07-07,153,6,2018,22,1,,2018-07-08,2018-08-05,True,2017-02-06,July,Jul
2018-07-08,154,6,2018,22,1,,2018-07-08,2018-08-05,False,2017-02-06,July,Jul
2018-07-09,155,6,2018,23,1,,2018-07-15,2018-08-05,False,2017-02-06,July,Jul
2018-07-10,156,6,2018,23,1,,2018-07-15,2018-08-05,False,2017-02-06,July,Jul
2018-07-11,157,6,2018,23,1,,2018-07-15,2018-08-05,False,2017-02-06,July,Jul
2018-07-12,158,6,2018,23,1,,2018-07-15,2018-08-05,False,2017-02-06,July,Jul
2018-07-13,159,6,2018,23,1,,2018-07-15,2018-08-05,False,2017-02-06,July,Jul
2018-07-14,160,6,2018,23,1,,2018-07-15,2018-08-05,True,2017-02-06,July,Jul
2018-07-15,161,6,2018,23,1,,2018-07-15,2018-08-05,False,2017-02-06,July,Jul
2018-07-16,162,6,2018,24,1,,2018-07-22,2018-08-05,False,2017-02-06,July,Jul
2018-07-17,163,6,2018,24,1,,2018-07-22,2018-08-05,False,2017-02-06,July,Jul
2018-07-18,164,6,2018,24,1,,2018-07-22,2018-08-05,False,2017-02-06,July,Jul
2018-07-19,165,6,2018,24,1,,2018-07-22,2018-08-05,False,2017-02-06,July,Jul
2018-07-20,166,6,2018,24,1,,2018-07-22,2018-08-05,False,2017-02-06,July,Jul
2018-07-21,167,6,2018,24,1,,2018-07-22,2018-08-05,True,2017-02-06,July,Jul
2018-07-22,168,6,2018,24,1,,2018-07-22,2018-08-05,False,2017-02-06,July,Jul
2018-07-23,169,6,2018,25,1,,2018-07-29,2018-08-05,False,2017-02-06,July,Jul
2018-07-24,170,6,2018,25,1,,2018-07-29,2018-08-05,False,2017-02-06,July,Jul
2018-07-25,171,6,2018,25,1,,2018-07-29,2018-08-05,False,2017-02-06,July,Jul
2018-07-26,172,6,2018,25,1,,2018-07-29,2018-08-05,False,2017-02-06,July,Jul
2018-07-27,173,6,2018,25,1,,2018-07-29,2018-08-05,False,2017-02-06,July,Jul
2018-07-28,174,6,2018,25,1,,2018-07-29,2018-08-05,True,2017-02-06,July,Jul
2018-07-29,175,6,2018,25,1,,2018-07-29,2018-08-05,False,2017-02-06,July,Jul
2018-07-30,176,6,2018,26,1,2018-08-05,2018-08-05,2018-08-05,False,2017-02-06,July,Jul
2018-07-31,177,6,2018,26,1,2018-08-05,2018-08-05,2018-08-05,False,2017-02-06,July,Jul
2018-08-01,178,6,2018,26,1,2018-08-05,2018-08-05,2018-08-05,False,2017-02-06,August,Aug
2018-08-02,179,6,2018,26,1,2018-08-05,2018-08-05,2018-08-05,False,2017-02-06,August,Aug
2018-08-03,180,6,2018,26,1,2018-08-05,2018-08-05,2018-08-05,False,2017-02-06,August,Aug
2018-08-04,181,6,2018,26,1,2018-08-05,2018-08-05,2018-08-05,True,2017-02-06,August,Aug
2018-08-05,182,6,2018,26,1,2018-08-05,2018-08-05,2018-08-05,False,2017-02-06,August,Aug
2018-08-06,183,7,2018,27,2,,2018-08-12,2019-02-03,False,2017-02-06,August,Aug
2018-08-07,184,7,2018,27,2,,2018-08-12,2019-02-03,False,2017-02-06,August,Aug
2018-08-08,185,7,2018,27,2,,2018-08-12,2019-02-03,False,2017-02-06,August,Aug
2018-08-09,186,7,2018,27,2,,2018-08-12,2019-02-03,False,2017-02-06,August,Aug
2018-08-10,187,7,2018,27,2,,2018-08-12,2019-02-03,False,2017-02-06,August,Aug
2018-08-11,188,7,2018,27,2,,2018-08-12,2019-02-03,True,2017-02-06,August,Aug
2018-08-12,189,7,2018,27,2,,2018-08-12,2019-02-03,False,2017-02-06,August,Aug
2018-08-13,190,7,2018,28,2,,2018-08-19,2019-02-03,False,2017-02-06,August,Aug
2018-08-14,191,7,2018,28,2,,2018-08-19,2019-02-03,False,2017-02-06,August,Aug
2018-08-15,192,7,2018,28,2,,2018-08-19,2019-02-03,False,2017-02-06,August,Aug
2018-08-16,193,7,2018,28,2,,2018-08-19,2019-02-03,False,2017-02-06,August,Aug
2018-08-17,194,7,2018,28,2,,2018-08-19,2019-02-03,False,2017-02-06,August,Aug
2018-08-18,195,7,2018,28,2,,2018-08-19,2019-02-03,True,2017-02-06,August,Aug
2018-08-19,196,7,2018,28,2,,2018-08-19,2019-02-03,False,2017-02-06,August,Aug
2018-08-20,197,7,2018,29,2,,2018-08-26,2019-02-03,False,2017-02-06,August,Aug
2018-08-21,198,7,2018,29,2,,2018-08-26,2019-02-03,False,2017-02-06,August,Aug
2018-08-22,199,7,2018,29,2,,2018-08-26,2019-02-03,False,2017-02-06,August,Aug
2018-08-23,200,7,2018,29,2,,2018-08-26,2019-02-03,False,2017-02-06,August,Aug
2018-08-24,201,7,2018,29,2,,2018-08-26,2019-02-03,False,2017-02-06,August,Aug
2018-08-25,202,7,2018,29,2,,2018-08-26,2019-02-03,True,2017-02-06,August,Aug
2018-08-26,203,7,2018,29,2,,2018-08-26,2019-02-03,False,2017-02-06,August,Aug
2018-08-27,204,7,2018,30,2,2018-09-02,2018-09-02,2019-02-03,False,2017-02-06,August,Aug
2018-08-28,205,7,2018,30,2,2018-09-02,2018-09-02,2019-02-03,False,2017-02-06,August,Aug
2018-08-29,206,7,2018,30,2,2018-09-02,2018-09-02,2019-02-03,False,2017-02-06,August,Aug
2018-08-30,207,7,2018,30,2,2018-09-02,2018-09-02,2019-02-03,False,2017-02-06,August,Aug
2018-08-31,208,7,2018,30,2,2018-09-02,2018-09-02,2019-02-03,False,2017-02-06,August,Aug
2018-09-01,209,7,2018,30,2,2018-09-02,2018-09-02,2019-02-03,True,2017-02-06,September,Sep
2018-09-02,210,7,2018,30,2,2018-09-02,2018-09-02,2019-02-03,False,2017-02-06,September,Sep
2018-09-03,211,8,2018,31,2,,2018-09-09,2019-02-03,False,2017-02-06,September,Sep
2018-09-04,212,8,2018,31,2,,2018-09-09,2019-02-03,False,2017-02-06,September,Sep
2018-09-05,213,8,2018,31,2,,2018-09-09,2019-02-03,False,2017-02-06,September,Sep
2018-09-06,214,8,2018,31,2,,2018-09-09,2019-02-03,False,2017-02-06,September,Sep
2018-09-07,215,8,2018,31,2,,2018-09-09,2019-02-03,False,2017-02-06,September,Sep
2018-09-08,216,8,2018,31,2,,2018-09-09,2019-02-03,True,2017-02-06,September,Sep
2018-09-09,217,8,2018,31,2,,2018-09-09,2019-02-03,False,2017-02-06,September,Sep
2018-09-10,218,8,2018,32,2,,2018-09-16,2019-02-03,False,2017-02-06,September,Sep
2018-09-11,219,8,2018,32,2,,2018-09-16,2019-02-03,False,2017-02-06,September,Sep
2018-09-12,220,8,2018,32,2,,2018-09-16,2019-02-03,False,2017-02-06,September,Sep
2018-09-13,221,8,2018,32,2,,2018-09-16,2019-02-03,False,2017-02-06,September,Sep
2018-09-14,222,8,2018,32,2,,2018-09-16,2019-02-03,False,2017-02-06,September,Sep
2018-09-15,223,8,2018,32,2,,2018-09-16,2019-02-03,True,2017-02-06,September,Sep
2018-09-16,224,8,2018,32,2,,2018-09-16,2019-02-03,False,2017-02-06,September,Sep
2018-09-17,225,8,2018,33,2,,2018-09-23,2019-02-03,False,2017-02-06,September,Sep
2018-09-18,226,8,2018,33,2,,2018-09-23,2019-02-03,False,2017-02-06,September,Sep
2018-09-19,227,8,2018,33,2,,2018-09-23,2019-02-03,False,2017-02-06,September,Sep
2018-09-20,228,8,2018,33,2,,2018-09-23,2019-02-03,False,2017-02-06,September,Sep
2018-09-21,229,8,2018,33,2,,2018-09-23,2019-02-03,False,2017-02-06,September,Sep
2018-09-22,230,8,2018,33,2,,2018-09-23,2019-02-03,True,2017-02-06,September,Sep
2018-09-23,231,8,2018,33,2,,2018-09-23,2019-02-03,False,2017-02-06,September,Sep
2018-09-24,232,8,2018,34,2,2018-09-30,2018-09-30,2019-02-03,False,2017-02-06,September,Sep
2018-09-25,233,8,2018,34,2,2018-09-30,2018-09-30,2019-02-03,False,2017-02-06,September,Sep
2018-09-26,234,8,2018,34,2,2018-09-30,2018-09-30,2019-02-03,False,2017-02-06,September,Sep
2018-09-27,235,8,2018,34,2,2018-09-30,2018-09-30,2019-02-03,False,2017-02-06,September,Sep
2018-09-28,236,8,2018,34,2,2018-09-30,2018-09-30,2019-02-03,False,2017-02-06,September,Sep
2018-09-29,237,8,2018,34,2,2018-09-30,2018-09-30,2019-02-03,True,2017-02-06,September,Sep
2018-09-30,238,8,2018,34,2,2018-09-30,2018-09-30,2019-02-03,False,2017-02-06,September,Sep
2018-10-01,239,9,2018,35,2,,2018-10-07,2019-02-03,False,2017-02-06,October,Oct
2018-10-02,240,9,2018,35,2,,2018-10-07,2019-02-03,False,2017-02-06,October,Oct
2018-10-03,241,9,2018,35,2,,2018-10-07,2019-02-03,False,2017-02-06,October,Oct
2018-10-04,242,9,2018,35,2,,2018-10-07,2019-02-03,False,2017-02-06,October,Oct
2018-10-05,243,9,2018,35,2,,2018-10-07,2019-02-03,False,2017-02-06,October,Oct
2018-10-06,244,9,2018,35,2,,2018-10-07,2019-02-03,True,2017-02-06,October,Oct
2018-10-07,245,9,2018,35,2,,2018-10-07,2019-02-03,False,2017-02-06,October,Oct
2018-10-08,246,9,2018,36,2,,2018-10-14,2019-02-03,False,2017-02-06,October,Oct
2018-10-09,247,9,2018,36,2,,2018-10-14,2019-02-03,False,2017-02-06,October,Oct
2018-10-10,248,9,2018,36,2,,2018-10-14,2019-02-03,False,2017-02-06,October,Oct
2018-10-11,249,9,2018,36,2,,2018-10-14,2019-02-03,False,2017-02-06,October,Oct
2018-10-12,250,9,2018,36,2,,2018-10-14,2019-02-03,False,2017-02-06,October,Oct
2018-10-13,251,9,2018,36,2,,2018-10-14,2019-02-03,True,2017-02-06,October,Oct
2018-10-14,252,9,2018,36,2,,2018-10-14,2019-02-03,False,2017-02-06,October,Oct
2018-10-15,253,9,2018,37,2,,2018-10-21,2019-02-03,False,2017-02-06,October,Oct
2018-10-16,254,9,2018,37,2,,2018-10-21,2019-02-03,False,2017-02-06,October,Oct
2018-10-17,255,9,2018,37,2,,2018-10-21,2019-02-03,False,2017-02-06,October,Oct
2018-10-18,256,9,2018,37,2,,2018-10-21,2019-02-03,False,2017-02-06,October,Oct
2018-10-19,257,9,2018,37,2,,2018-10-21,2019-02-03,False,2017-02-06,October,Oct
2018-10-20,258,9,2018,37,2,,2018-10-21,2019-02-03,True,2017-02-06,October,Oct
2018-10-21,259,9,2018,37,2,,2018-10-21,2019-02-03,False,2017-02-06,October,Oct
2018-10-22,260,9,2018,38,2,,2018-10-28,2019-02-03,False,2017-02-06,October,Oct
2018-10-23,261,9,2018,38,2,,2018-10-28,2019-02-03,False,2017-02-06,October,Oct
2018-10-24,262,9,2018,38,2,,2018-10-28,2019-02-03,False,2017-02-06,October,Oct
2018-10-25,263,9,2018,38,2,,2018-10-28,2019-02-03,False,2017-02-06,October,Oct
2018-10-26,264,9,2018,38,2,,2018-10-28,2019-02-03,False,2017-02-06,October,Oct
2018-10-27,265,9,2018,38,2,,2018-10-28,2019-02-03,True,2017-02-06,October,Oct
2018-10-28,266,9,2018,38,2,,2018-10-28,2019-02-03,False,2017-02-06,October,Oct
2018-10-29,267,9,2018,39,2,2018-11-04,2018-11-04,2019-02-03,False,2017-02-06,October,Oct
2018-10-30,268,9,2018,39,2,2018-11-04,2018-11-04,2019-02-03,False,2017-02-06,October,Oct
2018-10-31,269,9,2018,39,2,2018-11-04,2018-11-04,2019-02-03,False,2017-02-06,October,Oct
2018-11-01,270,9,2018,39,2,2018-11-04,2018-11-04,2019-02-03,False,2017-02-06,November,Nov
2018-11-02,271,9,2018,39,2,2018-11-04,2018-11-04,2019-02-03,False,2017-02-06,November,Nov
2018-11-03,272,9,2018,39,2,2018-11-04,2018-11-04,2019-02-03,True,2017-02-06,November,Nov
2018-11-04,273,9,2018,39,2,2018-11-04,2018-11-04,2019-02-03,False,2017-02-06,November,Nov
2018-11-05,274,10,2018,40,2,,2018-11-11,2019-02-03,False,2017-02-06,November,Nov
2018-11-06,275,10,2018,40,2,,2018-11-11,2019-02-03,False,2017-02-06,November,Nov
2018-11-07,276,10,2018,40,2,,2018-11-11,2019-02-03,False,2017-02-06,November,Nov
2018-11-08,277,10,2018,40,2,,2018-11-11,2019-02-03,False,2017-02-06,November,Nov
2018-11-09,278,10,2018,40,2,,2018-11-11,2019-02-03,False,2017-02-06,November,Nov
2018-11-10,279,10,2018,40,2,,2018-11-11,2019-02-03,True,2017-02-06,November,Nov
2018-11-11,280,10,2018,40,2,,2018-11-11,2019-02-03,False,2017-02-06,November,Nov
2018-11-12,281,10,2018,41,2,,2018-11-18,2019-02-03,False,2017-02-06,November,Nov
2018-11-13,282,10,2018,41,2,,2018-11-18,2019-02-03,False,2017-02-06,November,Nov
2018-11-14,283,10,2018,41,2,,2018-11-18,2019-02-03,False,2017-02-06,November,Nov
2018-11-15,284,10,2018,41,2,,2018-11-18,2019-02-03,False,2017-02-06,November,Nov
2018-11-16,285,10,2018,41,2,,2018-11-18,2019-02-03,False,2017-02-06,November,Nov
2018-11-17,286,10,2018,41,2,,2018-11-18,2019-02-03,True,2017-02-06,November,Nov
2018-11-18,287,10,2018,41,2,,2018-11-18,2019-02-03,False,2017-02-06,November,Nov
2018-11-19,288,10,2018,42,2,,2018-11-25,2019-02-03,False,2017-02-06,November,Nov
2018-11-20,289,10,2018,42,2,,2018-11-25,2019-02-03,False,2017-02-06,November,Nov
2018-11-21,290,10,2018,42,2,,2018-11-25,2019-02-03,False,2017-02-06,November,Nov
2018-11-22,291,10,2018,42,2,,2018-11-25,2019-02-03,False,2017-02-06,November,Nov
2018-11-23,292,10,2018,42,2,,2018-11-25,2019-02-03,False,2017-02-06,November,Nov
2018-11-24,293,10,2018,42,2,,2018-11-25,2019-02-03,True,2017-02-06,November,Nov
2018-11-25,294,10,2018,42,2,,2018-11-25,2019-02-03,False,2017-02-06,November,Nov
2018-11-26,295,10,2018,43,2,2018-12-02,2018-12-02,2019-02-03,False,2017-02-06,November,Nov
2018-11-27,296,10,2018,43,2,2018-12-02,2018-12-02,2019-02-03,False,2017-02-06,November,Nov
2018-11-28,297,10,2018,43,2,2018-12-02,2018-12-02,2019-02-03,False,2017-02-06,November,Nov
2018-11-29,298,10,2018,43,2,2018-12-02,2018-12-02,2019-02-03,False,2017-02-06,November,Nov
2018-11-30,299,10,2018,43,2,2018-12-02,2018-12-02,2019-02-03,False,2017-02-06,November,Nov
2018-12-01,300,10,2018,43,2,2018-12-02,2018-12-02,2019-02-03,True,2017-02-06,December,Dec
2018-12-02,301,10,2018,43,2,2018-12-02,2018-12-02,2019-02-03,False,2017-02-06,December,Dec
2018-12-03,302,11,2018,44,2,,2018-12-09,2019-02-03,False,2017-02-06,December,Dec
2018-12-04,303,11,2018,44,2,,2018-12-09,2019-02-03,False,2017-02-06,December,Dec
2018-12-05,304,11,2018,44,2,,2018-12-09,2019-02-03,False,2017-02-06,December,Dec
2018-12-06,305,11,2018,44,2,,2018-12-09,2019-02-03,False,2017-02-06,December,Dec
2018-12-07,306,11,2018,44,2,,2018-12-09,2019-02-03,False,2017-02-06,December,Dec
2018-12-08,307,11,2018,44,2,,2018-12-09,2019-02-03,True,2017-02-06,December,Dec
2018-12-09,308,11,2018,44,2,,2018-12-09,2019-02-03,False,2017-02-06,December,Dec
2018-12-10,309,11,2018,45,2,,2018-12-16,2019-02-03,False,2017-02-06,December,Dec
2018-12-11,310,11,2018,45,2,,2018-12-16,2019-02-03,False,2017-02-06,December,Dec
2018-12-12,311,11,2018,45,2,,2018-12-16,2019-02-03,False,2017-02-06,December,Dec
2018-12-13,312,11,2018,45,2,,2018-12-16,2019-02-03,False,2017-02-06,December,Dec
2018-12-14,313,11,2018,45,2,,2018-12-16,2019-02-03,False,2017-02-06,December,Dec
2018-12-15,314,11,2018,45,2,,2018-12-16,2019-02-03,True,2017-02-06,December,Dec
2018-12-16,315,11,2018,45,2,,2018-12-16,2019-02-03,False,2017-02-06,December,Dec
2018-12-17,316,11,2018,46,2,,2018-12-23,2019-02-03,False,2017-02-06,December,Dec
2018-12-18,317,11,2018,46,2,,2018-12-23,2019-02-03,False,2017-02-06,December,Dec
2018-12-19,318,11,2018,46,2,,2018-12-23,2019-02-03,False,2017-02-06,December,Dec
2018-12-20,319,11,2018,46,2,,2018-12-23,2019-02-03,False,2017-02-06,December,Dec
2018-12-21,320,11,2018,46,2,,2018-12-23,2019-02-03,False,2017-02-06,December,Dec
2018-12-22,321,11,2018,46,2,,2018-12-23,2019-02-03,True,2017-02-06,December,Dec
2018-12-23,322,11,2018,46,2,,2018-12-23,2019-02-03,False,2017-02-06,December,Dec
2018-12-24,323,11,2018,47,2,2018-12-30,2018-12-30,2019-02-03,False,2017-02-06,December,Dec
2018-12-25,324,11,2018,47,2,2018-12-30,2018-12-30,2019-02-03,False,2017-02-06,December,Dec
2018-12-26,325,11,2018,47,2,2018-12-30,2018-12-30,2019-02-03,False,2017-02-06,December,Dec
2018-12-27,326,11,2018,47,2,2018-12-30,2018-12-30,2019-02-03,False,2017-02-06,December,Dec
2018-12-28,327,11,2018,47,2,2018-12-30,2018-12-30,2019-02-03,False,2017-02-06,December,Dec
2018-12-29,328,11,2018,47,2,2018-12-30,2018-12-30,2019-02-03,True,2017-02-06,December,Dec
2018-12-30,329,11,2018,47,2,2018-12-30,2018-12-30,2019-02-03,False,2017-02-06,December,Dec
2018-12-31,330,12,2018,48,2,,2019-01-06,2019-02-03,False,2017-02-06,December,Dec
2019-01-01,331,12,2018,48,2,,2019-01-06,2019-02-03,False,2017-02-06,January,Jan
2019-01-02,332,12,2018,48,2,,2019-01-06,2019-02-03,False,2017-02-06,January,Jan
2019-01-03,333,12,2018,48,2,,2019-01-06,2019-02-03,False,2017-02-06,January,Jan
2019-01-04,334,12,2018,48,2,,2019-01-06,2019-02-03,False,2017-02-06,January,Jan
2019-01-05,335,12,2018,48,2,,2019-01-06,2019-02-03,True,2017-02-06,January,Jan
2019-01-06,336,12,2018,48,2,,2019-01-06,2019-02-03,False,2017-02-06,January,Jan
2019-01-07,337,12,2018,49,2,,2019-01-13,2019-02-03,False,2017-02-06,January,Jan
2019-01-08,338,12,2018,49,2,,2019-01-13,2019-02-03,False,2017-02-06,January,Jan
2019-01-09,339,12,2018,49,2,,2019-01-13,2019-02-03,False,2017-02-06,January,Jan
2019-01-10,340,12,2018,49,2,,2019-01-13,2019-02-03,False,2017-02-06,January,Jan
2019-01-11,341,12,2018,49,2,,2019-01-13,2019-02-03,False,2017-02-06,January,Jan
2019-01-12,342,12,2018,49,2,,2019-01-13,2019-02-03,True,2017-02-06,January,Jan
2019-01-13,343,12,2018,49,2,,2019-01-13,2019-02-03,False,2017-02-06,January,Jan
2019-01-14,344,12,2018,50,2,,2019-01-20,2019-02-03,False,2017-02-06,January,Jan
2019-01-15,345,12,2018,50,2,,2019-01-20,2019-02-03,False,2017-02-06,January,Jan
2019-01-16,346,12,2018,50,2,,2019-01-20,2019-02-03,False,2017-02-06,January,Jan
2019-01-17,347,12,2018,50,2,,2019-01-20,2019-02-03,False,2017-02-06,January,Jan
2019-01-18,348,12,2018,50,2,,2019-01-20,2019-02-03,False,2017-02-06,January,Jan
2019-01-19,349,12,2018,50,2,,2019-01-20,2019-02-03,True,2017-02-06,January,Jan
2019-01-20,350,12,2018,50,2,,2019-01-20,2019-02-03,False,2017-02-06,January,Jan
2019-01-21,351,12,2018,51,2,,2019-01-27,2019-02-03,False,2017-02-06,January,Jan
2019-01-22,352,12,2018,51,2,,2019-01-27,2019-02-03,False,2017-02-06,January,Jan
2019-01-23,353,12,2018,51,2,,2019-01-27,2019-02-03,False,2017-02-06,January,Jan
2019-01-24,354,12,2018,51,2,,2019-01-27,2019-02-03,False,2017-02-06,January,Jan
2019-01-25,355,12,2018,51,2,,2019-01-27,2019-02-03,False,2017-02-06,January,Jan
2019-01-26,356,12,2018,51,2,,2019-01-27,2019-02-03,True,2017-02-06,January,Jan
2019-01-27,357,12,2018,51,2,,2019-01-27,2019-02-03,False,2017-02-06,January,Jan
2019-01-28,358,12,2018,52,2,2019-02-03,2019-02-03,2019-02-03,False,2017-02-06,January,Jan
2019-01-29,359,12,2018,52,2,2019-02-03,2019-02-03,2019-02-03,False,2017-02-06,January,Jan
2019-01-30,360,12,2018,52,2,2019-02-03,2019-02-03,2019-02-03,False,2017-02-06,January,Jan
2019-01-31,361,12,2018,52,2,2019-02-03,2019-02-03,2019-02-03,False,2017-02-06,January,Jan
2019-02-01,362,12,2018,52,2,2019-02-03,2019-02-03,2019-02-03,False,2017-02-06,February,Feb
2019-02-02,363,12,2018,52,2,2019-02-03,2019-02-03,2019-02-03,True,2017-02-06,February,Feb
2019-02-03,364,12,2018,52,2,2019-02-03,2019-02-03,2019-02-03,False,2017-02-06,February,Feb
2019-02-04,1,1,2019,1,1,,2019-02-10,2019-08-04,False,2018-02-05,February,Feb
2019-02-05,2,1,2019,1,1,,2019-02-10,2019-08-04,False,2018-02-05,February,Feb
2019-02-06,3,1,2019,1,1,,2019-02-10,2019-08-04,False,2018-02-05,February,Feb
2019-02-07,4,1,2019,1,1,,2019-02-10,2019-08-04,False,2018-02-05,February,Feb
2019-02-08,5,1,2019,1,1,,2019-02-10,2019-08-04,False,2018-02-05,February,Feb
2019-02-09,6,1,2019,1,1,,2019-02-10,2019-08-04,True,2018-02-05,February,Feb
2019-02-10,7,1,2019,1,1,,2019-02-10,2019-08-04,False,2018-02-05,February,Feb
2019-02-11,8,1,2019,2,1,,2019-02-17,2019-08-04,False,2018-02-05,February,Feb
2019-02-12,9,1,2019,2,1,,2019-02-17,2019-08-04,False,2018-02-05,February,Feb
2019-02-13,10,1,2019,2,1,,2019-02-17,2019-08-04,False,2018-02-05,February,Feb
2019-02-14,11,1,2019,2,1,,2019-02-17,2019-08-04,False,2018-02-05,February,Feb
2019-02-15,12,1,2019,2,1,,2019-02-17,2019-08-04,False,2018-02-05,February,Feb
2019-02-16,13,1,2019,2,1,,2019-02-17,2019-08-04,True,2018-02-05,February,Feb
2019-02-17,14,1,2019,2,1,,2019-02-17,2019-08-04,False,2018-02-05,February,Feb
2019-02-18,15,1,2019,3,1,,2019-02-24,2019-08-04,False,2018-02-05,February,Feb
2019-02-19,16,1,2019,3,1,,2019-02-24,2019-08-04,False,2018-02-05,February,Feb
2019-02-20,17,1,2019,3,1,,2019-02-24,2019-08-04,False,2018-02-05,February,Feb
2019-02-21,18,1,2019,3,1,,2019-02-24,2019-08-04,False,2018-02-05,February,Feb
2019-02-22,19,1,2019,3,1,,2019-02-24,2019-08-04,False,2018-02-05,February,Feb
2019-02-23,20,1,2019,3,1,,2019-02-24,2019-08-04,True,2018-02-05,February,Feb
2019-02-24,21,1,2019,3,1,,2019-02-24,2019-08-04,False,2018-02-05,February,Feb
2019-02-25,22,1,2019,4,1,2019-03-03,2019-03-03,2019-08-04,False,2018-02-05,February,Feb
2019-02-26,23,1,2019,4,1,2019-03-03,2019-03-03,2019-08-04,False,2018-02-05,February,Feb
2019-02-27,24,1,2019,4,1,2019-03-03,2019-03-03,2019-08-04,False,2018-02-05,February,Feb
2019-02-28,25,1,2019,4,1,2019-03-03,2019-03-03,2019-08-04,False,2018-02-05,February,Feb
2019-03-01,26,1,2019,4,1,2019-03-03,2019-03-03,2019-08-04,False,2018-02-05,March,Mar
2019-03-02,27,1,2019,4,1,2019-03-03,2019-03-03,2019-08-04,True,2018-02-05,March,Mar
2019-03-03,28,1,2019,4,1,2019-03-03,2019-03-03,2019-08-04,False,2018-02-05,March,Mar
2019-03-04,29,2,2019,5,1,,2019-03-10,2019-08-04,False,2018-02-05,March,Mar
2019-03-05,30,2,2019,5,1,,2019-03-10,2019-08-04,False,2018-02-05,March,Mar
2019-03-06,31,2,2019,5,1,,2019-03-10,2019-08-04,False,2018-02-05,March,Mar
2019-03-07,32,2,2019,5,1,,2019-03-10,2019-08-04,False,2018-02-05,March,Mar
2019-03-08,33,2,2019,5,1,,2019-03-10,2019-08-04,False,2018-02-05,March,Mar
2019-03-09,34,2,2019,5,1,,2019-03-10,2019-08-04,True,2018-02-05,March,Mar
2019-03-10,35,2,2019,5,1,,2019-03-10,2019-08-04,False,2018-02-05,March,Mar
2019-03-11,36,2,2019,6,1,,2019-03-17,2019-08-04,False,2018-02-05,March,Mar
2019-03-12,37,2,2019,6,1,,2019-03-17,2019-08-04,False,2018-02-05,March,Mar
2019-03-13,38,2,2019,6,1,,2019-03-17,2019-08-04,False,2018-02-05,March,Mar
2019-03-14,39,2,2019,6,1,,2019-03-17,2019-08-04,False,2018-02-05,March,Mar
2019-03-15,40,2,2019,6,1,,2019-03-17,2019-08-04,False,2018-02-05,March,Mar
2019-03-16,41,2,2019,6,1,,2019-03-17,2019-08-04,True,2018-02-05,March,Mar
2019-03-17,42,2,2019,6,1,,2019-03-17,2019-08-04,False,2018-02-05,March,Mar
2019-03-18,43,2,2019,7,1,,2019-03-24,2019-08-04,False,2018-02-05,March,Mar
2019-03-19,44,2,2019,7,1,,2019-03-24,2019-08-04,False,2018-02-05,March,Mar
2019-03-20,45,2,2019,7,1,,2019-03-24,2019-08-04,False,2018-02-05,March,Mar
2019-03-21,46,2,2019,7,1,,2019-03-24,2019-08-04,False,2018-02-05,March,Mar
2019-03-22,47,2,2019,7,1,,2019-03-24,2019-08-04,False,2018-02-05,March,Mar
2019-03-23,48,2,2019,7,1,,2019-03-24,2019-08-04,True,2018-02-05,March,Mar
2019-03-24,49,2,2019,7,1,,2019-03-24,2019-08-04,False,2018-02-05,March,Mar
2019-03-25,50,2,2019,8,1,2019-03-31,2019-03-31,2019-08-04,False,2018-02-05,March,Mar
2019-03-26,51,2,2019,8,1,2019-03-31,2019-03-31,2019-08-04,False,2018-02-05,March,Mar
2019-03-27,52,2,2019,8,1,2019-03-31,2019-03-31,2019-08-04,False,2018-02-05,March,Mar
2019-03-28,53,2,2019,8,1,2019-03-31,2019-03-31,2019-08-04,False,2018-02-05,March,Mar
2019-03-29,54,2,2019,8,1,2019-03-31,2019-03-31,2019-08-04,False,2018-02-05,March,Mar
2019-03-30,55,2,2019,8,1,2019-03-31,2019-03-31,2019-08-04,True,2018-02-05,March,Mar
2019-03-31,56,2,2019,8,1,2019-03-31,2019-03-31,2019-08-04,False,2018-02-05,March,Mar
2019-04-01,57,3,2019,9,1,,2019-04-07,2019-08-04,False,2018-02-05,April,Apr
2019-04-02,58,3,2019,9,1,,2019-04-07,2019-08-04,False,2018-02-05,April,Apr
2019-04-03,59,3,2019,9,1,,2019-04-07,2019-08-04,False,2018-02-05,April,Apr
2019-04-04,60,3,2019,9,1,,2019-04-07,2019-08-04,False,2018-02-05,April,Apr
2019-04-05,61,3,2019,9,1,,2019-04-07,2019-08-04,False,2018-02-05,April,Apr
2019-04-06,62,3,2019,9,1,,2019-04-07,2019-08-04,True,2018-02-05,April,Apr
2019-04-07,63,3,2019,9,1,,2019-04-07,2019-08-04,False,2018-02-05,April,Apr
2019-04-08,64,3,2019,10,1,,2019-04-14,2019-08-04,False,2018-02-05,April,Apr
2019-04-09,65,3,2019,10,1,,2019-04-14,2019-08-04,False,2018-02-05,April,Apr
2019-04-10,66,3,2019,10,1,,2019-04-14,2019-08-04,False,2018-02-05,April,Apr
2019-04-11,67,3,2019,10,1,,2019-04-14,2019-08-04,False,2018-02-05,April,Apr
2019-04-12,68,3,2019,10,1,,2019-04-14,2019-08-04,False,2018-02-05,April,Apr
2019-04-13,69,3,2019,10,1,,2019-04-14,2019-08-04,True,2018-02-05,April,Apr
2019-04-14,70,3,2019,10,1,,2019-04-14,2019-08-04,False,2018-02-05,April,Apr
2019-04-15,71,3,2019,11,1,,2019-04-21,2019-08-04,False,2018-02-05,April,Apr
2019-04-16,72,3,2019,11,1,,2019-04-21,2019-08-04,False,2018-02-05,April,Apr
2019-04-17,73,3,2019,11,1,,2019-04-21,2019-08-04,False,2018-02-05,April,Apr
2019-04-18,74,3,2019,11,1,,2019-04-21,2019-08-04,False,2018-02-05,April,Apr
2019-04-19,75,3,2019,11,1,,2019-04-21,2019-08-04,False,2018-02-05,April,Apr
2019-04-20,76,3,2019,11,1,,2019-04-21,2019-08-04,True,2018-02-05,April,Apr
2019-04-21,77,3,2019,11,1,,2019-04-21,2019-08-04,False,2018-02-05,April,Apr
2019-04-22,78,3,2019,12,1,,2019-04-28,2019-08-04,False,2018-02-05,April,Apr
2019-04-23,79,3,2019,12,1,,2019-04-28,2019-08-04,False,2018-02-05,April,Apr
2019-04-24,80,3,2019,12,1,,2019-04-28,2019-08-04,False,2018-02-05,April,Apr
2019-04-25,81,3,2019,12,1,,2019-04-28,2019-08-04,False,2018-02-05,April,Apr
2019-04-26,82,3,2019,12,1,,2019-04-28,2019-08-04,False,2018-02-05,April,Apr
2019-04-27,83,3,2019,12,1,,2019-04-28,2019-08-04,True,2018-02-05,April,Apr
2019-04-28,84,3,2019,12,1,,2019-04-28,2019-08-04,False,2018-02-05,April,Apr
2019-04-29,85,3,2019,13,1,2019-05-05,2019-05-05,2019-08-04,False,2018-02-05,April,Apr
2019-04-30,86,3,2019,13,1,2019-05-05,2019-05-05,2019-08-04,False,2018-02-05,April,Apr
2019-05-01,87,3,2019,13,1,2019-05-05,2019-05-05,2019-08-04,False,2018-02-05,May,May
2019-05-02,88,3,2019,13,1,2019-05-05,2019-05-05,2019-08-04,False,2018-02-05,May,May
2019-05-03,89,3,2019,13,1,2019-05-05,2019-05-05,2019-08-04,False,2018-02-05,May,May
2019-05-04,90,3,2019,13,1,2019-05-05,2019-05-05,2019-08-04,True,2018-02-05,May,May
2019-05-05,91,3,2019,13,1,2019-05-05,2019-05-05,2019-08-04,False,2018-02-05,May,May
2019-05-06,92,4,2019,14,1,,2019-05-12,2019-08-04,False,2018-02-05,May,May
2019-05-07,93,4,2019,14,1,,2019-05-12,2019-08-04,False,2018-02-05,May,May
2019-05-08,94,4,2019,14,1,,2019-05-12,2019-08-04,False,2018-02-05,May,May
2019-05-09,95,4,2019,14,1,,2019-05-12,2019-08-04,False,2018-02-05,May,May
2019-05-10,96,4,2019,14,1,,2019-05-12,2019-08-04,False,2018-02-05,May,May
2019-05-11,97,4,2019,14,1,,2019-05-12,2019-08-04,True,2018-02-05,May,May
2019-05-12,98,4,2019,14,1,,2019-05-12,2019-08-04,False,2018-02-05,May,May
2019-05-13,99,4,2019,15,1,,2019-05-19,2019-08-04,False,2018-02-05,May,May
2019-05-14,100,4,2019,15,1,,2019-05-19,2019-08-04,False,2018-02-05,May,May
2019-05-15,101,4,2019,15,1,,2019-05-19,2019-08-04,False,2018-02-05,May,May
2019-05-16,102,4,2019,15,1,,2019-05-19,2019-08-04,False,2018-02-05,May,May
2019-05-17,103,4,2019,15,1,,2019-05-19,2019-08-04,False,2018-02-05,May,May
2019-05-18,104,4,2019,15,1,,2019-05-19,2019-08-04,True,2018-02-05,May,May
2019-05-19,105,4,2019,15,1,,2019-05-19,2019-08-04,False,2018-02-05,May,May
2019-05-20,106,4,2019,16,1,,2019-05-26,2019-08-04,False,2018-02-05,May,May
2019-05-21,107,4,2019,16,1,,2019-05-26,2019-08-04,False,2018-02-05,May,May
2019-05-22,108,4,2019,16,1,,2019-05-26,2019-08-04,False,2018-02-05,May,May
2019-05-23,109,4,2019,16,1,,2019-05-26,2019-08-04,False,2018-02-05,May,May
2019-05-24,110,4,2019,16,1,,2019-05-26,2019-08-04,False,2018-02-05,May,May
2019-05-25,111,4,2019,16,1,,2019-05-26,2019-08-04,True,2018-02-05,May,May
2019-05-26,112,4,2019,16,1,,2019-05-26,2019-08-04,False,2018-02-05,May,May
2019-05-27,113,4,2019,17,1,2019-06-02,2019-06-02,2019-08-04,False,2018-02-05,May,May
2019-05-28,114,4,2019,17,1,2019-06-02,2019-06-02,2019-08-04,False,2018-02-05,May,May
2019-05-29,115,4,2019,17,1,2019-06-02,2019-06-02,2019-08-04,False,2018-02-05,May,May
2019-05-30,116,4,2019,17,1,2019-06-02,2019-06-02,2019-08-04,False,2018-02-05,May,May
2019-05-31,117,4,2019,17,1,2019-06-02,2019-06-02,2019-08-04,False,2018-02-05,May,May
2019-06-01,118,4,2019,17,1,2019-06-02,2019-06-02,2019-08-04,True,2018-02-05,June,Jun
2019-06-02,119,4,2019,17,1,2019-06-02,2019-06-02,2019-08-04,False,2018-02-05,June,Jun
2019-06-03,120,5,2019,18,1,,2019-06-09,2019-08-04,False,2018-02-05,June,Jun
2019-06-04,121,5,2019,18,1,,2019-06-09,2019-08-04,False,2018-02-05,June,Jun
2019-06-05,122,5,2019,18,1,,2019-06-09,2019-08-04,False,2018-02-05,June,Jun
2019-06-06,123,5,2019,18,1,,2019-06-09,2019-08-04,False,2018-02-05,June,Jun
2019-06-07,124,5,2019,18,1,,2019-06-09,2019-08-04,False,2018-02-05,June,Jun
2019-06-08,125,5,2019,18,1,,2019-06-09,2019-08-04,True,2018-02-05,June,Jun
2019-06-09,126,5,2019,18,1,,2019-06-09,2019-08-04,False,2018-02-05,June,Jun
2019-06-10,127,5,2019,19,1,,2019-06-16,2019-08-04,False,2018-02-05,June,Jun
2019-06-11,128,5,2019,19,1,,2019-06-16,2019-08-04,False,2018-02-05,June,Jun
2019-06-12,129,5,2019,19,1,,2019-06-16,2019-08-04,False,2018-02-05,June,Jun
2019-06-13,130,5,2019,19,1,,2019-06-16,2019-08-04,False,2018-02-05,June,Jun
2019-06-14,131,5,2019,19,1,,2019-06-16,2019-08-04,False,2018-02-05,June,Jun
2019-06-15,132,5,2019,19,1,,2019-06-16,2019-08-04,True,2018-02-05,June,Jun
2019-06-16,133,5,2019,19,1,,2019-06-16,2019-08-04,False,2018-02-05,June,Jun
2019-06-17,134,5,2019,20,1,,2019-06-23,2019-08-04,False,2018-02-05,June,Jun
2019-06-18,135,5,2019,20,1,,2019-06-23,2019-08-04,False,2018-02-05,June,Jun
2019-06-19,136,5,2019,20,1,,2019-06-23,2019-08-04,False,2018-02-05,June,Jun
2019-06-20,137,5,2019,20,1,,2019-06-23,2019-08-04,False,2018-02-05,June,Jun
2019-06-21,138,5,2019,20,1,,2019-06-23,2019-08-04,False,2018-02-05,June,Jun
2019-06-22,139,5,2019,20,1,,2019-06-23,2019-08-04,True,2018-02-05,June,Jun
2019-06-23,140,5,2019,20,1,,2019-06-23,2019-08-04,False,2018-02-05,June,Jun
2019-06-24,141,5,2019,21,1,2019-06-30,2019-06-30,2019-08-04,False,2018-02-05,June,Jun
2019-06-25,142,5,2019,21,1,2019-06-30,2019-06-30,2019-08-04,False,2018-02-05,June,Jun
2019-06-26,143,5,2019,21,1,2019-06-30,2019-06-30,2019-08-04,False,2018-02-05,June,Jun
2019-06-27,144,5,2019,21,1,2019-06-30,2019-06-30,2019-08-04,False,2018-02-05,June,Jun
2019-06-28,145,5,2019,21,1,2019-06-30,2019-06-30,2019-08-04,False,2018-02-05,June,Jun
2019-06-29,146,5,2019,21,1,2019-06-30,2019-06-30,2019-08-04,True,2018-02-05,June,Jun
2019-06-30,147,5,2019,21,1,2019-06-30,2019-06-30,2019-08-04,False,2018-02-05,June,Jun
2019-07-01,148,6,2019,22,1,,2019-07-07,2019-08-04,False,2018-02-05,July,Jul
2019-07-02,149,6,2019,22,1,,2019-07-07,2019-08-04,False,2018-02-05,July,Jul
2019-07-03,150,6,2019,22,1,,2019-07-07,2019-08-04,False,2018-02-05,July,Jul
2019-07-04,151,6,2019,22,1,,2019-07-07,2019-08-04,False,2018-02-05,July,Jul
2019-07-05,152,6,2019,22,1,,2019-07-07,2019-08-04,False,2018-02-05,July,Jul
2019-07-06,153,6,2019,22,1,,2019-07-07,2019-08-04,True,2018-02-05,July,Jul
2019-07-07,154,6,2019,22,1,,2019-07-07,2019-08-04,False,2018-02-05,July,Jul
2019-07-08,155,6,2019,23,1,,2019-07-14,2019-08-04,False,2018-02-05,July,Jul
2019-07-09,156,6,2019,23,1,,2019-07-14,2019-08-04,False,2018-02-05,July,Jul
2019-07-10,157,6,2019,23,1,,2019-07-14,2019-08-04,False,2018-02-05,July,Jul
2019-07-11,158,6,2019,23,1,,2019-07-14,2019-08-04,False,2018-02-05,July,Jul
2019-07-12,159,6,2019,23,1,,2019-07-14,2019-08-04,False,2018-02-05,July,Jul
2019-07-13,160,6,2019,23,1,,2019-07-14,2019-08-04,True,2018-02-05,July,Jul
2019-07-14,161,6,2019,23,1,,2019-07-14,2019-08-04,False,2018-02-05,July,Jul
2019-07-15,162,6,2019,24,1,,2019-07-21,2019-08-04,False,2018-02-05,July,Jul
2019-07-16,163,6,2019,24,1,,2019-07-21,2019-08-04,False,2018-02-05,July,Jul
2019-07-17,164,6,2019,24,1,,2019-07-21,2019-08-04,False,2018-02-05,July,Jul
2019-07-18,165,6,2019,24,1,,2019-07-21,2019-08-04,False,2018-02-05,July,Jul
2019-07-19,166,6,2019,24,1,,2019-07-21,2019-08-04,False,2018-02-05,July,Jul
2019-07-20,167,6,2019,24,1,,2019-07-21,2019-08-04,True,2018-02-05,July,Jul
2019-07-21,168,6,2019,24,1,,2019-07-21,2019-08-04,False,2018-02-05,July,Jul
2019-07-22,169,6,2019,25,1,,2019-07-28,2019-08-04,False,2018-02-05,July,Jul
2019-07-23,170,6,2019,25,1,,2019-07-28,2019-08-04,False,2018-02-05,July,Jul
2019-07-24,171,6,2019,25,1,,2019-07-28,2019-08-04,False,2018-02-05,July,Jul
2019-07-25,172,6,2019,25,1,,2019-07-28,2019-08-04,False,2018-02-05,July,Jul
2019-07-26,173,6,2019,25,1,,2019-07-28,2019-08-04,False,2018-02-05,July,Jul
2019-07-27,174,6,2019,25,1,,2019-07-28,2019-08-04,True,2018-02-05,July,Jul
2019-07-28,175,6,2019,25,1,,2019-07-28,2019-08-04,False,2018-02-05,July,Jul
2019-07-29,176,6,2019,26,1,2019-08-04,2019-08-04,2019-08-04,False,2018-02-05,July,Jul
2019-07-30,177,6,2019,26,1,2019-08-04,2019-08-04,2019-08-04,False,2018-02-05,July,Jul
2019-07-31,178,6,2019,26,1,2019-08-04,2019-08-04,2019-08-04,False,2018-02-05,July,Jul
2019-08-01,179,6,2019,26,1,2019-08-04,2019-08-04,2019-08-04,False,2018-02-05,August,Aug
2019-08-02,180,6,2019,26,1,2019-08-04,2019-08-04,2019-08-04,False,2018-02-05,August,Aug
2019-08-03,181,6,2019,26,1,2019-08-04,2019-08-04,2019-08-04,True,2018-02-05,August,Aug
2019-08-04,182,6,2019,26,1,2019-08-04,2019-08-04,2019-08-04,False,2018-02-05,August,Aug
2019-08-05,183,7,2019,27,2,,2019-08-11,2020-02-02,False,2018-02-05,August,Aug
2019-08-06,184,7,2019,27,2,,2019-08-11,2020-02-02,False,2018-02-05,August,Aug
2019-08-07,185,7,2019,27,2,,2019-08-11,2020-02-02,False,2018-02-05,August,Aug
2019-08-08,186,7,2019,27,2,,2019-08-11,2020-02-02,False,2018-02-05,August,Aug
2019-08-09,187,7,2019,27,2,,2019-08-11,2020-02-02,False,2018-02-05,August,Aug
2019-08-10,188,7,2019,27,2,,2019-08-11,2020-02-02,True,2018-02-05,August,Aug
2019-08-11,189,7,2019,27,2,,2019-08-11,2020-02-02,False,2018-02-05,August,Aug
2019-08-12,190,7,2019,28,2,,2019-08-18,2020-02-02,False,2018-02-05,August,Aug
2019-08-13,191,7,2019,28,2,,2019-08-18,2020-02-02,False,2018-02-05,August,Aug
2019-08-14,192,7,2019,28,2,,2019-08-18,2020-02-02,False,2018-02-05,August,Aug
2019-08-15,193,7,2019,28,2,,2019-08-18,2020-02-02,False,2018-02-05,August,Aug
2019-08-16,194,7,2019,28,2,,2019-08-18,2020-02-02,False,2018-02-05,August,Aug
2019-08-17,195,7,2019,28,2,,2019-08-18,2020-02-02,True,2018-02-05,August,Aug
2019-08-18,196,7,2019,28,2,,2019-08-18,2020-02-02,False,2018-02-05,August,Aug
2019-08-19,197,7,2019,29,2,,2019-08-25,2020-02-02,False,2018-02-05,August,Aug
2019-08-20,198,7,2019,29,2,,2019-08-25,2020-02-02,False,2018-02-05,August,Aug
2019-08-21,199,7,2019,29,2,,2019-08-25,2020-02-02,False,2018-02-05,August,Aug
2019-08-22,200,7,2019,29,2,,2019-08-25,2020-02-02,False,2018-02-05,August,Aug
2019-08-23,201,7,2019,29,2,,2019-08-25,2020-02-02,False,2018-02-05,August,Aug
2019-08-24,202,7,2019,29,2,,2019-08-25,2020-02-02,True,2018-02-05,August,Aug
2019-08-25,203,7,2019,29,2,,2019-08-25,2020-02-02,False,2018-02-05,August,Aug
2019-08-26,204,7,2019,30,2,2019-09-01,2019-09-01,2020-02-02,False,2018-02-05,August,Aug
2019-08-27,205,7,2019,30,2,2019-09-01,2019-09-01,2020-02-02,False,2018-02-05,August,Aug
2019-08-28,206,7,2019,30,2,2019-09-01,2019-09-01,2020-02-02,False,2018-02-05,August,Aug
2019-08-29,207,7,2019,30,2,2019-09-01,2019-09-01,2020-02-02,False,2018-02-05,August,Aug
2019-08-30,208,7,2019,30,2,2019-09-01,2019-09-01,2020-02-02,False,2018-02-05,August,Aug
2019-08-31,209,7,2019,30,2,2019-09-01,2019-09-01,2020-02-02,True,2018-02-05,August,Aug
2019-09-01,210,7,2019,30,2,2019-09-01,2019-09-01,2020-02-02,False,2018-02-05,September,Sep
2019-09-02,211,8,2019,31,2,,2019-09-08,2020-02-02,False,2018-02-05,September,Sep
2019-09-03,212,8,2019,31,2,,2019-09-08,2020-02-02,False,2018-02-05,September,Sep
2019-09-04,213,8,2019,31,2,,2019-09-08,2020-02-02,False,2018-02-05,September,Sep
2019-09-05,214,8,2019,31,2,,2019-09-08,2020-02-02,False,2018-02-05,September,Sep
2019-09-06,215,8,2019,31,2,,2019-09-08,2020-02-02,False,2018-02-05,September,Sep
2019-09-07,216,8,2019,31,2,,2019-09-08,2020-02-02,True,2018-02-05,September,Sep
2019-09-08,217,8,2019,31,2,,2019-09-08,2020-02-02,False,2018-02-05,September,Sep
2019-09-09,218,8,2019,32,2,,2019-09-15,2020-02-02,False,2018-02-05,September,Sep
2019-09-10,219,8,2019,32,2,,2019-09-15,2020-02-02,False,2018-02-05,September,Sep
2019-09-11,220,8,2019,32,2,,2019-09-15,2020-02-02,False,2018-02-05,September,Sep
2019-09-12,221,8,2019,32,2,,2019-09-15,2020-02-02,False,2018-02-05,September,Sep
2019-09-13,222,8,2019,32,2,,2019-09-15,2020-02-02,False,2018-02-05,September,Sep
2019-09-14,223,8,2019,32,2,,2019-09-15,2020-02-02,True,2018-02-05,September,Sep
2019-09-15,224,8,2019,32,2,,2019-09-15,2020-02-02,False,2018-02-05,September,Sep
2019-09-16,225,8,2019,33,2,,2019-09-22,2020-02-02,False,2018-02-05,September,Sep
2019-09-17,226,8,2019,33,2,,2019-09-22,2020-02-02,False,2018-02-05,September,Sep
2019-09-18,227,8,2019,33,2,,2019-09-22,2020-02-02,False,2018-02-05,September,Sep
2019-09-19,228,8,2019,33,2,,2019-09-22,2020-02-02,False,2018-02-05,September,Sep
2019-09-20,229,8,2019,33,2,,2019-09-22,2020-02-02,False,2018-02-05,September,Sep
2019-09-21,230,8,2019,33,2,,2019-09-22,2020-02-02,True,2018-02-05,September,Sep
2019-09-22,231,8,2019,33,2,,2019-09-22,2020-02-02,False,2018-02-05,September,Sep
2019-09-23,232,8,2019,34,2,2019-09-29,2019-09-29,2020-02-02,False,2018-02-05,September,Sep
2019-09-24,233,8,2019,34,2,2019-09-29,2019-09-29,2020-02-02,False,2018-02-05,September,Sep
2019-09-25,234,8,2019,34,2,2019-09-29,2019-09-29,2020-02-02,False,2018-02-05,September,Sep
2019-09-26,235,8,2019,34,2,2019-09-29,2019-09-29,2020-02-02,False,2018-02-05,September,Sep
2019-09-27,236,8,2019,34,2,2019-09-29,2019-09-29,2020-02-02,False,2018-02-05,September,Sep
2019-09-28,237,8,2019,34,2,2019-09-29,2019-09-29,2020-02-02,True,2018-02-05,September,Sep
2019-09-29,238,8,2019,34,2,2019-09-29,2019-09-29,2020-02-02,False,2018-02-05,September,Sep
2019-09-30,239,9,2019,35,2,,2019-10-06,2020-02-02,False,2018-02-05,September,Sep
2019-10-01,240,9,2019,35,2,,2019-10-06,2020-02-02,False,2018-02-05,October,Oct
2019-10-02,241,9,2019,35,2,,2019-10-06,2020-02-02,False,2018-02-05,October,Oct
2019-10-03,242,9,2019,35,2,,2019-10-06,2020-02-02,False,2018-02-05,October,Oct
2019-10-04,243,9,2019,35,2,,2019-10-06,2020-02-02,False,2018-02-05,October,Oct
2019-10-05,244,9,2019,35,2,,2019-10-06,2020-02-02,True,2018-02-05,October,Oct
2019-10-06,245,9,2019,35,2,,2019-10-06,2020-02-02,False,2018-02-05,October,Oct
2019-10-07,246,9,2019,36,2,,2019-10-13,2020-02-02,False,2018-02-05,October,Oct
2019-10-08,247,9,2019,36,2,,2019-10-13,2020-02-02,False,2018-02-05,October,Oct
2019-10-09,248,9,2019,36,2,,2019-10-13,2020-02-02,False,2018-02-05,October,Oct
2019-10-10,249,9,2019,36,2,,2019-10-13,2020-02-02,False,2018-02-05,October,Oct
2019-10-11,250,9,2019,36,2,,2019-10-13,2020-02-02,False,2018-02-05,October,Oct
2019-10-12,251,9,2019,36,2,,2019-10-13,2020-02-02,True,2018-02-05,October,Oct
2019-10-13,252,9,2019,36,2,,2019-10-13,2020-02-02,False,2018-02-05,October,Oct
2019-10-14,253,9,2019,37,2,,2019-10-20,2020-02-02,False,2018-02-05,October,Oct
2019-10-15,254,9,2019,37,2,,2019-10-20,2020-02-02,False,2018-02-05,October,Oct
2019-10-16,255,9,2019,37,2,,2019-10-20,2020-02-02,False,2018-02-05,October,Oct
2019-10-17,256,9,2019,37,2,,2019-10-20,2020-02-02,False,2018-02-05,October,Oct
2019-10-18,257,9,2019,37,2,,2019-10-20,2020-02-02,False,2018-02-05,October,Oct
2019-10-19,258,9,2019,37,2,,2019-10-20,2020-02-02,True,2018-02-05,October,Oct
2019-10-20,259,9,2019,37,2,,2019-10-20,2020-02-02,False,2018-02-05,October,Oct
2019-10-21,260,9,2019,38,2,,2019-10-27,2020-02-02,False,2018-02-05,October,Oct
2019-10-22,261,9,2019,38,2,,2019-10-27,2020-02-02,False,2018-02-05,October,Oct
2019-10-23,262,9,2019,38,2,,2019-10-27,2020-02-02,False,2018-02-05,October,Oct
2019-10-24,263,9,2019,38,2,,2019-10-27,2020-02-02,False,2018-02-05,October,Oct
2019-10-25,264,9,2019,38,2,,2019-10-27,2020-02-02,False,2018-02-05,October,Oct
2019-10-26,265,9,2019,38,2,,2019-10-27,2020-02-02,True,2018-02-05,October,Oct
2019-10-27,266,9,2019,38,2,,2019-10-27,2020-02-02,False,2018-02-05,October,Oct
2019-10-28,267,9,2019,39,2,2019-11-03,2019-11-03,2020-02-02,False,2018-02-05,October,Oct
2019-10-29,268,9,2019,39,2,2019-11-03,2019-11-03,2020-02-02,False,2018-02-05,October,Oct
2019-10-30,269,9,2019,39,2,2019-11-03,2019-11-03,2020-02-02,False,2018-02-05,October,Oct
2019-10-31,270,9,2019,39,2,2019-11-03,2019-11-03,2020-02-02,False,2018-02-05,October,Oct
2019-11-01,271,9,2019,39,2,2019-11-03,2019-11-03,2020-02-02,False,2018-02-05,November,Nov
2019-11-02,272,9,2019,39,2,2019-11-03,2019-11-03,2020-02-02,True,2018-02-05,November,Nov
2019-11-03,273,9,2019,39,2,2019-11-03,2019-11-03,2020-02-02,False,2018-02-05,November,Nov
2019-11-04,274,10,2019,40,2,,2019-11-10,2020-02-02,False,2018-02-05,November,Nov
2019-11-05,275,10,2019,40,2,,2019-11-10,2020-02-02,False,2018-02-05,November,Nov
2019-11-06,276,10,2019,40,2,,2019-11-10,2020-02-02,False,2018-02-05,November,Nov
2019-11-07,277,10,2019,40,2,,2019-11-10,2020-02-02,False,2018-02-05,November,Nov
2019-11-08,278,10,2019,40,2,,2019-11-10,2020-02-02,False,2018-02-05,November,Nov
2019-11-09,279,10,2019,40,2,,2019-11-10,2020-02-02,True,2018-02-05,November,Nov
2019-11-10,280,10,2019,40,2,,2019-11-10,2020-02-02,False,2018-02-05,November,Nov
2019-11-11,281,10,2019,41,2,,2019-11-17,2020-02-02,False,2018-02-05,November,Nov
2019-11-12,282,10,2019,41,2,,2019-11-17,2020-02-02,False,2018-02-05,November,Nov
2019-11-13,283,10,2019,41,2,,2019-11-17,2020-02-02,False,2018-02-05,November,Nov
2019-11-14,284,10,2019,41,2,,2019-11-17,2020-02-02,False,2018-02-05,November,Nov
2019-11-15,285,10,2019,41,2,,2019-11-17,2020-02-02,False,2018-02-05,November,Nov
2019-11-16,286,10,2019,41,2,,2019-11-17,2020-02-02,True,2018-02-05,November,Nov
2019-11-17,287,10,2019,41,2,,2019-11-17,2020-02-02,False,2018-02-05,November,Nov
2019-11-18,288,10,2019,42,2,,2019-11-24,2020-02-02,False,2018-02-05,November,Nov
2019-11-19,289,10,2019,42,2,,2019-11-24,2020-02-02,False,2018-02-05,November,Nov
2019-11-20,290,10,2019,42,2,,2019-11-24,2020-02-02,False,2018-02-05,November,Nov
2019-11-21,291,10,2019,42,2,,2019-11-24,2020-02-02,False,2018-02-05,November,Nov
2019-11-22,292,10,2019,42,2,,2019-11-24,2020-02-02,False,2018-02-05,November,Nov
2019-11-23,293,10,2019,42,2,,2019-11-24,2020-02-02,True,2018-02-05,November,Nov
2019-11-24,294,10,2019,42,2,,2019-11-24,2020-02-02,False,2018-02-05,November,Nov
2019-11-25,295,10,2019,43,2,2019-12-01,2019-12-01,2020-02-02,False,2018-02-05,November,Nov
2019-11-26,296,10,2019,43,2,2019-12-01,2019-12-01,2020-02-02,False,2018-02-05,November,Nov
2019-11-27,297,10,2019,43,2,2019-12-01,2019-12-01,2020-02-02,False,2018-02-05,November,Nov
2019-11-28,298,10,2019,43,2,2019-12-01,2019-12-01,2020-02-02,False,2018-02-05,November,Nov
2019-11-29,299,10,2019,43,2,2019-12-01,2019-12-01,2020-02-02,False,2018-02-05,November,Nov
2019-11-30,300,10,2019,43,2,2019-12-01,2019-12-01,2020-02-02,True,2018-02-05,November,Nov
2019-12-01,301,10,2019,43,2,2019-12-01,2019-12-01,2020-02-02,False,2018-02-05,December,Dec
2019-12-02,302,11,2019,44,2,,2019-12-08,2020-02-02,False,2018-02-05,December,Dec
2019-12-03,303,11,2019,44,2,,2019-12-08,2020-02-02,False,2018-02-05,December,Dec
2019-12-04,304,11,2019,44,2,,2019-12-08,2020-02-02,False,2018-02-05,December,Dec
2019-12-05,305,11,2019,44,2,,2019-12-08,2020-02-02,False,2018-02-05,December,Dec
2019-12-06,306,11,2019,44,2,,2019-12-08,2020-02-02,False,2018-02-05,December,Dec
2019-12-07,307,11,2019,44,2,,2019-12-08,2020-02-02,True,2018-02-05,December,Dec
2019-12-08,308,11,2019,44,2,,2019-12-08,2020-02-02,False,2018-02-05,December,Dec
2019-12-09,309,11,2019,45,2,,2019-12-15,2020-02-02,False,2018-02-05,December,Dec
2019-12-10,310,11,2019,45,2,,2019-12-15,2020-02-02,False,2018-02-05,December,Dec
2019-12-11,311,11,2019,45,2,,2019-12-15,2020-02-02,False,2018-02-05,December,Dec
2019-12-12,312,11,2019,45,2,,2019-12-15,2020-02-02,False,2018-02-05,December,Dec
2019-12-13,313,11,2019,45,2,,2019-12-15,2020-02-02,False,2018-02-05,December,Dec
2019-12-14,314,11,2019,45,2,,2019-12-15,2020-02-02,True,2018-02-05,December,Dec
2019-12-15,315,11,2019,45,2,,2019-12-15,2020-02-02,False,2018-02-05,December,Dec
2019-12-16,316,11,2019,46,2,,2019-12-22,2020-02-02,False,2018-02-05,December,Dec
2019-12-17,317,11,2019,46,2,,2019-12-22,2020-02-02,False,2018-02-05,December,Dec
2019-12-18,318,11,2019,46,2,,2019-12-22,2020-02-02,False,2018-02-05,December,Dec
2019-12-19,319,11,2019,46,2,,2019-12-22,2020-02-02,False,2018-02-05,December,Dec
2019-12-20,320,11,2019,46,2,,2019-12-22,2020-02-02,False,2018-02-05,December,Dec
2019-12-21,321,11,2019,46,2,,2019-12-22,2020-02-02,True,2018-02-05,December,Dec
2019-12-22,322,11,2019,46,2,,2019-12-22,2020-02-02,False,2018-02-05,December,Dec
2019-12-23,323,11,2019,47,2,2019-12-29,2019-12-29,2020-02-02,False,2018-02-05,December,Dec
2019-12-24,324,11,2019,47,2,2019-12-29,2019-12-29,2020-02-02,False,2018-02-05,December,Dec
2019-12-25,325,11,2019,47,2,2019-12-29,2019-12-29,2020-02-02,False,2018-02-05,December,Dec
2019-12-26,326,11,2019,47,2,2019-12-29,2019-12-29,2020-02-02,False,2018-02-05,December,Dec
2019-12-27,327,11,2019,47,2,2019-12-29,2019-12-29,2020-02-02,False,2018-02-05,December,Dec
2019-12-28,328,11,2019,47,2,2019-12-29,2019-12-29,2020-02-02,True,2018-02-05,December,Dec
2019-12-29,329,11,2019,47,2,2019-12-29,2019-12-29,2020-02-02,False,2018-02-05,December,Dec
2019-12-30,330,12,2019,48,2,,2020-01-05,2020-02-02,False,2018-02-05,December,Dec
2019-12-31,331,12,2019,48,2,,2020-01-05,2020-02-02,False,2018-02-05,December,Dec
2020-01-01,332,12,2019,48,2,,2020-01-05,2020-02-02,False,2018-02-05,January,Jan
2020-01-02,333,12,2019,48,2,,2020-01-05,2020-02-02,False,2018-02-05,January,Jan
2020-01-03,334,12,2019,48,2,,2020-01-05,2020-02-02,False,2018-02-05,January,Jan
2020-01-04,335,12,2019,48,2,,2020-01-05,2020-02-02,True,2018-02-05,January,Jan
2020-01-05,336,12,2019,48,2,,2020-01-05,2020-02-02,False,2018-02-05,January,Jan
2020-01-06,337,12,2019,49,2,,2020-01-12,2020-02-02,False,2018-02-05,January,Jan
2020-01-07,338,12,2019,49,2,,2020-01-12,2020-02-02,False,2018-02-05,January,Jan
2020-01-08,339,12,2019,49,2,,2020-01-12,2020-02-02,False,2018-02-05,January,Jan
2020-01-09,340,12,2019,49,2,,2020-01-12,2020-02-02,False,2018-02-05,January,Jan
2020-01-10,341,12,2019,49,2,,2020-01-12,2020-02-02,False,2018-02-05,January,Jan
2020-01-11,342,12,2019,49,2,,2020-01-12,2020-02-02,True,2018-02-05,January,Jan
2020-01-12,343,12,2019,49,2,,2020-01-12,2020-02-02,False,2018-02-05,January,Jan
2020-01-13,344,12,2019,50,2,,2020-01-19,2020-02-02,False,2018-02-05,January,Jan
2020-01-14,345,12,2019,50,2,,2020-01-19,2020-02-02,False,2018-02-05,January,Jan
2020-01-15,346,12,2019,50,2,,2020-01-19,2020-02-02,False,2018-02-05,January,Jan
2020-01-16,347,12,2019,50,2,,2020-01-19,2020-02-02,False,2018-02-05,January,Jan
2020-01-17,348,12,2019,50,2,,2020-01-19,2020-02-02,False,2018-02-05,January,Jan
2020-01-18,349,12,2019,50,2,,2020-01-19,2020-02-02,True,2018-02-05,January,Jan
2020-01-19,350,12,2019,50,2,,2020-01-19,2020-02-02,False,2018-02-05,January,Jan
2020-01-20,351,12,2019,51,2,,2020-01-26,2020-02-02,False,2018-02-05,January,Jan
2020-01-21,352,12,2019,51,2,,2020-01-26,2020-02-02,False,2018-02-05,January,Jan
2020-01-22,353,12,2019,51,2,,2020-01-26,2020-02-02,False,2018-02-05,January,Jan
2020-01-23,354,12,2019,51,2,,2020-01-26,2020-02-02,False,2018-02-05,January,Jan
2020-01-24,355,12,2019,51,2,,2020-01-26,2020-02-02,False,2018-02-05,January,Jan
2020-01-25,356,12,2019,51,2,,2020-01-26,2020-02-02,True,2018-02-05,January,Jan
2020-01-26,357,12,2019,51,2,,2020-01-26,2020-02-02,False,2018-02-05,January,Jan
2020-01-27,358,12,2019,52,2,2020-02-02,2020-02-02,2020-02-02,False,2018-02-05,January,Jan
2020-01-28,359,12,2019,52,2,2020-02-02,2020-02-02,2020-02-02,False,2018-02-05,January,Jan
2020-01-29,360,12,2019,52,2,2020-02-02,2020-02-02,2020-02-02,False,2018-02-05,January,Jan
2020-01-30,361,12,2019,52,2,2020-02-02,2020-02-02,2020-02-02,False,2018-02-05,January,Jan
2020-01-31,362,12,2019,52,2,2020-02-02,2020-02-02,2020-02-02,False,2018-02-05,January,Jan
2020-02-01,363,12,2019,52,2,2020-02-02,2020-02-02,2020-02-02,True,2018-02-05,February,Feb
2020-02-02,364,12,2019,52,2,2020-02-02,2020-02-02,2020-02-02,False,2018-02-05,February,Feb
2020-02-03,1,1,2020,1,1,,2020-02-09,2020-08-02,False,2019-02-04,February,Feb
2020-02-04,2,1,2020,1,1,,2020-02-09,2020-08-02,False,2019-02-04,February,Feb
2020-02-05,3,1,2020,1,1,,2020-02-09,2020-08-02,False,2019-02-04,February,Feb
2020-02-06,4,1,2020,1,1,,2020-02-09,2020-08-02,False,2019-02-04,February,Feb
2020-02-07,5,1,2020,1,1,,2020-02-09,2020-08-02,False,2019-02-04,February,Feb
2020-02-08,6,1,2020,1,1,,2020-02-09,2020-08-02,True,2019-02-04,February,Feb
2020-02-09,7,1,2020,1,1,,2020-02-09,2020-08-02,False,2019-02-04,February,Feb
2020-02-10,8,1,2020,2,1,,2020-02-16,2020-08-02,False,2019-02-04,February,Feb
2020-02-11,9,1,2020,2,1,,2020-02-16,2020-08-02,False,2019-02-04,February,Feb
2020-02-12,10,1,2020,2,1,,2020-02-16,2020-08-02,False,2019-02-04,February,Feb
2020-02-13,11,1,2020,2,1,,2020-02-16,2020-08-02,False,2019-02-04,February,Feb
2020-02-14,12,1,2020,2,1,,2020-02-16,2020-08-02,False,2019-02-04,February,Feb
2020-02-15,13,1,2020,2,1,,2020-02-16,2020-08-02,True,2019-02-04,February,Feb
2020-02-16,14,1,2020,2,1,,2020-02-16,2020-08-02,False,2019-02-04,February,Feb
2020-02-17,15,1,2020,3,1,,2020-02-23,2020-08-02,False,2019-02-04,February,Feb
2020-02-18,16,1,2020,3,1,,2020-02-23,2020-08-02,False,2019-02-04,February,Feb
2020-02-19,17,1,2020,3,1,,2020-02-23,2020-08-02,False,2019-02-04,February,Feb
2020-02-20,18,1,2020,3,1,,2020-02-23,2020-08-02,False,2019-02-04,February,Feb
2020-02-21,19,1,2020,3,1,,2020-02-23,2020-08-02,False,2019-02-04,February,Feb
2020-02-22,20,1,2020,3,1,,2020-02-23,2020-08-02,True,2019-02-04,February,Feb
2020-02-23,21,1,2020,3,1,,2020-02-23,2020-08-02,False,2019-02-04,February,Feb
2020-02-24,22,1,2020,4,1,2020-03-01,2020-03-01,2020-08-02,False,2019-02-04,February,Feb
2020-02-25,23,1,2020,4,1,2020-03-01,2020-03-01,2020-08-02,False,2019-02-04,February,Feb
2020-02-26,24,1,2020,4,1,2020-03-01,2020-03-01,2020-08-02,False,2019-02-04,February,Feb
2020-02-27,25,1,2020,4,1,2020-03-01,2020-03-01,2020-08-02,False,2019-02-04,February,Feb
2020-02-28,26,1,2020,4,1,2020-03-01,2020-03-01,2020-08-02,False,2019-02-04,February,Feb
2020-02-29,27,1,2020,4,1,2020-03-01,2020-03-01,2020-08-02,True,2019-02-04,February,Feb
2020-03-01,28,1,2020,4,1,2020-03-01,2020-03-01,2020-08-02,False,2019-02-04,March,Mar
2020-03-02,29,2,2020,5,1,,2020-03-08,2020-08-02,False,2019-02-04,March,Mar
2020-03-03,30,2,2020,5,1,,2020-03-08,2020-08-02,False,2019-02-04,March,Mar
2020-03-04,31,2,2020,5,1,,2020-03-08,2020-08-02,False,2019-02-04,March,Mar
2020-03-05,32,2,2020,5,1,,2020-03-08,2020-08-02,False,2019-02-04,March,Mar
2020-03-06,33,2,2020,5,1,,2020-03-08,2020-08-02,False,2019-02-04,March,Mar
2020-03-07,34,2,2020,5,1,,2020-03-08,2020-08-02,True,2019-02-04,March,Mar
2020-03-08,35,2,2020,5,1,,2020-03-08,2020-08-02,False,2019-02-04,March,Mar
2020-03-09,36,2,2020,6,1,,2020-03-15,2020-08-02,False,2019-02-04,March,Mar
2020-03-10,37,2,2020,6,1,,2020-03-15,2020-08-02,False,2019-02-04,March,Mar
2020-03-11,38,2,2020,6,1,,2020-03-15,2020-08-02,False,2019-02-04,March,Mar
2020-03-12,39,2,2020,6,1,,2020-03-15,2020-08-02,False,2019-02-04,March,Mar
2020-03-13,40,2,2020,6,1,,2020-03-15,2020-08-02,False,2019-02-04,March,Mar
2020-03-14,41,2,2020,6,1,,2020-03-15,2020-08-02,True,2019-02-04,March,Mar
2020-03-15,42,2,2020,6,1,,2020-03-15,2020-08-02,False,2019-02-04,March,Mar
2020-03-16,43,2,2020,7,1,,2020-03-22,2020-08-02,False,2019-02-04,March,Mar
2020-03-17,44,2,2020,7,1,,2020-03-22,2020-08-02,False,2019-02-04,March,Mar
2020-03-18,45,2,2020,7,1,,2020-03-22,2020-08-02,False,2019-02-04,March,Mar
2020-03-19,46,2,2020,7,1,,2020-03-22,2020-08-02,False,2019-02-04,March,Mar
2020-03-20,47,2,2020,7,1,,2020-03-22,2020-08-02,False,2019-02-04,March,Mar
2020-03-21,48,2,2020,7,1,,2020-03-22,2020-08-02,True,2019-02-04,March,Mar
2020-03-22,49,2,2020,7,1,,2020-03-22,2020-08-02,False,2019-02-04,March,Mar
2020-03-23,50,2,2020,8,1,2020-03-29,2020-03-29,2020-08-02,False,2019-02-04,March,Mar
2020-03-24,51,2,2020,8,1,2020-03-29,2020-03-29,2020-08-02,False,2019-02-04,March,Mar
2020-03-25,52,2,2020,8,1,2020-03-29,2020-03-29,2020-08-02,False,2019-02-04,March,Mar
2020-03-26,53,2,2020,8,1,2020-03-29,2020-03-29,2020-08-02,False,2019-02-04,March,Mar
2020-03-27,54,2,2020,8,1,2020-03-29,2020-03-29,2020-08-02,False,2019-02-04,March,Mar
2020-03-28,55,2,2020,8,1,2020-03-29,2020-03-29,2020-08-02,True,2019-02-04,March,Mar
2020-03-29,56,2,2020,8,1,2020-03-29,2020-03-29,2020-08-02,False,2019-02-04,March,Mar
2020-03-30,57,3,2020,9,1,,2020-04-05,2020-08-02,False,2019-02-04,March,Mar
2020-03-31,58,3,2020,9,1,,2020-04-05,2020-08-02,False,2019-02-04,March,Mar
2020-04-01,59,3,2020,9,1,,2020-04-05,2020-08-02,False,2019-02-04,April,Apr
2020-04-02,60,3,2020,9,1,,2020-04-05,2020-08-02,False,2019-02-04,April,Apr
2020-04-03,61,3,2020,9,1,,2020-04-05,2020-08-02,False,2019-02-04,April,Apr
2020-04-04,62,3,2020,9,1,,2020-04-05,2020-08-02,True,2019-02-04,April,Apr
2020-04-05,63,3,2020,9,1,,2020-04-05,2020-08-02,False,2019-02-04,April,Apr
2020-04-06,64,3,2020,10,1,,2020-04-12,2020-08-02,False,2019-02-04,April,Apr
2020-04-07,65,3,2020,10,1,,2020-04-12,2020-08-02,False,2019-02-04,April,Apr
2020-04-08,66,3,2020,10,1,,2020-04-12,2020-08-02,False,2019-02-04,April,Apr
2020-04-09,67,3,2020,10,1,,2020-04-12,2020-08-02,False,2019-02-04,April,Apr
2020-04-10,68,3,2020,10,1,,2020-04-12,2020-08-02,False,2019-02-04,April,Apr
2020-04-11,69,3,2020,10,1,,2020-04-12,2020-08-02,True,2019-02-04,April,Apr
2020-04-12,70,3,2020,10,1,,2020-04-12,2020-08-02,False,2019-02-04,April,Apr
2020-04-13,71,3,2020,11,1,,2020-04-19,2020-08-02,False,2019-02-04,April,Apr
2020-04-14,72,3,2020,11,1,,2020-04-19,2020-08-02,False,2019-02-04,April,Apr
2020-04-15,73,3,2020,11,1,,2020-04-19,2020-08-02,False,2019-02-04,April,Apr
2020-04-16,74,3,2020,11,1,,2020-04-19,2020-08-02,False,2019-02-04,April,Apr
2020-04-17,75,3,2020,11,1,,2020-04-19,2020-08-02,False,2019-02-04,April,Apr
2020-04-18,76,3,2020,11,1,,2020-04-19,2020-08-02,True,2019-02-04,April,Apr
2020-04-19,77,3,2020,11,1,,2020-04-19,2020-08-02,False,2019-02-04,April,Apr
2020-04-20,78,3,2020,12,1,,2020-04-26,2020-08-02,False,2019-02-04,April,Apr
2020-04-21,79,3,2020,12,1,,2020-04-26,2020-08-02,False,2019-02-04,April,Apr
2020-04-22,80,3,2020,12,1,,2020-04-26,2020-08-02,False,2019-02-04,April,Apr
2020-04-23,81,3,2020,12,1,,2020-04-26,2020-08-02,False,2019-02-04,April,Apr
2020-04-24,82,3,2020,12,1,,2020-04-26,2020-08-02,False,2019-02-04,April,Apr
2020-04-25,83,3,2020,12,1,,2020-04-26,2020-08-02,True,2019-02-04,April,Apr
2020-04-26,84,3,2020,12,1,,2020-04-26,2020-08-02,False,2019-02-04,April,Apr
2020-04-27,85,3,2020,13,1,2020-05-03,2020-05-03,2020-08-02,False,2019-02-04,April,Apr
2020-04-28,86,3,2020,13,1,2020-05-03,2020-05-03,2020-08-02,False,2019-02-04,April,Apr
2020-04-29,87,3,2020,13,1,2020-05-03,2020-05-03,2020-08-02,False,2019-02-04,April,Apr
2020-04-30,88,3,2020,13,1,2020-05-03,2020-05-03,2020-08-02,False,2019-02-04,April,Apr
2020-05-01,89,3,2020,13,1,2020-05-03,2020-05-03,2020-08-02,False,2019-02-04,May,May
2020-05-02,90,3,2020,13,1,2020-05-03,2020-05-03,2020-08-02,True,2019-02-04,May,May
2020-05-03,91,3,2020,13,1,2020-05-03,2020-05-03,2020-08-02,False,2019-02-04,May,May
2020-05-04,92,4,2020,14,1,,2020-05-10,2020-08-02,False,2019-02-04,May,May
2020-05-05,93,4,2020,14,1,,2020-05-10,2020-08-02,False,2019-02-04,May,May
2020-05-06,94,4,2020,14,1,,2020-05-10,2020-08-02,False,2019-02-04,May,May
2020-05-07,95,4,2020,14,1,,2020-05-10,2020-08-02,False,2019-02-04,May,May
2020-05-08,96,4,2020,14,1,,2020-05-10,2020-08-02,False,2019-02-04,May,May
2020-05-09,97,4,2020,14,1,,2020-05-10,2020-08-02,True,2019-02-04,May,May
2020-05-10,98,4,2020,14,1,,2020-05-10,2020-08-02,False,2019-02-04,May,May
2020-05-11,99,4,2020,15,1,,2020-05-17,2020-08-02,False,2019-02-04,May,May
2020-05-12,100,4,2020,15,1,,2020-05-17,2020-08-02,False,2019-02-04,May,May
2020-05-13,101,4,2020,15,1,,2020-05-17,2020-08-02,False,2019-02-04,May,May
2020-05-14,102,4,2020,15,1,,2020-05-17,2020-08-02,False,2019-02-04,May,May
2020-05-15,103,4,2020,15,1,,2020-05-17,2020-08-02,False,2019-02-04,May,May
2020-05-16,104,4,2020,15,1,,2020-05-17,2020-08-02,True,2019-02-04,May,May
2020-05-17,105,4,2020,15,1,,2020-05-17,2020-08-02,False,2019-02-04,May,May
2020-05-18,106,4,2020,16,1,,2020-05-24,2020-08-02,False,2019-02-04,May,May
2020-05-19,107,4,2020,16,1,,2020-05-24,2020-08-02,False,2019-02-04,May,May
2020-05-20,108,4,2020,16,1,,2020-05-24,2020-08-02,False,2019-02-04,May,May
2020-05-21,109,4,2020,16,1,,2020-05-24,2020-08-02,False,2019-02-04,May,May
2020-05-22,110,4,2020,16,1,,2020-05-24,2020-08-02,False,2019-02-04,May,May
2020-05-23,111,4,2020,16,1,,2020-05-24,2020-08-02,True,2019-02-04,May,May
2020-05-24,112,4,2020,16,1,,2020-05-24,2020-08-02,False,2019-02-04,May,May
2020-05-25,113,4,2020,17,1,2020-05-31,2020-05-31,2020-08-02,False,2019-02-04,May,May
2020-05-26,114,4,2020,17,1,2020-05-31,2020-05-31,2020-08-02,False,2019-02-04,May,May
2020-05-27,115,4,2020,17,1,2020-05-31,2020-05-31,2020-08-02,False,2019-02-04,May,May
2020-05-28,116,4,2020,17,1,2020-05-31,2020-05-31,2020-08-02,False,2019-02-04,May,May
2020-05-29,117,4,2020,17,1,2020-05-31,2020-05-31,2020-08-02,False,2019-02-04,May,May
2020-05-30,118,4,2020,17,1,2020-05-31,2020-05-31,2020-08-02,True,2019-02-04,May,May
2020-05-31,119,4,2020,17,1,2020-05-31,2020-05-31,2020-08-02,False,2019-02-04,May,May
2020-06-01,120,5,2020,18,1,,2020-06-07,2020-08-02,False,2019-02-04,June,Jun
2020-06-02,121,5,2020,18,1,,2020-06-07,2020-08-02,False,2019-02-04,June,Jun
2020-06-03,122,5,2020,18,1,,2020-06-07,2020-08-02,False,2019-02-04,June,Jun
2020-06-04,123,5,2020,18,1,,2020-06-07,2020-08-02,False,2019-02-04,June,Jun
2020-06-05,124,5,2020,18,1,,2020-06-07,2020-08-02,False,2019-02-04,June,Jun
2020-06-06,125,5,2020,18,1,,2020-06-07,2020-08-02,True,2019-02-04,June,Jun
2020-06-07,126,5,2020,18,1,,2020-06-07,2020-08-02,False,2019-02-04,June,Jun
2020-06-08,127,5,2020,19,1,,2020-06-14,2020-08-02,False,2019-02-04,June,Jun
2020-06-09,128,5,2020,19,1,,2020-06-14,2020-08-02,False,2019-02-04,June,Jun
2020-06-10,129,5,2020,19,1,,2020-06-14,2020-08-02,False,2019-02-04,June,Jun
2020-06-11,130,5,2020,19,1,,2020-06-14,2020-08-02,False,2019-02-04,June,Jun
2020-06-12,131,5,2020,19,1,,2020-06-14,2020-08-02,False,2019-02-04,June,Jun
2020-06-13,132,5,2020,19,1,,2020-06-14,2020-08-02,True,2019-02-04,June,Jun
2020-06-14,133,5,2020,19,1,,2020-06-14,2020-08-02,False,2019-02-04,June,Jun
2020-06-15,134,5,2020,20,1,,2020-06-21,2020-08-02,False,2019-02-04,June,Jun
2020-06-16,135,5,2020,20,1,,2020-06-21,2020-08-02,False,2019-02-04,June,Jun
2020-06-17,136,5,2020,20,1,,2020-06-21,2020-08-02,False,2019-02-04,June,Jun
2020-06-18,137,5,2020,20,1,,2020-06-21,2020-08-02,False,2019-02-04,June,Jun
2020-06-19,138,5,2020,20,1,,2020-06-21,2020-08-02,False,2019-02-04,June,Jun
2020-06-20,139,5,2020,20,1,,2020-06-21,2020-08-02,True,2019-02-04,June,Jun
2020-06-21,140,5,2020,20,1,,2020-06-21,2020-08-02,False,2019-02-04,June,Jun
2020-06-22,141,5,2020,21,1,2020-06-28,2020-06-28,2020-08-02,False,2019-02-04,June,Jun
2020-06-23,142,5,2020,21,1,2020-06-28,2020-06-28,2020-08-02,False,2019-02-04,June,Jun
2020-06-24,143,5,2020,21,1,2020-06-28,2020-06-28,2020-08-02,False,2019-02-04,June,Jun
2020-06-25,144,5,2020,21,1,2020-06-28,2020-06-28,2020-08-02,False,2019-02-04,June,Jun
2020-06-26,145,5,2020,21,1,2020-06-28,2020-06-28,2020-08-02,False,2019-02-04,June,Jun
2020-06-27,146,5,2020,21,1,2020-06-28,2020-06-28,2020-08-02,True,2019-02-04,June,Jun
2020-06-28,147,5,2020,21,1,2020-06-28,2020-06-28,2020-08-02,False,2019-02-04,June,Jun
2020-06-29,148,6,2020,22,1,,2020-07-05,2020-08-02,False,2019-02-04,June,Jun
2020-06-30,149,6,2020,22,1,,2020-07-05,2020-08-02,False,2019-02-04,June,Jun
2020-07-01,150,6,2020,22,1,,2020-07-05,2020-08-02,False,2019-02-04,July,Jul
2020-07-02,151,6,2020,22,1,,2020-07-05,2020-08-02,False,2019-02-04,July,Jul
2020-07-03,152,6,2020,22,1,,2020-07-05,2020-08-02,False,2019-02-04,July,Jul
2020-07-04,153,6,2020,22,1,,2020-07-05,2020-08-02,True,2019-02-04,July,Jul
2020-07-05,154,6,2020,22,1,,2020-07-05,2020-08-02,False,2019-02-04,July,Jul
2020-07-06,155,6,2020,23,1,,2020-07-12,2020-08-02,False,2019-02-04,July,Jul
2020-07-07,156,6,2020,23,1,,2020-07-12,2020-08-02,False,2019-02-04,July,Jul
2020-07-08,157,6,2020,23,1,,2020-07-12,2020-08-02,False,2019-02-04,July,Jul
2020-07-09,158,6,2020,23,1,,2020-07-12,2020-08-02,False,2019-02-04,July,Jul
2020-07-10,159,6,2020,23,1,,2020-07-12,2020-08-02,False,2019-02-04,July,Jul
2020-07-11,160,6,2020,23,1,,2020-07-12,2020-08-02,True,2019-02-04,July,Jul
2020-07-12,161,6,2020,23,1,,2020-07-12,2020-08-02,False,2019-02-04,July,Jul
2020-07-13,162,6,2020,24,1,,2020-07-19,2020-08-02,False,2019-02-04,July,Jul
2020-07-14,163,6,2020,24,1,,2020-07-19,2020-08-02,False,2019-02-04,July,Jul
2020-07-15,164,6,2020,24,1,,2020-07-19,2020-08-02,False,2019-02-04,July,Jul
2020-07-16,165,6,2020,24,1,,2020-07-19,2020-08-02,False,2019-02-04,July,Jul
2020-07-17,166,6,2020,24,1,,2020-07-19,2020-08-02,False,2019-02-04,July,Jul
2020-07-18,167,6,2020,24,1,,2020-07-19,2020-08-02,True,2019-02-04,July,Jul
2020-07-19,168,6,2020,24,1,,2020-07-19,2020-08-02,False,2019-02-04,July,Jul
2020-07-20,169,6,2020,25,1,,2020-07-26,2020-08-02,False,2019-02-04,July,Jul
2020-07-21,170,6,2020,25,1,,2020-07-26,2020-08-02,False,2019-02-04,July,Jul
2020-07-22,171,6,2020,25,1,,2020-07-26,2020-08-02,False,2019-02-04,July,Jul
2020-07-23,172,6,2020,25,1,,2020-07-26,2020-08-02,False,2019-02-04,July,Jul
2020-07-24,173,6,2020,25,1,,2020-07-26,2020-08-02,False,2019-02-04,July,Jul
2020-07-25,174,6,2020,25,1,,2020-07-26,2020-08-02,True,2019-02-04,July,Jul
2020-07-26,175,6,2020,25,1,,2020-07-26,2020-08-02,False,2019-02-04,July,Jul
2020-07-27,176,6,2020,26,1,2020-08-02,2020-08-02,2020-08-02,False,2019-02-04,July,Jul
2020-07-28,177,6,2020,26,1,2020-08-02,2020-08-02,2020-08-02,False,2019-02-04,July,Jul
2020-07-29,178,6,2020,26,1,2020-08-02,2020-08-02,2020-08-02,False,2019-02-04,July,Jul
2020-07-30,179,6,2020,26,1,2020-08-02,2020-08-02,2020-08-02,False,2019-02-04,July,Jul
2020-07-31,180,6,2020,26,1,2020-08-02,2020-08-02,2020-08-02,False,2019-02-04,July,Jul
2020-08-01,181,6,2020,26,1,2020-08-02,2020-08-02,2020-08-02,True,2019-02-04,August,Aug
2020-08-02,182,6,2020,26,1,2020-08-02,2020-08-02,2020-08-02,False,2019-02-04,August,Aug
2020-08-03,183,7,2020,27,2,,2020-08-09,2021-01-31,False,2019-02-04,August,Aug
2020-08-04,184,7,2020,27,2,,2020-08-09,2021-01-31,False,2019-02-04,August,Aug
2020-08-05,185,7,2020,27,2,,2020-08-09,2021-01-31,False,2019-02-04,August,Aug
2020-08-06,186,7,2020,27,2,,2020-08-09,2021-01-31,False,2019-02-04,August,Aug
2020-08-07,187,7,2020,27,2,,2020-08-09,2021-01-31,False,2019-02-04,August,Aug
2020-08-08,188,7,2020,27,2,,2020-08-09,2021-01-31,True,2019-02-04,August,Aug
2020-08-09,189,7,2020,27,2,,2020-08-09,2021-01-31,False,2019-02-04,August,Aug
2020-08-10,190,7,2020,28,2,,2020-08-16,2021-01-31,False,2019-02-04,August,Aug
2020-08-11,191,7,2020,28,2,,2020-08-16,2021-01-31,False,2019-02-04,August,Aug
2020-08-12,192,7,2020,28,2,,2020-08-16,2021-01-31,False,2019-02-04,August,Aug
2020-08-13,193,7,2020,28,2,,2020-08-16,2021-01-31,False,2019-02-04,August,Aug
2020-08-14,194,7,2020,28,2,,2020-08-16,2021-01-31,False,2019-02-04,August,Aug
2020-08-15,195,7,2020,28,2,,2020-08-16,2021-01-31,True,2019-02-04,August,Aug
2020-08-16,196,7,2020,28,2,,2020-08-16,2021-01-31,False,2019-02-04,August,Aug
2020-08-17,197,7,2020,29,2,,2020-08-23,2021-01-31,False,2019-02-04,August,Aug
2020-08-18,198,7,2020,29,2,,2020-08-23,2021-01-31,False,2019-02-04,August,Aug
2020-08-19,199,7,2020,29,2,,2020-08-23,2021-01-31,False,2019-02-04,August,Aug
2020-08-20,200,7,2020,29,2,,2020-08-23,2021-01-31,False,2019-02-04,August,Aug
2020-08-21,201,7,2020,29,2,,2020-08-23,2021-01-31,False,2019-02-04,August,Aug
2020-08-22,202,7,2020,29,2,,2020-08-23,2021-01-31,True,2019-02-04,August,Aug
2020-08-23,203,7,2020,29,2,,2020-08-23,2021-01-31,False,2019-02-04,August,Aug
2020-08-24,204,7,2020,30,2,2020-08-30,2020-08-30,2021-01-31,False,2019-02-04,August,Aug
2020-08-25,205,7,2020,30,2,2020-08-30,2020-08-30,2021-01-31,False,2019-02-04,August,Aug
2020-08-26,206,7,2020,30,2,2020-08-30,2020-08-30,2021-01-31,False,2019-02-04,August,Aug
2020-08-27,207,7,2020,30,2,2020-08-30,2020-08-30,2021-01-31,False,2019-02-04,August,Aug
2020-08-28,208,7,2020,30,2,2020-08-30,2020-08-30,2021-01-31,False,2019-02-04,August,Aug
2020-08-29,209,7,2020,30,2,2020-08-30,2020-08-30,2021-01-31,True,2019-02-04,August,Aug
2020-08-30,210,7,2020,30,2,2020-08-30,2020-08-30,2021-01-31,False,2019-02-04,August,Aug
2020-08-31,211,8,2020,31,2,,2020-09-06,2021-01-31,False,2019-02-04,August,Aug
2020-09-01,212,8,2020,31,2,,2020-09-06,2021-01-31,False,2019-02-04,September,Sep
2020-09-02,213,8,2020,31,2,,2020-09-06,2021-01-31,False,2019-02-04,September,Sep
2020-09-03,214,8,2020,31,2,,2020-09-06,2021-01-31,False,2019-02-04,September,Sep
2020-09-04,215,8,2020,31,2,,2020-09-06,2021-01-31,False,2019-02-04,September,Sep
2020-09-05,216,8,2020,31,2,,2020-09-06,2021-01-31,True,2019-02-04,September,Sep
2020-09-06,217,8,2020,31,2,,2020-09-06,2021-01-31,False,2019-02-04,September,Sep
2020-09-07,218,8,2020,32,2,,2020-09-13,2021-01-31,False,2019-02-04,September,Sep
2020-09-08,219,8,2020,32,2,,2020-09-13,2021-01-31,False,2019-02-04,September,Sep
2020-09-09,220,8,2020,32,2,,2020-09-13,2021-01-31,False,2019-02-04,September,Sep
2020-09-10,221,8,2020,32,2,,2020-09-13,2021-01-31,False,2019-02-04,September,Sep
2020-09-11,222,8,2020,32,2,,2020-09-13,2021-01-31,False,2019-02-04,September,Sep
2020-09-12,223,8,2020,32,2,,2020-09-13,2021-01-31,True,2019-02-04,September,Sep
2020-09-13,224,8,2020,32,2,,2020-09-13,2021-01-31,False,2019-02-04,September,Sep
2020-09-14,225,8,2020,33,2,,2020-09-20,2021-01-31,False,2019-02-04,September,Sep
2020-09-15,226,8,2020,33,2,,2020-09-20,2021-01-31,False,2019-02-04,September,Sep
2020-09-16,227,8,2020,33,2,,2020-09-20,2021-01-31,False,2019-02-04,September,Sep
2020-09-17,228,8,2020,33,2,,2020-09-20,2021-01-31,False,2019-02-04,September,Sep
2020-09-18,229,8,2020,33,2,,2020-09-20,2021-01-31,False,2019-02-04,September,Sep
2020-09-19,230,8,2020,33,2,,2020-09-20,2021-01-31,True,2019-02-04,September,Sep
2020-09-20,231,8,2020,33,2,,2020-09-20,2021-01-31,False,2019-02-04,September,Sep
2020-09-21,232,8,2020,34,2,2020-09-27,2020-09-27,2021-01-31,False,2019-02-04,September,Sep
2020-09-22,233,8,2020,34,2,2020-09-27,2020-09-27,2021-01-31,False,2019-02-04,September,Sep
2020-09-23,234,8,2020,34,2,2020-09-27,2020-09-27,2021-01-31,False,2019-02-04,September,Sep
2020-09-24,235,8,2020,34,2,2020-09-27,2020-09-27,2021-01-31,False,2019-02-04,September,Sep
2020-09-25,236,8,2020,34,2,2020-09-27,2020-09-27,2021-01-31,False,2019-02-04,September,Sep
2020-09-26,237,8,2020,34,2,2020-09-27,2020-09-27,2021-01-31,True,2019-02-04,September,Sep
2020-09-27,238,8,2020,34,2,2020-09-27,2020-09-27,2021-01-31,False,2019-02-04,September,Sep
2020-09-28,239,9,2020,35,2,,2020-10-04,2021-01-31,False,2019-02-04,September,Sep
2020-09-29,240,9,2020,35,2,,2020-10-04,2021-01-31,False,2019-02-04,September,Sep
2020-09-30,241,9,2020,35,2,,2020-10-04,2021-01-31,False,2019-02-04,September,Sep
2020-10-01,242,9,2020,35,2,,2020-10-04,2021-01-31,False,2019-02-04,October,Oct
2020-10-02,243,9,2020,35,2,,2020-10-04,2021-01-31,False,2019-02-04,October,Oct
2020-10-03,244,9,2020,35,2,,2020-10-04,2021-01-31,True,2019-02-04,October,Oct
2020-10-04,245,9,2020,35,2,,2020-10-04,2021-01-31,False,2019-02-04,October,Oct
2020-10-05,246,9,2020,36,2,,2020-10-11,2021-01-31,False,2019-02-04,October,Oct
2020-10-06,247,9,2020,36,2,,2020-10-11,2021-01-31,False,2019-02-04,October,Oct
2020-10-07,248,9,2020,36,2,,2020-10-11,2021-01-31,False,2019-02-04,October,Oct
2020-10-08,249,9,2020,36,2,,2020-10-11,2021-01-31,False,2019-02-04,October,Oct
2020-10-09,250,9,2020,36,2,,2020-10-11,2021-01-31,False,2019-02-04,October,Oct
2020-10-10,251,9,2020,36,2,,2020-10-11,2021-01-31,True,2019-02-04,October,Oct
2020-10-11,252,9,2020,36,2,,2020-10-11,2021-01-31,False,2019-02-04,October,Oct
2020-10-12,253,9,2020,37,2,,2020-10-18,2021-01-31,False,2019-02-04,October,Oct
2020-10-13,254,9,2020,37,2,,2020-10-18,2021-01-31,False,2019-02-04,October,Oct
2020-10-14,255,9,2020,37,2,,2020-10-18,2021-01-31,False,2019-02-04,October,Oct
2020-10-15,256,9,2020,37,2,,2020-10-18,2021-01-31,False,2019-02-04,October,Oct
2020-10-16,257,9,2020,37,2,,2020-10-18,2021-01-31,False,2019-02-04,October,Oct
2020-10-17,258,9,2020,37,2,,2020-10-18,2021-01-31,True,2019-02-04,October,Oct
2020-10-18,259,9,2020,37,2,,2020-10-18,2021-01-31,False,2019-02-04,October,Oct
2020-10-19,260,9,2020,38,2,,2020-10-25,2021-01-31,False,2019-02-04,October,Oct
2020-10-20,261,9,2020,38,2,,2020-10-25,2021-01-31,False,2019-02-04,October,Oct
2020-10-21,262,9,2020,38,2,,2020-10-25,2021-01-31,False,2019-02-04,October,Oct
2020-10-22,263,9,2020,38,2,,2020-10-25,2021-01-31,False,2019-02-04,October,Oct
2020-10-23,264,9,2020,38,2,,2020-10-25,2021-01-31,False,2019-02-04,October,Oct
2020-10-24,265,9,2020,38,2,,2020-10-25,2021-01-31,True,2019-02-04,October,Oct
2020-10-25,266,9,2020,38,2,,2020-10-25,2021-01-31,False,2019-02-04,October,Oct
2020-10-26,267,9,2020,39,2,2020-11-01,2020-11-01,2021-01-31,False,2019-02-04,October,Oct
2020-10-27,268,9,2020,39,2,2020-11-01,2020-11-01,2021-01-31,False,2019-02-04,October,Oct
2020-10-28,269,9,2020,39,2,2020-11-01,2020-11-01,2021-01-31,False,2019-02-04,October,Oct
2020-10-29,270,9,2020,39,2,2020-11-01,2020-11-01,2021-01-31,False,2019-02-04,October,Oct
2020-10-30,271,9,2020,39,2,2020-11-01,2020-11-01,2021-01-31,False,2019-02-04,October,Oct
2020-10-31,272,9,2020,39,2,2020-11-01,2020-11-01,2021-01-31,True,2019-02-04,October,Oct
2020-11-01,273,9,2020,39,2,2020-11-01,2020-11-01,2021-01-31,False,2019-02-04,November,Nov
2020-11-02,274,10,2020,40,2,,2020-11-08,2021-01-31,False,2019-02-04,November,Nov
2020-11-03,275,10,2020,40,2,,2020-11-08,2021-01-31,False,2019-02-04,November,Nov
2020-11-04,276,10,2020,40,2,,2020-11-08,2021-01-31,False,2019-02-04,November,Nov
2020-11-05,277,10,2020,40,2,,2020-11-08,2021-01-31,False,2019-02-04,November,Nov
2020-11-06,278,10,2020,40,2,,2020-11-08,2021-01-31,False,2019-02-04,November,Nov
2020-11-07,279,10,2020,40,2,,2020-11-08,2021-01-31,True,2019-02-04,November,Nov
2020-11-08,280,10,2020,40,2,,2020-11-08,2021-01-31,False,2019-02-04,November,Nov
2020-11-09,281,10,2020,41,2,,2020-11-15,2021-01-31,False,2019-02-04,November,Nov
2020-11-10,282,10,2020,41,2,,2020-11-15,2021-01-31,False,2019-02-04,November,Nov
2020-11-11,283,10,2020,41,2,,2020-11-15,2021-01-31,False,2019-02-04,November,Nov
2020-11-12,284,10,2020,41,2,,2020-11-15,2021-01-31,False,2019-02-04,November,Nov
2020-11-13,285,10,2020,41,2,,2020-11-15,2021-01-31,False,2019-02-04,November,Nov
2020-11-14,286,10,2020,41,2,,2020-11-15,2021-01-31,True,2019-02-04,November,Nov
2020-11-15,287,10,2020,41,2,,2020-11-15,2021-01-31,False,2019-02-04,November,Nov
2020-11-16,288,10,2020,42,2,,2020-11-22,2021-01-31,False,2019-02-04,November,Nov
2020-11-17,289,10,2020,42,2,,2020-11-22,2021-01-31,False,2019-02-04,November,Nov
2020-11-18,290,10,2020,42,2,,2020-11-22,2021-01-31,False,2019-02-04,November,Nov
2020-11-19,291,10,2020,42,2,,2020-11-22,2021-01-31,False,2019-02-04,November,Nov
2020-11-20,292,10,2020,42,2,,2020-11-22,2021-01-31,False,2019-02-04,November,Nov
2020-11-21,293,10,2020,42,2,,2020-11-22,2021-01-31,True,2019-02-04,November,Nov
2020-11-22,294,10,2020,42,2,,2020-11-22,2021-01-31,False,2019-02-04,November,Nov
2020-11-23,295,10,2020,43,2,2020-11-29,2020-11-29,2021-01-31,False,2019-02-04,November,Nov
2020-11-24,296,10,2020,43,2,2020-11-29,2020-11-29,2021-01-31,False,2019-02-04,November,Nov
2020-11-25,297,10,2020,43,2,2020-11-29,2020-11-29,2021-01-31,False,2019-02-04,November,Nov
2020-11-26,298,10,2020,43,2,2020-11-29,2020-11-29,2021-01-31,False,2019-02-04,November,Nov
2020-11-27,299,10,2020,43,2,2020-11-29,2020-11-29,2021-01-31,False,2019-02-04,November,Nov
2020-11-28,300,10,2020,43,2,2020-11-29,2020-11-29,2021-01-31,True,2019-02-04,November,Nov
2020-11-29,301,10,2020,43,2,2020-11-29,2020-11-29,2021-01-31,False,2019-02-04,November,Nov
2020-11-30,302,11,2020,44,2,,2020-12-06,2021-01-31,False,2019-02-04,November,Nov
2020-12-01,303,11,2020,44,2,,2020-12-06,2021-01-31,False,2019-02-04,December,Dec
2020-12-02,304,11,2020,44,2,,2020-12-06,2021-01-31,False,2019-02-04,December,Dec
2020-12-03,305,11,2020,44,2,,2020-12-06,2021-01-31,False,2019-02-04,December,Dec
2020-12-04,306,11,2020,44,2,,2020-12-06,2021-01-31,False,2019-02-04,December,Dec
2020-12-05,307,11,2020,44,2,,2020-12-06,2021-01-31,True,2019-02-04,December,Dec
2020-12-06,308,11,2020,44,2,,2020-12-06,2021-01-31,False,2019-02-04,December,Dec
2020-12-07,309,11,2020,45,2,,2020-12-13,2021-01-31,False,2019-02-04,December,Dec
2020-12-08,310,11,2020,45,2,,2020-12-13,2021-01-31,False,2019-02-04,December,Dec
2020-12-09,311,11,2020,45,2,,2020-12-13,2021-01-31,False,2019-02-04,December,Dec
2020-12-10,312,11,2020,45,2,,2020-12-13,2021-01-31,False,2019-02-04,December,Dec
2020-12-11,313,11,2020,45,2,,2020-12-13,2021-01-31,False,2019-02-04,December,Dec
2020-12-12,314,11,2020,45,2,,2020-12-13,2021-01-31,True,2019-02-04,December,Dec
2020-12-13,315,11,2020,45,2,,2020-12-13,2021-01-31,False,2019-02-04,December,Dec
2020-12-14,316,11,2020,46,2,,2020-12-20,2021-01-31,False,2019-02-04,December,Dec
2020-12-15,317,11,2020,46,2,,2020-12-20,2021-01-31,False,2019-02-04,December,Dec
2020-12-16,318,11,2020,46,2,,2020-12-20,2021-01-31,False,2019-02-04,December,Dec
2020-12-17,319,11,2020,46,2,,2020-12-20,2021-01-31,False,2019-02-04,December,Dec
2020-12-18,320,11,2020,46,2,,2020-12-20,2021-01-31,False,2019-02-04,December,Dec
2020-12-19,321,11,2020,46,2,,2020-12-20,2021-01-31,True,2019-02-04,December,Dec
2020-12-20,322,11,2020,46,2,,2020-12-20,2021-01-31,False,2019-02-04,December,Dec
2020-12-21,323,11,2020,47,2,2020-12-27,2020-12-27,2021-01-31,False,2019-02-04,December,Dec
2020-12-22,324,11,2020,47,2,2020-12-27,2020-12-27,2021-01-31,False,2019-02-04,December,Dec
2020-12-23,325,11,2020,47,2,2020-12-27,2020-12-27,2021-01-31,False,2019-02-04,December,Dec
2020-12-24,326,11,2020,47,2,2020-12-27,2020-12-27,2021-01-31,False,2019-02-04,December,Dec
2020-12-25,327,11,2020,47,2,2020-12-27,2020-12-27,2021-01-31,False,2019-02-04,December,Dec
2020-12-26,328,11,2020,47,2,2020-12-27,2020-12-27,2021-01-31,True,2019-02-04,December,Dec
2020-12-27,329,11,2020,47,2,2020-12-27,2020-12-27,2021-01-31,False,2019-02-04,December,Dec
2020-12-28,330,12,2020,48,2,,2021-01-03,2021-01-31,False,2019-02-04,December,Dec
2020-12-29,331,12,2020,48,2,,2021-01-03,2021-01-31,False,2019-02-04,December,Dec
2020-12-30,332,12,2020,48,2,,2021-01-03,2021-01-31,False,2019-02-04,December,Dec
2020-12-31,333,12,2020,48,2,,2021-01-03,2021-01-31,False,2019-02-04,December,Dec
2021-01-01,334,12,2020,48,2,,2021-01-03,2021-01-31,False,2019-02-04,January,Jan
2021-01-02,335,12,2020,48,2,,2021-01-03,2021-01-31,True,2019-02-04,January,Jan
2021-01-03,336,12,2020,48,2,,2021-01-03,2021-01-31,False,2019-02-04,January,Jan
2021-01-04,337,12,2020,49,2,,2021-01-10,2021-01-31,False,2019-02-04,January,Jan
2021-01-05,338,12,2020,49,2,,2021-01-10,2021-01-31,False,2019-02-04,January,Jan
2021-01-06,339,12,2020,49,2,,2021-01-10,2021-01-31,False,2019-02-04,January,Jan
2021-01-07,340,12,2020,49,2,,2021-01-10,2021-01-31,False,2019-02-04,January,Jan
2021-01-08,341,12,2020,49,2,,2021-01-10,2021-01-31,False,2019-02-04,January,Jan
2021-01-09,342,12,2020,49,2,,2021-01-10,2021-01-31,True,2019-02-04,January,Jan
2021-01-10,343,12,2020,49,2,,2021-01-10,2021-01-31,False,2019-02-04,January,Jan
2021-01-11,344,12,2020,50,2,,2021-01-17,2021-01-31,False,2019-02-04,January,Jan
2021-01-12,345,12,2020,50,2,,2021-01-17,2021-01-31,False,2019-02-04,January,Jan
2021-01-13,346,12,2020,50,2,,2021-01-17,2021-01-31,False,2019-02-04,January,Jan
2021-01-14,347,12,2020,50,2,,2021-01-17,2021-01-31,False,2019-02-04,January,Jan
2021-01-15,348,12,2020,50,2,,2021-01-17,2021-01-31,False,2019-02-04,January,Jan
2021-01-16,349,12,2020,50,2,,2021-01-17,2021-01-31,True,2019-02-04,January,Jan
2021-01-17,350,12,2020,50,2,,2021-01-17,2021-01-31,False,2019-02-04,January,Jan
2021-01-18,351,12,2020,51,2,,2021-01-24,2021-01-31,False,2019-02-04,January,Jan
2021-01-19,352,12,2020,51,2,,2021-01-24,2021-01-31,False,2019-02-04,January,Jan
2021-01-20,353,12,2020,51,2,,2021-01-24,2021-01-31,False,2019-02-04,January,Jan
2021-01-21,354,12,2020,51,2,,2021-01-24,2021-01-31,False,2019-02-04,January,Jan
2021-01-22,355,12,2020,51,2,,2021-01-24,2021-01-31,False,2019-02-04,January,Jan
2021-01-23,356,12,2020,51,2,,2021-01-24,2021-01-31,True,2019-02-04,January,Jan
2021-01-24,357,12,2020,51,2,,2021-01-24,2021-01-31,False,2019-02-04,January,Jan
2021-01-25,358,12,2020,52,2,2021-01-31,2021-01-31,2021-01-31,False,2019-02-04,January,Jan
2021-01-26,359,12,2020,52,2,2021-01-31,2021-01-31,2021-01-31,False,2019-02-04,January,Jan
2021-01-27,360,12,2020,52,2,2021-01-31,2021-01-31,2021-01-31,False,2019-02-04,January,Jan
2021-01-28,361,12,2020,52,2,2021-01-31,2021-01-31,2021-01-31,False,2019-02-04,January,Jan
2021-01-29,362,12,2020,52,2,2021-01-31,2021-01-31,2021-01-31,False,2019-02-04,January,Jan
2021-01-30,363,12,2020,52,2,2021-01-31,2021-01-31,2021-01-31,True,2019-02-04,January,Jan
2021-01-31,364,12,2020,52,2,2021-01-31,2021-01-31,2021-01-31,False,2019-02-04,January,Jan
2021-02-01,1,1,2021,1,1,,2021-02-07,2021-08-01,False,2020-02-03,February,Feb
2021-02-02,2,1,2021,1,1,,2021-02-07,2021-08-01,False,2020-02-03,February,Feb
2021-02-03,3,1,2021,1,1,,2021-02-07,2021-08-01,False,2020-02-03,February,Feb
2021-02-04,4,1,2021,1,1,,2021-02-07,2021-08-01,False,2020-02-03,February,Feb
2021-02-05,5,1,2021,1,1,,2021-02-07,2021-08-01,False,2020-02-03,February,Feb
2021-02-06,6,1,2021,1,1,,2021-02-07,2021-08-01,True,2020-02-03,February,Feb
2021-02-07,7,1,2021,1,1,,2021-02-07,2021-08-01,False,2020-02-03,February,Feb
2021-02-08,8,1,2021,2,1,,2021-02-14,2021-08-01,False,2020-02-03,February,Feb
2021-02-09,9,1,2021,2,1,,2021-02-14,2021-08-01,False,2020-02-03,February,Feb
2021-02-10,10,1,2021,2,1,,2021-02-14,2021-08-01,False,2020-02-03,February,Feb
2021-02-11,11,1,2021,2,1,,2021-02-14,2021-08-01,False,2020-02-03,February,Feb
2021-02-12,12,1,2021,2,1,,2021-02-14,2021-08-01,False,2020-02-03,February,Feb
2021-02-13,13,1,2021,2,1,,2021-02-14,2021-08-01,True,2020-02-03,February,Feb
2021-02-14,14,1,2021,2,1,,2021-02-14,2021-08-01,False,2020-02-03,February,Feb
2021-02-15,15,1,2021,3,1,,2021-02-21,2021-08-01,False,2020-02-03,February,Feb
2021-02-16,16,1,2021,3,1,,2021-02-21,2021-08-01,False,2020-02-03,February,Feb
2021-02-17,17,1,2021,3,1,,2021-02-21,2021-08-01,False,2020-02-03,February,Feb
2021-02-18,18,1,2021,3,1,,2021-02-21,2021-08-01,False,2020-02-03,February,Feb
2021-02-19,19,1,2021,3,1,,2021-02-21,2021-08-01,False,2020-02-03,February,Feb
2021-02-20,20,1,2021,3,1,,2021-02-21,2021-08-01,True,2020-02-03,February,Feb
2021-02-21,21,1,2021,3,1,,2021-02-21,2021-08-01,False,2020-02-03,February,Feb
2021-02-22,22,1,2021,4,1,2021-02-28,2021-02-28,2021-08-01,False,2020-02-03,February,Feb
2021-02-23,23,1,2021,4,1,2021-02-28,2021-02-28,2021-08-01,False,2020-02-03,February,Feb
2021-02-24,24,1,2021,4,1,2021-02-28,2021-02-28,2021-08-01,False,2020-02-03,February,Feb
2021-02-25,25,1,2021,4,1,2021-02-28,2021-02-28,2021-08-01,False,2020-02-03,February,Feb
2021-02-26,26,1,2021,4,1,2021-02-28,2021-02-28,2021-08-01,False,2020-02-03,February,Feb
2021-02-27,27,1,2021,4,1,2021-02-28,2021-02-28,2021-08-01,True,2020-02-03,February,Feb
2021-02-28,28,1,2021,4,1,2021-02-28,2021-02-28,2021-08-01,False,2020-02-03,February,Feb
2021-03-01,29,2,2021,5,1,,2021-03-07,2021-08-01,False,2020-02-03,March,Mar
2021-03-02,30,2,2021,5,1,,2021-03-07,2021-08-01,False,2020-02-03,March,Mar
2021-03-03,31,2,2021,5,1,,2021-03-07,2021-08-01,False,2020-02-03,March,Mar
2021-03-04,32,2,2021,5,1,,2021-03-07,2021-08-01,False,2020-02-03,March,Mar
2021-03-05,33,2,2021,5,1,,2021-03-07,2021-08-01,False,2020-02-03,March,Mar
2021-03-06,34,2,2021,5,1,,2021-03-07,2021-08-01,True,2020-02-03,March,Mar
2021-03-07,35,2,2021,5,1,,2021-03-07,2021-08-01,False,2020-02-03,March,Mar
2021-03-08,36,2,2021,6,1,,2021-03-14,2021-08-01,False,2020-02-03,March,Mar
2021-03-09,37,2,2021,6,1,,2021-03-14,2021-08-01,False,2020-02-03,March,Mar
2021-03-10,38,2,2021,6,1,,2021-03-14,2021-08-01,False,2020-02-03,March,Mar
2021-03-11,39,2,2021,6,1,,2021-03-14,2021-08-01,False,2020-02-03,March,Mar
2021-03-12,40,2,2021,6,1,,2021-03-14,2021-08-01,False,2020-02-03,March,Mar
2021-03-13,41,2,2021,6,1,,2021-03-14,2021-08-01,True,2020-02-03,March,Mar
2021-03-14,42,2,2021,6,1,,2021-03-14,2021-08-01,False,2020-02-03,March,Mar
2021-03-15,43,2,2021,7,1,,2021-03-21,2021-08-01,False,2020-02-03,March,Mar
2021-03-16,44,2,2021,7,1,,2021-03-21,2021-08-01,False,2020-02-03,March,Mar
2021-03-17,45,2,2021,7,1,,2021-03-21,2021-08-01,False,2020-02-03,March,Mar
2021-03-18,46,2,2021,7,1,,2021-03-21,2021-08-01,False,2020-02-03,March,Mar
2021-03-19,47,2,2021,7,1,,2021-03-21,2021-08-01,False,2020-02-03,March,Mar
2021-03-20,48,2,2021,7,1,,2021-03-21,2021-08-01,True,2020-02-03,March,Mar
2021-03-21,49,2,2021,7,1,,2021-03-21,2021-08-01,False,2020-02-03,March,Mar
2021-03-22,50,2,2021,8,1,2021-03-28,2021-03-28,2021-08-01,False,2020-02-03,March,Mar
2021-03-23,51,2,2021,8,1,2021-03-28,2021-03-28,2021-08-01,False,2020-02-03,March,Mar
2021-03-24,52,2,2021,8,1,2021-03-28,2021-03-28,2021-08-01,False,2020-02-03,March,Mar
2021-03-25,53,2,2021,8,1,2021-03-28,2021-03-28,2021-08-01,False,2020-02-03,March,Mar
2021-03-26,54,2,2021,8,1,2021-03-28,2021-03-28,2021-08-01,False,2020-02-03,March,Mar
2021-03-27,55,2,2021,8,1,2021-03-28,2021-03-28,2021-08-01,True,2020-02-03,March,Mar
2021-03-28,56,2,2021,8,1,2021-03-28,2021-03-28,2021-08-01,False,2020-02-03,March,Mar
2021-03-29,57,3,2021,9,1,,2021-04-04,2021-08-01,False,2020-02-03,March,Mar
2021-03-30,58,3,2021,9,1,,2021-04-04,2021-08-01,False,2020-02-03,March,Mar
2021-03-31,59,3,2021,9,1,,2021-04-04,2021-08-01,False,2020-02-03,March,Mar
2021-04-01,60,3,2021,9,1,,2021-04-04,2021-08-01,False,2020-02-03,April,Apr
2021-04-02,61,3,2021,9,1,,2021-04-04,2021-08-01,False,2020-02-03,April,Apr
2021-04-03,62,3,2021,9,1,,2021-04-04,2021-08-01,True,2020-02-03,April,Apr
2021-04-04,63,3,2021,9,1,,2021-04-04,2021-08-01,False,2020-02-03,April,Apr
2021-04-05,64,3,2021,10,1,,2021-04-11,2021-08-01,False,2020-02-03,April,Apr
2021-04-06,65,3,2021,10,1,,2021-04-11,2021-08-01,False,2020-02-03,April,Apr
2021-04-07,66,3,2021,10,1,,2021-04-11,2021-08-01,False,2020-02-03,April,Apr
2021-04-08,67,3,2021,10,1,,2021-04-11,2021-08-01,False,2020-02-03,April,Apr
2021-04-09,68,3,2021,10,1,,2021-04-11,2021-08-01,False,2020-02-03,April,Apr
2021-04-10,69,3,2021,10,1,,2021-04-11,2021-08-01,True,2020-02-03,April,Apr
2021-04-11,70,3,2021,10,1,,2021-04-11,2021-08-01,False,2020-02-03,April,Apr
2021-04-12,71,3,2021,11,1,,2021-04-18,2021-08-01,False,2020-02-03,April,Apr
2021-04-13,72,3,2021,11,1,,2021-04-18,2021-08-01,False,2020-02-03,April,Apr
2021-04-14,73,3,2021,11,1,,2021-04-18,2021-08-01,False,2020-02-03,April,Apr
2021-04-15,74,3,2021,11,1,,2021-04-18,2021-08-01,False,2020-02-03,April,Apr
2021-04-16,75,3,2021,11,1,,2021-04-18,2021-08-01,False,2020-02-03,April,Apr
2021-04-17,76,3,2021,11,1,,2021-04-18,2021-08-01,True,2020-02-03,April,Apr
2021-04-18,77,3,2021,11,1,,2021-04-18,2021-08-01,False,2020-02-03,April,Apr
2021-04-19,78,3,2021,12,1,,2021-04-25,2021-08-01,False,2020-02-03,April,Apr
2021-04-20,79,3,2021,12,1,,2021-04-25,2021-08-01,False,2020-02-03,April,Apr
2021-04-21,80,3,2021,12,1,,2021-04-25,2021-08-01,False,2020-02-03,April,Apr
2021-04-22,81,3,2021,12,1,,2021-04-25,2021-08-01,False,2020-02-03,April,Apr
2021-04-23,82,3,2021,12,1,,2021-04-25,2021-08-01,False,2020-02-03,April,Apr
2021-04-24,83,3,2021,12,1,,2021-04-25,2021-08-01,True,2020-02-03,April,Apr
2021-04-25,84,3,2021,12,1,,2021-04-25,2021-08-01,False,2020-02-03,April,Apr
2021-04-26,85,3,2021,13,1,2021-05-02,2021-05-02,2021-08-01,False,2020-02-03,April,Apr
2021-04-27,86,3,2021,13,1,2021-05-02,2021-05-02,2021-08-01,False,2020-02-03,April,Apr
2021-04-28,87,3,2021,13,1,2021-05-02,2021-05-02,2021-08-01,False,2020-02-03,April,Apr
2021-04-29,88,3,2021,13,1,2021-05-02,2021-05-02,2021-08-01,False,2020-02-03,April,Apr
2021-04-30,89,3,2021,13,1,2021-05-02,2021-05-02,2021-08-01,False,2020-02-03,April,Apr
2021-05-01,90,3,2021,13,1,2021-05-02,2021-05-02,2021-08-01,True,2020-02-03,May,May
2021-05-02,91,3,2021,13,1,2021-05-02,2021-05-02,2021-08-01,False,2020-02-03,May,May
2021-05-03,92,4,2021,14,1,,2021-05-09,2021-08-01,False,2020-02-03,May,May
2021-05-04,93,4,2021,14,1,,2021-05-09,2021-08-01,False,2020-02-03,May,May
2021-05-05,94,4,2021,14,1,,2021-05-09,2021-08-01,False,2020-02-03,May,May
2021-05-06,95,4,2021,14,1,,2021-05-09,2021-08-01,False,2020-02-03,May,May
2021-05-07,96,4,2021,14,1,,2021-05-09,2021-08-01,False,2020-02-03,May,May
2021-05-08,97,4,2021,14,1,,2021-05-09,2021-08-01,True,2020-02-03,May,May
2021-05-09,98,4,2021,14,1,,2021-05-09,2021-08-01,False,2020-02-03,May,May
2021-05-10,99,4,2021,15,1,,2021-05-16,2021-08-01,False,2020-02-03,May,May
2021-05-11,100,4,2021,15,1,,2021-05-16,2021-08-01,False,2020-02-03,May,May
2021-05-12,101,4,2021,15,1,,2021-05-16,2021-08-01,False,2020-02-03,May,May
2021-05-13,102,4,2021,15,1,,2021-05-16,2021-08-01,False,2020-02-03,May,May
2021-05-14,103,4,2021,15,1,,2021-05-16,2021-08-01,False,2020-02-03,May,May
2021-05-15,104,4,2021,15,1,,2021-05-16,2021-08-01,True,2020-02-03,May,May
2021-05-16,105,4,2021,15,1,,2021-05-16,2021-08-01,False,2020-02-03,May,May
2021-05-17,106,4,2021,16,1,,2021-05-23,2021-08-01,False,2020-02-03,May,May
2021-05-18,107,4,2021,16,1,,2021-05-23,2021-08-01,False,2020-02-03,May,May
2021-05-19,108,4,2021,16,1,,2021-05-23,2021-08-01,False,2020-02-03,May,May
2021-05-20,109,4,2021,16,1,,2021-05-23,2021-08-01,False,2020-02-03,May,May
2021-05-21,110,4,2021,16,1,,2021-05-23,2021-08-01,False,2020-02-03,May,May
2021-05-22,111,4,2021,16,1,,2021-05-23,2021-08-01,True,2020-02-03,May,May
2021-05-23,112,4,2021,16,1,,2021-05-23,2021-08-01,False,2020-02-03,May,May
2021-05-24,113,4,2021,17,1,2021-05-30,2021-05-30,2021-08-01,False,2020-02-03,May,May
2021-05-25,114,4,2021,17,1,2021-05-30,2021-05-30,2021-08-01,False,2020-02-03,May,May
2021-05-26,115,4,2021,17,1,2021-05-30,2021-05-30,2021-08-01,False,2020-02-03,May,May
2021-05-27,116,4,2021,17,1,2021-05-30,2021-05-30,2021-08-01,False,2020-02-03,May,May
2021-05-28,117,4,2021,17,1,2021-05-30,2021-05-30,2021-08-01,False,2020-02-03,May,May
2021-05-29,118,4,2021,17,1,2021-05-30,2021-05-30,2021-08-01,True,2020-02-03,May,May
2021-05-30,119,4,2021,17,1,2021-05-30,2021-05-30,2021-08-01,False,2020-02-03,May,May
2021-05-31,120,5,2021,18,1,,2021-06-06,2021-08-01,False,2020-02-03,May,May
2021-06-01,121,5,2021,18,1,,2021-06-06,2021-08-01,False,2020-02-03,June,Jun
2021-06-02,122,5,2021,18,1,,2021-06-06,2021-08-01,False,2020-02-03,June,Jun
2021-06-03,123,5,2021,18,1,,2021-06-06,2021-08-01,False,2020-02-03,June,Jun
2021-06-04,124,5,2021,18,1,,2021-06-06,2021-08-01,False,2020-02-03,June,Jun
2021-06-05,125,5,2021,18,1,,2021-06-06,2021-08-01,True,2020-02-03,June,Jun
2021-06-06,126,5,2021,18,1,,2021-06-06,2021-08-01,False,2020-02-03,June,Jun
2021-06-07,127,5,2021,19,1,,2021-06-13,2021-08-01,False,2020-02-03,June,Jun
2021-06-08,128,5,2021,19,1,,2021-06-13,2021-08-01,False,2020-02-03,June,Jun
2021-06-09,129,5,2021,19,1,,2021-06-13,2021-08-01,False,2020-02-03,June,Jun
2021-06-10,130,5,2021,19,1,,2021-06-13,2021-08-01,False,2020-02-03,June,Jun
2021-06-11,131,5,2021,19,1,,2021-06-13,2021-08-01,False,2020-02-03,June,Jun
2021-06-12,132,5,2021,19,1,,2021-06-13,2021-08-01,True,2020-02-03,June,Jun
2021-06-13,133,5,2021,19,1,,2021-06-13,2021-08-01,False,2020-02-03,June,Jun
2021-06-14,134,5,2021,20,1,,2021-06-20,2021-08-01,False,2020-02-03,June,Jun
2021-06-15,135,5,2021,20,1,,2021-06-20,2021-08-01,False,2020-02-03,June,Jun
2021-06-16,136,5,2021,20,1,,2021-06-20,2021-08-01,False,2020-02-03,June,Jun
2021-06-17,137,5,2021,20,1,,2021-06-20,2021-08-01,False,2020-02-03,June,Jun
2021-06-18,138,5,2021,20,1,,2021-06-20,2021-08-01,False,2020-02-03,June,Jun
2021-06-19,139,5,2021,20,1,,2021-06-20,2021-08-01,True,2020-02-03,June,Jun
2021-06-20,140,5,2021,20,1,,2021-06-20,2021-08-01,False,2020-02-03,June,Jun
2021-06-21,141,5,2021,21,1,2021-06-27,2021-06-27,2021-08-01,False,2020-02-03,June,Jun
2021-06-22,142,5,2021,21,1,2021-06-27,2021-06-27,2021-08-01,False,2020-02-03,June,Jun
2021-06-23,143,5,2021,21,1,2021-06-27,2021-06-27,2021-08-01,False,2020-02-03,June,Jun
2021-06-24,144,5,2021,21,1,2021-06-27,2021-06-27,2021-08-01,False,2020-02-03,June,Jun
2021-06-25,145,5,2021,21,1,2021-06-27,2021-06-27,2021-08-01,False,2020-02-03,June,Jun
2021-06-26,146,5,2021,21,1,2021-06-27,2021-06-27,2021-08-01,True,2020-02-03,June,Jun
2021-06-27,147,5,2021,21,1,2021-06-27,2021-06-27,2021-08-01,False,2020-02-03,June,Jun
2021-06-28,148,6,2021,22,1,,2021-07-04,2021-08-01,False,2020-02-03,June,Jun
2021-06-29,149,6,2021,22,1,,2021-07-04,2021-08-01,False,2020-02-03,June,Jun
2021-06-30,150,6,2021,22,1,,2021-07-04,2021-08-01,False,2020-02-03,June,Jun
2021-07-01,151,6,2021,22,1,,2021-07-04,2021-08-01,False,2020-02-03,July,Jul
2021-07-02,152,6,2021,22,1,,2021-07-04,2021-08-01,False,2020-02-03,July,Jul
2021-07-03,153,6,2021,22,1,,2021-07-04,2021-08-01,True,2020-02-03,July,Jul
2021-07-04,154,6,2021,22,1,,2021-07-04,2021-08-01,False,2020-02-03,July,Jul
2021-07-05,155,6,2021,23,1,,2021-07-11,2021-08-01,False,2020-02-03,July,Jul
2021-07-06,156,6,2021,23,1,,2021-07-11,2021-08-01,False,2020-02-03,July,Jul
2021-07-07,157,6,2021,23,1,,2021-07-11,2021-08-01,False,2020-02-03,July,Jul
2021-07-08,158,6,2021,23,1,,2021-07-11,2021-08-01,False,2020-02-03,July,Jul
2021-07-09,159,6,2021,23,1,,2021-07-11,2021-08-01,False,2020-02-03,July,Jul
2021-07-10,160,6,2021,23,1,,2021-07-11,2021-08-01,True,2020-02-03,July,Jul
2021-07-11,161,6,2021,23,1,,2021-07-11,2021-08-01,False,2020-02-03,July,Jul
2021-07-12,162,6,2021,24,1,,2021-07-18,2021-08-01,False,2020-02-03,July,Jul
2021-07-13,163,6,2021,24,1,,2021-07-18,2021-08-01,False,2020-02-03,July,Jul
2021-07-14,164,6,2021,24,1,,2021-07-18,2021-08-01,False,2020-02-03,July,Jul
2021-07-15,165,6,2021,24,1,,2021-07-18,2021-08-01,False,2020-02-03,July,Jul
2021-07-16,166,6,2021,24,1,,2021-07-18,2021-08-01,False,2020-02-03,July,Jul
2021-07-17,167,6,2021,24,1,,2021-07-18,2021-08-01,True,2020-02-03,July,Jul
2021-07-18,168,6,2021,24,1,,2021-07-18,2021-08-01,False,2020-02-03,July,Jul
2021-07-19,169,6,2021,25,1,,2021-07-25,2021-08-01,False,2020-02-03,July,Jul
2021-07-20,170,6,2021,25,1,,2021-07-25,2021-08-01,False,2020-02-03,July,Jul
2021-07-21,171,6,2021,25,1,,2021-07-25,2021-08-01,False,2020-02-03,July,Jul
2021-07-22,172,6,2021,25,1,,2021-07-25,2021-08-01,False,2020-02-03,July,Jul
2021-07-23,173,6,2021,25,1,,2021-07-25,2021-08-01,False,2020-02-03,July,Jul
2021-07-24,174,6,2021,25,1,,2021-07-25,2021-08-01,True,2020-02-03,July,Jul
2021-07-25,175,6,2021,25,1,,2021-07-25,2021-08-01,False,2020-02-03,July,Jul
2021-07-26,176,6,2021,26,1,2021-08-01,2021-08-01,2021-08-01,False,2020-02-03,July,Jul
2021-07-27,177,6,2021,26,1,2021-08-01,2021-08-01,2021-08-01,False,2020-02-03,July,Jul
2021-07-28,178,6,2021,26,1,2021-08-01,2021-08-01,2021-08-01,False,2020-02-03,July,Jul
2021-07-29,179,6,2021,26,1,2021-08-01,2021-08-01,2021-08-01,False,2020-02-03,July,Jul
2021-07-30,180,6,2021,26,1,2021-08-01,2021-08-01,2021-08-01,False,2020-02-03,July,Jul
2021-07-31,181,6,2021,26,1,2021-08-01,2021-08-01,2021-08-01,True,2020-02-03,July,Jul
2021-08-01,182,6,2021,26,1,2021-08-01,2021-08-01,2021-08-01,False,2020-02-03,August,Aug
2021-08-02,183,7,2021,27,2,,2021-08-08,2022-01-30,False,2020-02-03,August,Aug
2021-08-03,184,7,2021,27,2,,2021-08-08,2022-01-30,False,2020-02-03,August,Aug
2021-08-04,185,7,2021,27,2,,2021-08-08,2022-01-30,False,2020-02-03,August,Aug
2021-08-05,186,7,2021,27,2,,2021-08-08,2022-01-30,False,2020-02-03,August,Aug
2021-08-06,187,7,2021,27,2,,2021-08-08,2022-01-30,False,2020-02-03,August,Aug
2021-08-07,188,7,2021,27,2,,2021-08-08,2022-01-30,True,2020-02-03,August,Aug
2021-08-08,189,7,2021,27,2,,2021-08-08,2022-01-30,False,2020-02-03,August,Aug
2021-08-09,190,7,2021,28,2,,2021-08-15,2022-01-30,False,2020-02-03,August,Aug
2021-08-10,191,7,2021,28,2,,2021-08-15,2022-01-30,False,2020-02-03,August,Aug
2021-08-11,192,7,2021,28,2,,2021-08-15,2022-01-30,False,2020-02-03,August,Aug
2021-08-12,193,7,2021,28,2,,2021-08-15,2022-01-30,False,2020-02-03,August,Aug
2021-08-13,194,7,2021,28,2,,2021-08-15,2022-01-30,False,2020-02-03,August,Aug
2021-08-14,195,7,2021,28,2,,2021-08-15,2022-01-30,True,2020-02-03,August,Aug
2021-08-15,196,7,2021,28,2,,2021-08-15,2022-01-30,False,2020-02-03,August,Aug
2021-08-16,197,7,2021,29,2,,2021-08-22,2022-01-30,False,2020-02-03,August,Aug
2021-08-17,198,7,2021,29,2,,2021-08-22,2022-01-30,False,2020-02-03,August,Aug
2021-08-18,199,7,2021,29,2,,2021-08-22,2022-01-30,False,2020-02-03,August,Aug
2021-08-19,200,7,2021,29,2,,2021-08-22,2022-01-30,False,2020-02-03,August,Aug
2021-08-20,201,7,2021,29,2,,2021-08-22,2022-01-30,False,2020-02-03,August,Aug
2021-08-21,202,7,2021,29,2,,2021-08-22,2022-01-30,True,2020-02-03,August,Aug
2021-08-22,203,7,2021,29,2,,2021-08-22,2022-01-30,False,2020-02-03,August,Aug
2021-08-23,204,7,2021,30,2,2021-08-29,2021-08-29,2022-01-30,False,2020-02-03,August,Aug
2021-08-24,205,7,2021,30,2,2021-08-29,2021-08-29,2022-01-30,False,2020-02-03,August,Aug
2021-08-25,206,7,2021,30,2,2021-08-29,2021-08-29,2022-01-30,False,2020-02-03,August,Aug
2021-08-26,207,7,2021,30,2,2021-08-29,2021-08-29,2022-01-30,False,2020-02-03,August,Aug
2021-08-27,208,7,2021,30,2,2021-08-29,2021-08-29,2022-01-30,False,2020-02-03,August,Aug
2021-08-28,209,7,2021,30,2,2021-08-29,2021-08-29,2022-01-30,True,2020-02-03,August,Aug
2021-08-29,210,7,2021,30,2,2021-08-29,2021-08-29,2022-01-30,False,2020-02-03,August,Aug
2021-08-30,211,8,2021,31,2,,2021-09-05,2022-01-30,False,2020-02-03,August,Aug
2021-08-31,212,8,2021,31,2,,2021-09-05,2022-01-30,False,2020-02-03,August,Aug
2021-09-01,213,8,2021,31,2,,2021-09-05,2022-01-30,False,2020-02-03,September,Sep
2021-09-02,214,8,2021,31,2,,2021-09-05,2022-01-30,False,2020-02-03,September,Sep
2021-09-03,215,8,2021,31,2,,2021-09-05,2022-01-30,False,2020-02-03,September,Sep
2021-09-04,216,8,2021,31,2,,2021-09-05,2022-01-30,True,2020-02-03,September,Sep
2021-09-05,217,8,2021,31,2,,2021-09-05,2022-01-30,False,2020-02-03,September,Sep
2021-09-06,218,8,2021,32,2,,2021-09-12,2022-01-30,False,2020-02-03,September,Sep
2021-09-07,219,8,2021,32,2,,2021-09-12,2022-01-30,False,2020-02-03,September,Sep
2021-09-08,220,8,2021,32,2,,2021-09-12,2022-01-30,False,2020-02-03,September,Sep
2021-09-09,221,8,2021,32,2,,2021-09-12,2022-01-30,False,2020-02-03,September,Sep
2021-09-10,222,8,2021,32,2,,2021-09-12,2022-01-30,False,2020-02-03,September,Sep
2021-09-11,223,8,2021,32,2,,2021-09-12,2022-01-30,True,2020-02-03,September,Sep
2021-09-12,224,8,2021,32,2,,2021-09-12,2022-01-30,False,2020-02-03,September,Sep
2021-09-13,225,8,2021,33,2,,2021-09-19,2022-01-30,False,2020-02-03,September,Sep
2021-09-14,226,8,2021,33,2,,2021-09-19,2022-01-30,False,2020-02-03,September,Sep
2021-09-15,227,8,2021,33,2,,2021-09-19,2022-01-30,False,2020-02-03,September,Sep
2021-09-16,228,8,2021,33,2,,2021-09-19,2022-01-30,False,2020-02-03,September,Sep
2021-09-17,229,8,2021,33,2,,2021-09-19,2022-01-30,False,2020-02-03,September,Sep
2021-09-18,230,8,2021,33,2,,2021-09-19,2022-01-30,True,2020-02-03,September,Sep
2021-09-19,231,8,2021,33,2,,2021-09-19,2022-01-30,False,2020-02-03,September,Sep
2021-09-20,232,8,2021,34,2,2021-09-26,2021-09-26,2022-01-30,False,2020-02-03,September,Sep
2021-09-21,233,8,2021,34,2,2021-09-26,2021-09-26,2022-01-30,False,2020-02-03,September,Sep
2021-09-22,234,8,2021,34,2,2021-09-26,2021-09-26,2022-01-30,False,2020-02-03,September,Sep
2021-09-23,235,8,2021,34,2,2021-09-26,2021-09-26,2022-01-30,False,2020-02-03,September,Sep
2021-09-24,236,8,2021,34,2,2021-09-26,2021-09-26,2022-01-30,False,2020-02-03,September,Sep
2021-09-25,237,8,2021,34,2,2021-09-26,2021-09-26,2022-01-30,True,2020-02-03,September,Sep
2021-09-26,238,8,2021,34,2,2021-09-26,2021-09-26,2022-01-30,False,2020-02-03,September,Sep
2021-09-27,239,9,2021,35,2,,2021-10-03,2022-01-30,False,2020-02-03,September,Sep
2021-09-28,240,9,2021,35,2,,2021-10-03,2022-01-30,False,2020-02-03,September,Sep
2021-09-29,241,9,2021,35,2,,2021-10-03,2022-01-30,False,2020-02-03,September,Sep
2021-09-30,242,9,2021,35,2,,2021-10-03,2022-01-30,False,2020-02-03,September,Sep
2021-10-01,243,9,2021,35,2,,2021-10-03,2022-01-30,False,2020-02-03,October,Oct
2021-10-02,244,9,2021,35,2,,2021-10-03,2022-01-30,True,2020-02-03,October,Oct
2021-10-03,245,9,2021,35,2,,2021-10-03,2022-01-30,False,2020-02-03,October,Oct
2021-10-04,246,9,2021,36,2,,2021-10-10,2022-01-30,False,2020-02-03,October,Oct
2021-10-05,247,9,2021,36,2,,2021-10-10,2022-01-30,False,2020-02-03,October,Oct
2021-10-06,248,9,2021,36,2,,2021-10-10,2022-01-30,False,2020-02-03,October,Oct
2021-10-07,249,9,2021,36,2,,2021-10-10,2022-01-30,False,2020-02-03,October,Oct
2021-10-08,250,9,2021,36,2,,2021-10-10,2022-01-30,False,2020-02-03,October,Oct
2021-10-09,251,9,2021,36,2,,2021-10-10,2022-01-30,True,2020-02-03,October,Oct
2021-10-10,252,9,2021,36,2,,2021-10-10,2022-01-30,False,2020-02-03,October,Oct
2021-10-11,253,9,2021,37,2,,2021-10-17,2022-01-30,False,2020-02-03,October,Oct
2021-10-12,254,9,2021,37,2,,2021-10-17,2022-01-30,False,2020-02-03,October,Oct
2021-10-13,255,9,2021,37,2,,2021-10-17,2022-01-30,False,2020-02-03,October,Oct
2021-10-14,256,9,2021,37,2,,2021-10-17,2022-01-30,False,2020-02-03,October,Oct
2021-10-15,257,9,2021,37,2,,2021-10-17,2022-01-30,False,2020-02-03,October,Oct
2021-10-16,258,9,2021,37,2,,2021-10-17,2022-01-30,True,2020-02-03,October,Oct
2021-10-17,259,9,2021,37,2,,2021-10-17,2022-01-30,False,2020-02-03,October,Oct
2021-10-18,260,9,2021,38,2,,2021-10-24,2022-01-30,False,2020-02-03,October,Oct
2021-10-19,261,9,2021,38,2,,2021-10-24,2022-01-30,False,2020-02-03,October,Oct
2021-10-20,262,9,2021,38,2,,2021-10-24,2022-01-30,False,2020-02-03,October,Oct
2021-10-21,263,9,2021,38,2,,2021-10-24,2022-01-30,False,2020-02-03,October,Oct
2021-10-22,264,9,2021,38,2,,2021-10-24,2022-01-30,False,2020-02-03,October,Oct
2021-10-23,265,9,2021,38,2,,2021-10-24,2022-01-30,True,2020-02-03,October,Oct
2021-10-24,266,9,2021,38,2,,2021-10-24,2022-01-30,False,2020-02-03,October,Oct
2021-10-25,267,9,2021,39,2,2021-10-31,2021-10-31,2022-01-30,False,2020-02-03,October,Oct
2021-10-26,268,9,2021,39,2,2021-10-31,2021-10-31,2022-01-30,False,2020-02-03,October,Oct
2021-10-27,269,9,2021,39,2,2021-10-31,2021-10-31,2022-01-30,False,2020-02-03,October,Oct
2021-10-28,270,9,2021,39,2,2021-10-31,2021-10-31,2022-01-30,False,2020-02-03,October,Oct
2021-10-29,271,9,2021,39,2,2021-10-31,2021-10-31,2022-01-30,False,2020-02-03,October,Oct
2021-10-30,272,9,2021,39,2,2021-10-31,2021-10-31,2022-01-30,True,2020-02-03,October,Oct
2021-10-31,273,9,2021,39,2,2021-10-31,2021-10-31,2022-01-30,False,2020-02-03,October,Oct
2021-11-01,274,10,2021,40,2,,2021-11-07,2022-01-30,False,2020-02-03,November,Nov
2021-11-02,275,10,2021,40,2,,2021-11-07,2022-01-30,False,2020-02-03,November,Nov
2021-11-03,276,10,2021,40,2,,2021-11-07,2022-01-30,False,2020-02-03,November,Nov
2021-11-04,277,10,2021,40,2,,2021-11-07,2022-01-30,False,2020-02-03,November,Nov
2021-11-05,278,10,2021,40,2,,2021-11-07,2022-01-30,False,2020-02-03,November,Nov
2021-11-06,279,10,2021,40,2,,2021-11-07,2022-01-30,True,2020-02-03,November,Nov
2021-11-07,280,10,2021,40,2,,2021-11-07,2022-01-30,False,2020-02-03,November,Nov
2021-11-08,281,10,2021,41,2,,2021-11-14,2022-01-30,False,2020-02-03,November,Nov
2021-11-09,282,10,2021,41,2,,2021-11-14,2022-01-30,False,2020-02-03,November,Nov
2021-11-10,283,10,2021,41,2,,2021-11-14,2022-01-30,False,2020-02-03,November,Nov
2021-11-11,284,10,2021,41,2,,2021-11-14,2022-01-30,False,2020-02-03,November,Nov
2021-11-12,285,10,2021,41,2,,2021-11-14,2022-01-30,False,2020-02-03,November,Nov
2021-11-13,286,10,2021,41,2,,2021-11-14,2022-01-30,True,2020-02-03,November,Nov
2021-11-14,287,10,2021,41,2,,2021-11-14,2022-01-30,False,2020-02-03,November,Nov
2021-11-15,288,10,2021,42,2,,2021-11-21,2022-01-30,False,2020-02-03,November,Nov
2021-11-16,289,10,2021,42,2,,2021-11-21,2022-01-30,False,2020-02-03,November,Nov
2021-11-17,290,10,2021,42,2,,2021-11-21,2022-01-30,False,2020-02-03,November,Nov
2021-11-18,291,10,2021,42,2,,2021-11-21,2022-01-30,False,2020-02-03,November,Nov
2021-11-19,292,10,2021,42,2,,2021-11-21,2022-01-30,False,2020-02-03,November,Nov
2021-11-20,293,10,2021,42,2,,2021-11-21,2022-01-30,True,2020-02-03,November,Nov
2021-11-21,294,10,2021,42,2,,2021-11-21,2022-01-30,False,2020-02-03,November,Nov
2021-11-22,295,10,2021,43,2,2021-11-28,2021-11-28,2022-01-30,False,2020-02-03,November,Nov
2021-11-23,296,10,2021,43,2,2021-11-28,2021-11-28,2022-01-30,False,2020-02-03,November,Nov
2021-11-24,297,10,2021,43,2,2021-11-28,2021-11-28,2022-01-30,False,2020-02-03,November,Nov
2021-11-25,298,10,2021,43,2,2021-11-28,2021-11-28,2022-01-30,False,2020-02-03,November,Nov
2021-11-26,299,10,2021,43,2,2021-11-28,2021-11-28,2022-01-30,False,2020-02-03,November,Nov
2021-11-27,300,10,2021,43,2,2021-11-28,2021-11-28,2022-01-30,True,2020-02-03,November,Nov
2021-11-28,301,10,2021,43,2,2021-11-28,2021-11-28,2022-01-30,False,2020-02-03,November,Nov
2021-11-29,302,11,2021,44,2,,2021-12-05,2022-01-30,False,2020-02-03,November,Nov
2021-11-30,303,11,2021,44,2,,2021-12-05,2022-01-30,False,2020-02-03,November,Nov
2021-12-01,304,11,2021,44,2,,2021-12-05,2022-01-30,False,2020-02-03,December,Dec
2021-12-02,305,11,2021,44,2,,2021-12-05,2022-01-30,False,2020-02-03,December,Dec
2021-12-03,306,11,2021,44,2,,2021-12-05,2022-01-30,False,2020-02-03,December,Dec
2021-12-04,307,11,2021,44,2,,2021-12-05,2022-01-30,True,2020-02-03,December,Dec
2021-12-05,308,11,2021,44,2,,2021-12-05,2022-01-30,False,2020-02-03,December,Dec
2021-12-06,309,11,2021,45,2,,2021-12-12,2022-01-30,False,2020-02-03,December,Dec
2021-12-07,310,11,2021,45,2,,2021-12-12,2022-01-30,False,2020-02-03,December,Dec
2021-12-08,311,11,2021,45,2,,2021-12-12,2022-01-30,False,2020-02-03,December,Dec
2021-12-09,312,11,2021,45,2,,2021-12-12,2022-01-30,False,2020-02-03,December,Dec
2021-12-10,313,11,2021,45,2,,2021-12-12,2022-01-30,False,2020-02-03,December,Dec
2021-12-11,314,11,2021,45,2,,2021-12-12,2022-01-30,True,2020-02-03,December,Dec
2021-12-12,315,11,2021,45,2,,2021-12-12,2022-01-30,False,2020-02-03,December,Dec
2021-12-13,316,11,2021,46,2,,2021-12-19,2022-01-30,False,2020-02-03,December,Dec
2021-12-14,317,11,2021,46,2,,2021-12-19,2022-01-30,False,2020-02-03,December,Dec
2021-12-15,318,11,2021,46,2,,2021-12-19,2022-01-30,False,2020-02-03,December,Dec
2021-12-16,319,11,2021,46,2,,2021-12-19,2022-01-30,False,2020-02-03,December,Dec
2021-12-17,320,11,2021,46,2,,2021-12-19,2022-01-30,False,2020-02-03,December,Dec
2021-12-18,321,11,2021,46,2,,2021-12-19,2022-01-30,True,2020-02-03,December,Dec
2021-12-19,322,11,2021,46,2,,2021-12-19,2022-01-30,False,2020-02-03,December,Dec
2021-12-20,323,11,2021,47,2,2021-12-26,2021-12-26,2022-01-30,False,2020-02-03,December,Dec
2021-12-21,324,11,2021,47,2,2021-12-26,2021-12-26,2022-01-30,False,2020-02-03,December,Dec
2021-12-22,325,11,2021,47,2,2021-12-26,2021-12-26,2022-01-30,False,2020-02-03,December,Dec
2021-12-23,326,11,2021,47,2,2021-12-26,2021-12-26,2022-01-30,False,2020-02-03,December,Dec
2021-12-24,327,11,2021,47,2,2021-12-26,2021-12-26,2022-01-30,False,2020-02-03,December,Dec
2021-12-25,328,11,2021,47,2,2021-12-26,2021-12-26,2022-01-30,True,2020-02-03,December,Dec
2021-12-26,329,11,2021,47,2,2021-12-26,2021-12-26,2022-01-30,False,2020-02-03,December,Dec
2021-12-27,330,12,2021,48,2,,2022-01-02,2022-01-30,False,2020-02-03,December,Dec
2021-12-28,331,12,2021,48,2,,2022-01-02,2022-01-30,False,2020-02-03,December,Dec
2021-12-29,332,12,2021,48,2,,2022-01-02,2022-01-30,False,2020-02-03,December,Dec
2021-12-30,333,12,2021,48,2,,2022-01-02,2022-01-30,False,2020-02-03,December,Dec
2021-12-31,334,12,2021,48,2,,2022-01-02,2022-01-30,False,2020-02-03,December,Dec
2022-01-01,335,12,2021,48,2,,2022-01-02,2022-01-30,True,2020-02-03,January,Jan
2022-01-02,336,12,2021,48,2,,2022-01-02,2022-01-30,False,2020-02-03,January,Jan
2022-01-03,337,12,2021,49,2,,2022-01-09,2022-01-30,False,2020-02-03,January,Jan
2022-01-04,338,12,2021,49,2,,2022-01-09,2022-01-30,False,2020-02-03,January,Jan
2022-01-05,339,12,2021,49,2,,2022-01-09,2022-01-30,False,2020-02-03,January,Jan
2022-01-06,340,12,2021,49,2,,2022-01-09,2022-01-30,False,2020-02-03,January,Jan
2022-01-07,341,12,2021,49,2,,2022-01-09,2022-01-30,False,2020-02-03,January,Jan
2022-01-08,342,12,2021,49,2,,2022-01-09,2022-01-30,True,2020-02-03,January,Jan
2022-01-09,343,12,2021,49,2,,2022-01-09,2022-01-30,False,2020-02-03,January,Jan
2022-01-10,344,12,2021,50,2,,2022-01-16,2022-01-30,False,2020-02-03,January,Jan
2022-01-11,345,12,2021,50,2,,2022-01-16,2022-01-30,False,2020-02-03,January,Jan
2022-01-12,346,12,2021,50,2,,2022-01-16,2022-01-30,False,2020-02-03,January,Jan
2022-01-13,347,12,2021,50,2,,2022-01-16,2022-01-30,False,2020-02-03,January,Jan
2022-01-14,348,12,2021,50,2,,2022-01-16,2022-01-30,False,2020-02-03,January,Jan
2022-01-15,349,12,2021,50,2,,2022-01-16,2022-01-30,True,2020-02-03,January,Jan
2022-01-16,350,12,2021,50,2,,2022-01-16,2022-01-30,False,2020-02-03,January,Jan
2022-01-17,351,12,2021,51,2,,2022-01-23,2022-01-30,False,2020-02-03,January,Jan
2022-01-18,352,12,2021,51,2,,2022-01-23,2022-01-30,False,2020-02-03,January,Jan
2022-01-19,353,12,2021,51,2,,2022-01-23,2022-01-30,False,2020-02-03,January,Jan
2022-01-20,354,12,2021,51,2,,2022-01-23,2022-01-30,False,2020-02-03,January,Jan
2022-01-21,355,12,2021,51,2,,2022-01-23,2022-01-30,False,2020-02-03,January,Jan
2022-01-22,356,12,2021,51,2,,2022-01-23,2022-01-30,True,2020-02-03,January,Jan
2022-01-23,357,12,2021,51,2,,2022-01-23,2022-01-30,False,2020-02-03,January,Jan
2022-01-24,358,12,2021,52,2,2022-01-30,2022-01-30,2022-01-30,False,2020-02-03,January,Jan
2022-01-25,359,12,2021,52,2,2022-01-30,2022-01-30,2022-01-30,False,2020-02-03,January,Jan
2022-01-26,360,12,2021,52,2,2022-01-30,2022-01-30,2022-01-30,False,2020-02-03,January,Jan
2022-01-27,361,12,2021,52,2,2022-01-30,2022-01-30,2022-01-30,False,2020-02-03,January,Jan
2022-01-28,362,12,2021,52,2,2022-01-30,2022-01-30,2022-01-30,False,2020-02-03,January,Jan
2022-01-29,363,12,2021,52,2,2022-01-30,2022-01-30,2022-01-30,True,2020-02-03,January,Jan
2022-01-30,364,12,2021,52,2,2022-01-30,2022-01-30,2022-01-30,False,2020-02-03,January,Jan
2022-02-07,1,1,2022,1,1,,2022-02-13,2022-08-07,False,2021-02-01,February,Feb
2022-02-08,2,1,2022,1,1,,2022-02-13,2022-08-07,False,2021-02-01,February,Feb
2022-02-09,3,1,2022,1,1,,2022-02-13,2022-08-07,False,2021-02-01,February,Feb
2022-02-10,4,1,2022,1,1,,2022-02-13,2022-08-07,False,2021-02-01,February,Feb
2022-02-11,5,1,2022,1,1,,2022-02-13,2022-08-07,False,2021-02-01,February,Feb
2022-02-12,6,1,2022,1,1,,2022-02-13,2022-08-07,True,2021-02-01,February,Feb
2022-02-13,7,1,2022,1,1,,2022-02-13,2022-08-07,False,2021-02-01,February,Feb
2022-02-14,8,1,2022,2,1,,2022-02-20,2022-08-07,False,2021-02-01,February,Feb
2022-02-15,9,1,2022,2,1,,2022-02-20,2022-08-07,False,2021-02-01,February,Feb
2022-02-16,10,1,2022,2,1,,2022-02-20,2022-08-07,False,2021-02-01,February,Feb
2022-02-17,11,1,2022,2,1,,2022-02-20,2022-08-07,False,2021-02-01,February,Feb
2022-02-18,12,1,2022,2,1,,2022-02-20,2022-08-07,False,2021-02-01,February,Feb
2022-02-19,13,1,2022,2,1,,2022-02-20,2022-08-07,True,2021-02-01,February,Feb
2022-02-20,14,1,2022,2,1,,2022-02-20,2022-08-07,False,2021-02-01,February,Feb
2022-02-21,15,1,2022,3,1,,2022-02-27,2022-08-07,False,2021-02-01,February,Feb
2022-02-22,16,1,2022,3,1,,2022-02-27,2022-08-07,False,2021-02-01,February,Feb
2022-02-23,17,1,2022,3,1,,2022-02-27,2022-08-07,False,2021-02-01,February,Feb
2022-02-24,18,1,2022,3,1,,2022-02-27,2022-08-07,False,2021-02-01,February,Feb
2022-02-25,19,1,2022,3,1,,2022-02-27,2022-08-07,False,2021-02-01,February,Feb
2022-02-26,20,1,2022,3,1,,2022-02-27,2022-08-07,True,2021-02-01,February,Feb
2022-02-27,21,1,2022,3,1,,2022-02-27,2022-08-07,False,2021-02-01,February,Feb
2022-02-28,22,1,2022,4,1,2022-03-06,2022-03-06,2022-08-07,False,2021-02-01,February,Feb
2022-03-01,23,1,2022,4,1,2022-03-06,2022-03-06,2022-08-07,False,2021-02-01,March,Mar
2022-03-02,24,1,2022,4,1,2022-03-06,2022-03-06,2022-08-07,False,2021-02-01,March,Mar
2022-03-03,25,1,2022,4,1,2022-03-06,2022-03-06,2022-08-07,False,2021-02-01,March,Mar
2022-03-04,26,1,2022,4,1,2022-03-06,2022-03-06,2022-08-07,False,2021-02-01,March,Mar
2022-03-05,27,1,2022,4,1,2022-03-06,2022-03-06,2022-08-07,True,2021-02-01,March,Mar
2022-03-06,28,1,2022,4,1,2022-03-06,2022-03-06,2022-08-07,False,2021-02-01,March,Mar
2022-03-07,29,2,2022,5,1,,2022-03-13,2022-08-07,False,2021-02-01,March,Mar
2022-03-08,30,2,2022,5,1,,2022-03-13,2022-08-07,False,2021-02-01,March,Mar
2022-03-09,31,2,2022,5,1,,2022-03-13,2022-08-07,False,2021-02-01,March,Mar
2022-03-10,32,2,2022,5,1,,2022-03-13,2022-08-07,False,2021-02-01,March,Mar
2022-03-11,33,2,2022,5,1,,2022-03-13,2022-08-07,False,2021-02-01,March,Mar
2022-03-12,34,2,2022,5,1,,2022-03-13,2022-08-07,True,2021-02-01,March,Mar
2022-03-13,35,2,2022,5,1,,2022-03-13,2022-08-07,False,2021-02-01,March,Mar
2022-03-14,36,2,2022,6,1,,2022-03-20,2022-08-07,False,2021-02-01,March,Mar
2022-03-15,37,2,2022,6,1,,2022-03-20,2022-08-07,False,2021-02-01,March,Mar
2022-03-16,38,2,2022,6,1,,2022-03-20,2022-08-07,False,2021-02-01,March,Mar
2022-03-17,39,2,2022,6,1,,2022-03-20,2022-08-07,False,2021-02-01,March,Mar
2022-03-18,40,2,2022,6,1,,2022-03-20,2022-08-07,False,2021-02-01,March,Mar
2022-03-19,41,2,2022,6,1,,2022-03-20,2022-08-07,True,2021-02-01,March,Mar
2022-03-20,42,2,2022,6,1,,2022-03-20,2022-08-07,False,2021-02-01,March,Mar
2022-03-21,43,2,2022,7,1,,2022-03-27,2022-08-07,False,2021-02-01,March,Mar
2022-03-22,44,2,2022,7,1,,2022-03-27,2022-08-07,False,2021-02-01,March,Mar
2022-03-23,45,2,2022,7,1,,2022-03-27,2022-08-07,False,2021-02-01,March,Mar
2022-03-24,46,2,2022,7,1,,2022-03-27,2022-08-07,False,2021-02-01,March,Mar
2022-03-25,47,2,2022,7,1,,2022-03-27,2022-08-07,False,2021-02-01,March,Mar
2022-03-26,48,2,2022,7,1,,2022-03-27,2022-08-07,True,2021-02-01,March,Mar
2022-03-27,49,2,2022,7,1,,2022-03-27,2022-08-07,False,2021-02-01,March,Mar
2022-03-28,50,2,2022,8,1,2022-04-03,2022-04-03,2022-08-07,False,2021-02-01,March,Mar
2022-03-29,51,2,2022,8,1,2022-04-03,2022-04-03,2022-08-07,False,2021-02-01,March,Mar
2022-03-30,52,2,2022,8,1,2022-04-03,2022-04-03,2022-08-07,False,2021-02-01,March,Mar
2022-03-31,53,2,2022,8,1,2022-04-03,2022-04-03,2022-08-07,False,2021-02-01,March,Mar
2022-04-01,54,2,2022,8,1,2022-04-03,2022-04-03,2022-08-07,False,2021-02-01,April,Apr
2022-04-02,55,2,2022,8,1,2022-04-03,2022-04-03,2022-08-07,True,2021-02-01,April,Apr
2022-04-03,56,2,2022,8,1,2022-04-03,2022-04-03,2022-08-07,False,2021-02-01,April,Apr
2022-04-04,57,3,2022,9,1,,2022-04-10,2022-08-07,False,2021-02-01,April,Apr
2022-04-05,58,3,2022,9,1,,2022-04-10,2022-08-07,False,2021-02-01,April,Apr
2022-04-06,59,3,2022,9,1,,2022-04-10,2022-08-07,False,2021-02-01,April,Apr
2022-04-07,60,3,2022,9,1,,2022-04-10,2022-08-07,False,2021-02-01,April,Apr
2022-04-08,61,3,2022,9,1,,2022-04-10,2022-08-07,False,2021-02-01,April,Apr
2022-04-09,62,3,2022,9,1,,2022-04-10,2022-08-07,True,2021-02-01,April,Apr
2022-04-10,63,3,2022,9,1,,2022-04-10,2022-08-07,False,2021-02-01,April,Apr
2022-04-11,64,3,2022,10,1,,2022-04-17,2022-08-07,False,2021-02-01,April,Apr
2022-04-12,65,3,2022,10,1,,2022-04-17,2022-08-07,False,2021-02-01,April,Apr
2022-04-13,66,3,2022,10,1,,2022-04-17,2022-08-07,False,2021-02-01,April,Apr
2022-04-14,67,3,2022,10,1,,2022-04-17,2022-08-07,False,2021-02-01,April,Apr
2022-04-15,68,3,2022,10,1,,2022-04-17,2022-08-07,False,2021-02-01,April,Apr
2022-04-16,69,3,2022,10,1,,2022-04-17,2022-08-07,True,2021-02-01,April,Apr
2022-04-17,70,3,2022,10,1,,2022-04-17,2022-08-07,False,2021-02-01,April,Apr
2022-04-18,71,3,2022,11,1,,2022-04-24,2022-08-07,False,2021-02-01,April,Apr
2022-04-19,72,3,2022,11,1,,2022-04-24,2022-08-07,False,2021-02-01,April,Apr
2022-04-20,73,3,2022,11,1,,2022-04-24,2022-08-07,False,2021-02-01,April,Apr
2022-04-21,74,3,2022,11,1,,2022-04-24,2022-08-07,False,2021-02-01,April,Apr
2022-04-22,75,3,2022,11,1,,2022-04-24,2022-08-07,False,2021-02-01,April,Apr
2022-04-23,76,3,2022,11,1,,2022-04-24,2022-08-07,True,2021-02-01,April,Apr
2022-04-24,77,3,2022,11,1,,2022-04-24,2022-08-07,False,2021-02-01,April,Apr
2022-04-25,78,3,2022,12,1,,2022-05-01,2022-08-07,False,2021-02-01,April,Apr
2022-04-26,79,3,2022,12,1,,2022-05-01,2022-08-07,False,2021-02-01,April,Apr
2022-04-27,80,3,2022,12,1,,2022-05-01,2022-08-07,False,2021-02-01,April,Apr
2022-04-28,81,3,2022,12,1,,2022-05-01,2022-08-07,False,2021-02-01,April,Apr
2022-04-29,82,3,2022,12,1,,2022-05-01,2022-08-07,False,2021-02-01,April,Apr
2022-04-30,83,3,2022,12,1,,2022-05-01,2022-08-07,True,2021-02-01,April,Apr
2022-05-01,84,3,2022,12,1,,2022-05-01,2022-08-07,False,2021-02-01,May,May
2022-05-02,85,3,2022,13,1,2022-05-08,2022-05-08,2022-08-07,False,2021-02-01,May,May
2022-05-03,86,3,2022,13,1,2022-05-08,2022-05-08,2022-08-07,False,2021-02-01,May,May
2022-05-04,87,3,2022,13,1,2022-05-08,2022-05-08,2022-08-07,False,2021-02-01,May,May
2022-05-05,88,3,2022,13,1,2022-05-08,2022-05-08,2022-08-07,False,2021-02-01,May,May
2022-05-06,89,3,2022,13,1,2022-05-08,2022-05-08,2022-08-07,False,2021-02-01,May,May
2022-05-07,90,3,2022,13,1,2022-05-08,2022-05-08,2022-08-07,True,2021-02-01,May,May
2022-05-08,91,3,2022,13,1,2022-05-08,2022-05-08,2022-08-07,False,2021-02-01,May,May
2022-05-09,92,4,2022,14,1,,2022-05-15,2022-08-07,False,2021-02-01,May,May
2022-05-10,93,4,2022,14,1,,2022-05-15,2022-08-07,False,2021-02-01,May,May
2022-05-11,94,4,2022,14,1,,2022-05-15,2022-08-07,False,2021-02-01,May,May
2022-05-12,95,4,2022,14,1,,2022-05-15,2022-08-07,False,2021-02-01,May,May
2022-05-13,96,4,2022,14,1,,2022-05-15,2022-08-07,False,2021-02-01,May,May
2022-05-14,97,4,2022,14,1,,2022-05-15,2022-08-07,True,2021-02-01,May,May
2022-05-15,98,4,2022,14,1,,2022-05-15,2022-08-07,False,2021-02-01,May,May
2022-05-16,99,4,2022,15,1,,2022-05-22,2022-08-07,False,2021-02-01,May,May
2022-05-17,100,4,2022,15,1,,2022-05-22,2022-08-07,False,2021-02-01,May,May
2022-05-18,101,4,2022,15,1,,2022-05-22,2022-08-07,False,2021-02-01,May,May
2022-05-19,102,4,2022,15,1,,2022-05-22,2022-08-07,False,2021-02-01,May,May
2022-05-20,103,4,2022,15,1,,2022-05-22,2022-08-07,False,2021-02-01,May,May
2022-05-21,104,4,2022,15,1,,2022-05-22,2022-08-07,True,2021-02-01,May,May
2022-05-22,105,4,2022,15,1,,2022-05-22,2022-08-07,False,2021-02-01,May,May
2022-05-23,106,4,2022,16,1,,2022-05-29,2022-08-07,False,2021-02-01,May,May
2022-05-24,107,4,2022,16,1,,2022-05-29,2022-08-07,False,2021-02-01,May,May
2022-05-25,108,4,2022,16,1,,2022-05-29,2022-08-07,False,2021-02-01,May,May
2022-05-26,109,4,2022,16,1,,2022-05-29,2022-08-07,False,2021-02-01,May,May
2022-05-27,110,4,2022,16,1,,2022-05-29,2022-08-07,False,2021-02-01,May,May
2022-05-28,111,4,2022,16,1,,2022-05-29,2022-08-07,True,2021-02-01,May,May
2022-05-29,112,4,2022,16,1,,2022-05-29,2022-08-07,False,2021-02-01,May,May
2022-05-30,113,4,2022,17,1,2022-06-05,2022-06-05,2022-08-07,False,2021-02-01,May,May
2022-05-31,114,4,2022,17,1,2022-06-05,2022-06-05,2022-08-07,False,2021-02-01,May,May
2022-06-01,115,4,2022,17,1,2022-06-05,2022-06-05,2022-08-07,False,2021-02-01,June,Jun
2022-06-02,116,4,2022,17,1,2022-06-05,2022-06-05,2022-08-07,False,2021-02-01,June,Jun
2022-06-03,117,4,2022,17,1,2022-06-05,2022-06-05,2022-08-07,False,2021-02-01,June,Jun
2022-06-04,118,4,2022,17,1,2022-06-05,2022-06-05,2022-08-07,True,2021-02-01,June,Jun
2022-06-05,119,4,2022,17,1,2022-06-05,2022-06-05,2022-08-07,False,2021-02-01,June,Jun
2022-06-06,120,5,2022,18,1,,2022-06-12,2022-08-07,False,2021-02-01,June,Jun
2022-06-07,121,5,2022,18,1,,2022-06-12,2022-08-07,False,2021-02-01,June,Jun
2022-06-08,122,5,2022,18,1,,2022-06-12,2022-08-07,False,2021-02-01,June,Jun
2022-06-09,123,5,2022,18,1,,2022-06-12,2022-08-07,False,2021-02-01,June,Jun
2022-06-10,124,5,2022,18,1,,2022-06-12,2022-08-07,False,2021-02-01,June,Jun
2022-06-11,125,5,2022,18,1,,2022-06-12,2022-08-07,True,2021-02-01,June,Jun
2022-06-12,126,5,2022,18,1,,2022-06-12,2022-08-07,False,2021-02-01,June,Jun
2022-06-13,127,5,2022,19,1,,2022-06-19,2022-08-07,False,2021-02-01,June,Jun
2022-06-14,128,5,2022,19,1,,2022-06-19,2022-08-07,False,2021-02-01,June,Jun
2022-06-15,129,5,2022,19,1,,2022-06-19,2022-08-07,False,2021-02-01,June,Jun
2022-06-16,130,5,2022,19,1,,2022-06-19,2022-08-07,False,2021-02-01,June,Jun
2022-06-17,131,5,2022,19,1,,2022-06-19,2022-08-07,False,2021-02-01,June,Jun
2022-06-18,132,5,2022,19,1,,2022-06-19,2022-08-07,True,2021-02-01,June,Jun
2022-06-19,133,5,2022,19,1,,2022-06-19,2022-08-07,False,2021-02-01,June,Jun
2022-06-20,134,5,2022,20,1,,2022-06-26,2022-08-07,False,2021-02-01,June,Jun
2022-06-21,135,5,2022,20,1,,2022-06-26,2022-08-07,False,2021-02-01,June,Jun
2022-06-22,136,5,2022,20,1,,2022-06-26,2022-08-07,False,2021-02-01,June,Jun
2022-06-23,137,5,2022,20,1,,2022-06-26,2022-08-07,False,2021-02-01,June,Jun
2022-06-24,138,5,2022,20,1,,2022-06-26,2022-08-07,False,2021-02-01,June,Jun
2022-06-25,139,5,2022,20,1,,2022-06-26,2022-08-07,True,2021-02-01,June,Jun
2022-06-26,140,5,2022,20,1,,2022-06-26,2022-08-07,False,2021-02-01,June,Jun
2022-06-27,141,5,2022,21,1,2022-07-03,2022-07-03,2022-08-07,False,2021-02-01,June,Jun
2022-06-28,142,5,2022,21,1,2022-07-03,2022-07-03,2022-08-07,False,2021-02-01,June,Jun
2022-06-29,143,5,2022,21,1,2022-07-03,2022-07-03,2022-08-07,False,2021-02-01,June,Jun
2022-06-30,144,5,2022,21,1,2022-07-03,2022-07-03,2022-08-07,False,2021-02-01,June,Jun
2022-07-01,145,5,2022,21,1,2022-07-03,2022-07-03,2022-08-07,False,2021-02-01,July,Jul
2022-07-02,146,5,2022,21,1,2022-07-03,2022-07-03,2022-08-07,True,2021-02-01,July,Jul
2022-07-03,147,5,2022,21,1,2022-07-03,2022-07-03,2022-08-07,False,2021-02-01,July,Jul
2022-07-04,148,6,2022,22,1,,2022-07-10,2022-08-07,False,2021-02-01,July,Jul
2022-07-05,149,6,2022,22,1,,2022-07-10,2022-08-07,False,2021-02-01,July,Jul
2022-07-06,150,6,2022,22,1,,2022-07-10,2022-08-07,False,2021-02-01,July,Jul
2022-07-07,151,6,2022,22,1,,2022-07-10,2022-08-07,False,2021-02-01,July,Jul
2022-07-08,152,6,2022,22,1,,2022-07-10,2022-08-07,False,2021-02-01,July,Jul
2022-07-09,153,6,2022,22,1,,2022-07-10,2022-08-07,True,2021-02-01,July,Jul
2022-07-10,154,6,2022,22,1,,2022-07-10,2022-08-07,False,2021-02-01,July,Jul
2022-07-11,155,6,2022,23,1,,2022-07-17,2022-08-07,False,2021-02-01,July,Jul
2022-07-12,156,6,2022,23,1,,2022-07-17,2022-08-07,False,2021-02-01,July,Jul
2022-07-13,157,6,2022,23,1,,2022-07-17,2022-08-07,False,2021-02-01,July,Jul
2022-07-14,158,6,2022,23,1,,2022-07-17,2022-08-07,False,2021-02-01,July,Jul
2022-07-15,159,6,2022,23,1,,2022-07-17,2022-08-07,False,2021-02-01,July,Jul
2022-07-16,160,6,2022,23,1,,2022-07-17,2022-08-07,True,2021-02-01,July,Jul
2022-07-17,161,6,2022,23,1,,2022-07-17,2022-08-07,False,2021-02-01,July,Jul
2022-07-18,162,6,2022,24,1,,2022-07-24,2022-08-07,False,2021-02-01,July,Jul
2022-07-19,163,6,2022,24,1,,2022-07-24,2022-08-07,False,2021-02-01,July,Jul
2022-07-20,164,6,2022,24,1,,2022-07-24,2022-08-07,False,2021-02-01,July,Jul
2022-07-21,165,6,2022,24,1,,2022-07-24,2022-08-07,False,2021-02-01,July,Jul
2022-07-22,166,6,2022,24,1,,2022-07-24,2022-08-07,False,2021-02-01,July,Jul
2022-07-23,167,6,2022,24,1,,2022-07-24,2022-08-07,True,2021-02-01,July,Jul
2022-07-24,168,6,2022,24,1,,2022-07-24,2022-08-07,False,2021-02-01,July,Jul
2022-07-25,169,6,2022,25,1,,2022-07-31,2022-08-07,False,2021-02-01,July,Jul
2022-07-26,170,6,2022,25,1,,2022-07-31,2022-08-07,False,2021-02-01,July,Jul
2022-07-27,171,6,2022,25,1,,2022-07-31,2022-08-07,False,2021-02-01,July,Jul
2022-07-28,172,6,2022,25,1,,2022-07-31,2022-08-07,False,2021-02-01,July,Jul
2022-07-29,173,6,2022,25,1,,2022-07-31,2022-08-07,False,2021-02-01,July,Jul
2022-07-30,174,6,2022,25,1,,2022-07-31,2022-08-07,True,2021-02-01,July,Jul
2022-07-31,175,6,2022,25,1,,2022-07-31,2022-08-07,False,2021-02-01,July,Jul
2022-08-01,176,6,2022,26,1,2022-08-07,2022-08-07,2022-08-07,False,2021-02-01,August,Aug
2022-08-02,177,6,2022,26,1,2022-08-07,2022-08-07,2022-08-07,False,2021-02-01,August,Aug
2022-08-03,178,6,2022,26,1,2022-08-07,2022-08-07,2022-08-07,False,2021-02-01,August,Aug
2022-08-04,179,6,2022,26,1,2022-08-07,2022-08-07,2022-08-07,False,2021-02-01,August,Aug
2022-08-05,180,6,2022,26,1,2022-08-07,2022-08-07,2022-08-07,False,2021-02-01,August,Aug
2022-08-06,181,6,2022,26,1,2022-08-07,2022-08-07,2022-08-07,True,2021-02-01,August,Aug
2022-08-07,182,6,2022,26,1,2022-08-07,2022-08-07,2022-08-07,False,2021-02-01,August,Aug
2022-08-08,183,7,2022,27,2,,2022-08-14,2023-02-05,False,2021-02-01,August,Aug
2022-08-09,184,7,2022,27,2,,2022-08-14,2023-02-05,False,2021-02-01,August,Aug
2022-08-10,185,7,2022,27,2,,2022-08-14,2023-02-05,False,2021-02-01,August,Aug
2022-08-11,186,7,2022,27,2,,2022-08-14,2023-02-05,False,2021-02-01,August,Aug
2022-08-12,187,7,2022,27,2,,2022-08-14,2023-02-05,False,2021-02-01,August,Aug
2022-08-13,188,7,2022,27,2,,2022-08-14,2023-02-05,True,2021-02-01,August,Aug
2022-08-14,189,7,2022,27,2,,2022-08-14,2023-02-05,False,2021-02-01,August,Aug
2022-08-15,190,7,2022,28,2,,2022-08-21,2023-02-05,False,2021-02-01,August,Aug
2022-08-16,191,7,2022,28,2,,2022-08-21,2023-02-05,False,2021-02-01,August,Aug
2022-08-17,192,7,2022,28,2,,2022-08-21,2023-02-05,False,2021-02-01,August,Aug
2022-08-18,193,7,2022,28,2,,2022-08-21,2023-02-05,False,2021-02-01,August,Aug
2022-08-19,194,7,2022,28,2,,2022-08-21,2023-02-05,False,2021-02-01,August,Aug
2022-08-20,195,7,2022,28,2,,2022-08-21,2023-02-05,True,2021-02-01,August,Aug
2022-08-21,196,7,2022,28,2,,2022-08-21,2023-02-05,False,2021-02-01,August,Aug
2022-08-22,197,7,2022,29,2,,2022-08-28,2023-02-05,False,2021-02-01,August,Aug
2022-08-23,198,7,2022,29,2,,2022-08-28,2023-02-05,False,2021-02-01,August,Aug
2022-08-24,199,7,2022,29,2,,2022-08-28,2023-02-05,False,2021-02-01,August,Aug
2022-08-25,200,7,2022,29,2,,2022-08-28,2023-02-05,False,2021-02-01,August,Aug
2022-08-26,201,7,2022,29,2,,2022-08-28,2023-02-05,False,2021-02-01,August,Aug
2022-08-27,202,7,2022,29,2,,2022-08-28,2023-02-05,True,2021-02-01,August,Aug
2022-08-28,203,7,2022,29,2,,2022-08-28,2023-02-05,False,2021-02-01,August,Aug
2022-08-29,204,7,2022,30,2,2022-09-04,2022-09-04,2023-02-05,False,2021-02-01,August,Aug
2022-08-30,205,7,2022,30,2,2022-09-04,2022-09-04,2023-02-05,False,2021-02-01,August,Aug
2022-08-31,206,7,2022,30,2,2022-09-04,2022-09-04,2023-02-05,False,2021-02-01,August,Aug
2022-09-01,207,7,2022,30,2,2022-09-04,2022-09-04,2023-02-05,False,2021-02-01,September,Sep
2022-09-02,208,7,2022,30,2,2022-09-04,2022-09-04,2023-02-05,False,2021-02-01,September,Sep
2022-09-03,209,7,2022,30,2,2022-09-04,2022-09-04,2023-02-05,True,2021-02-01,September,Sep
2022-09-04,210,7,2022,30,2,2022-09-04,2022-09-04,2023-02-05,False,2021-02-01,September,Sep
2022-09-05,211,8,2022,31,2,,2022-09-11,2023-02-05,False,2021-02-01,September,Sep
2022-09-06,212,8,2022,31,2,,2022-09-11,2023-02-05,False,2021-02-01,September,Sep
2022-09-07,213,8,2022,31,2,,2022-09-11,2023-02-05,False,2021-02-01,September,Sep
2022-09-08,214,8,2022,31,2,,2022-09-11,2023-02-05,False,2021-02-01,September,Sep
2022-09-09,215,8,2022,31,2,,2022-09-11,2023-02-05,False,2021-02-01,September,Sep
2022-09-10,216,8,2022,31,2,,2022-09-11,2023-02-05,True,2021-02-01,September,Sep
2022-09-11,217,8,2022,31,2,,2022-09-11,2023-02-05,False,2021-02-01,September,Sep
2022-09-12,218,8,2022,32,2,,2022-09-18,2023-02-05,False,2021-02-01,September,Sep
2022-09-13,219,8,2022,32,2,,2022-09-18,2023-02-05,False,2021-02-01,September,Sep
2022-09-14,220,8,2022,32,2,,2022-09-18,2023-02-05,False,2021-02-01,September,Sep
2022-09-15,221,8,2022,32,2,,2022-09-18,2023-02-05,False,2021-02-01,September,Sep
2022-09-16,222,8,2022,32,2,,2022-09-18,2023-02-05,False,2021-02-01,September,Sep
2022-09-17,223,8,2022,32,2,,2022-09-18,2023-02-05,True,2021-02-01,September,Sep
2022-09-18,224,8,2022,32,2,,2022-09-18,2023-02-05,False,2021-02-01,September,Sep
2022-09-19,225,8,2022,33,2,,2022-09-25,2023-02-05,False,2021-02-01,September,Sep
2022-09-20,226,8,2022,33,2,,2022-09-25,2023-02-05,False,2021-02-01,September,Sep
2022-09-21,227,8,2022,33,2,,2022-09-25,2023-02-05,False,2021-02-01,September,Sep
2022-09-22,228,8,2022,33,2,,2022-09-25,2023-02-05,False,2021-02-01,September,Sep
2022-09-23,229,8,2022,33,2,,2022-09-25,2023-02-05,False,2021-02-01,September,Sep
2022-09-24,230,8,2022,33,2,,2022-09-25,2023-02-05,True,2021-02-01,September,Sep
2022-09-25,231,8,2022,33,2,,2022-09-25,2023-02-05,False,2021-02-01,September,Sep
2022-09-26,232,8,2022,34,2,2022-10-02,2022-10-02,2023-02-05,False,2021-02-01,September,Sep
2022-09-27,233,8,2022,34,2,2022-10-02,2022-10-02,2023-02-05,False,2021-02-01,September,Sep
2022-09-28,234,8,2022,34,2,2022-10-02,2022-10-02,2023-02-05,False,2021-02-01,September,Sep
2022-09-29,235,8,2022,34,2,2022-10-02,2022-10-02,2023-02-05,False,2021-02-01,September,Sep
2022-09-30,236,8,2022,34,2,2022-10-02,2022-10-02,2023-02-05,False,2021-02-01,September,Sep
2022-10-01,237,8,2022,34,2,2022-10-02,2022-10-02,2023-02-05,True,2021-02-01,October,Oct
2022-10-02,238,8,2022,34,2,2022-10-02,2022-10-02,2023-02-05,False,2021-02-01,October,Oct
2022-10-03,239,9,2022,35,2,,2022-10-09,2023-02-05,False,2021-02-01,October,Oct
2022-10-04,240,9,2022,35,2,,2022-10-09,2023-02-05,False,2021-02-01,October,Oct
2022-10-05,241,9,2022,35,2,,2022-10-09,2023-02-05,False,2021-02-01,October,Oct
2022-10-06,242,9,2022,35,2,,2022-10-09,2023-02-05,False,2021-02-01,October,Oct
2022-10-07,243,9,2022,35,2,,2022-10-09,2023-02-05,False,2021-02-01,October,Oct
2022-10-08,244,9,2022,35,2,,2022-10-09,2023-02-05,True,2021-02-01,October,Oct
2022-10-09,245,9,2022,35,2,,2022-10-09,2023-02-05,False,2021-02-01,October,Oct
2022-10-10,246,9,2022,36,2,,2022-10-16,2023-02-05,False,2021-02-01,October,Oct
2022-10-11,247,9,2022,36,2,,2022-10-16,2023-02-05,False,2021-02-01,October,Oct
2022-10-12,248,9,2022,36,2,,2022-10-16,2023-02-05,False,2021-02-01,October,Oct
2022-10-13,249,9,2022,36,2,,2022-10-16,2023-02-05,False,2021-02-01,October,Oct
2022-10-14,250,9,2022,36,2,,2022-10-16,2023-02-05,False,2021-02-01,October,Oct
2022-10-15,251,9,2022,36,2,,2022-10-16,2023-02-05,True,2021-02-01,October,Oct
2022-10-16,252,9,2022,36,2,,2022-10-16,2023-02-05,False,2021-02-01,October,Oct
2022-10-17,253,9,2022,37,2,,2022-10-23,2023-02-05,False,2021-02-01,October,Oct
2022-10-18,254,9,2022,37,2,,2022-10-23,2023-02-05,False,2021-02-01,October,Oct
2022-10-19,255,9,2022,37,2,,2022-10-23,2023-02-05,False,2021-02-01,October,Oct
2022-10-20,256,9,2022,37,2,,2022-10-23,2023-02-05,False,2021-02-01,October,Oct
2022-10-21,257,9,2022,37,2,,2022-10-23,2023-02-05,False,2021-02-01,October,Oct
2022-10-22,258,9,2022,37,2,,2022-10-23,2023-02-05,True,2021-02-01,October,Oct
2022-10-23,259,9,2022,37,2,,2022-10-23,2023-02-05,False,2021-02-01,October,Oct
2022-10-24,260,9,2022,38,2,,2022-10-30,2023-02-05,False,2021-02-01,October,Oct
2022-10-25,261,9,2022,38,2,,2022-10-30,2023-02-05,False,2021-02-01,October,Oct
2022-10-26,262,9,2022,38,2,,2022-10-30,2023-02-05,False,2021-02-01,October,Oct
2022-10-27,263,9,2022,38,2,,2022-10-30,2023-02-05,False,2021-02-01,October,Oct
2022-10-28,264,9,2022,38,2,,2022-10-30,2023-02-05,False,2021-02-01,October,Oct
2022-10-29,265,9,2022,38,2,,2022-10-30,2023-02-05,True,2021-02-01,October,Oct
2022-10-30,266,9,2022,38,2,,2022-10-30,2023-02-05,False,2021-02-01,October,Oct
2022-10-31,267,9,2022,39,2,2022-11-06,2022-11-06,2023-02-05,False,2021-02-01,October,Oct
2022-11-01,268,9,2022,39,2,2022-11-06,2022-11-06,2023-02-05,False,2021-02-01,November,Nov
2022-11-02,269,9,2022,39,2,2022-11-06,2022-11-06,2023-02-05,False,2021-02-01,November,Nov
2022-11-03,270,9,2022,39,2,2022-11-06,2022-11-06,2023-02-05,False,2021-02-01,November,Nov
2022-11-04,271,9,2022,39,2,2022-11-06,2022-11-06,2023-02-05,False,2021-02-01,November,Nov
2022-11-05,272,9,2022,39,2,2022-11-06,2022-11-06,2023-02-05,True,2021-02-01,November,Nov
2022-11-06,273,9,2022,39,2,2022-11-06,2022-11-06,2023-02-05,False,2021-02-01,November,Nov
2022-11-07,274,10,2022,40,2,,2022-11-13,2023-02-05,False,2021-02-01,November,Nov
2022-11-08,275,10,2022,40,2,,2022-11-13,2023-02-05,False,2021-02-01,November,Nov
2022-11-09,276,10,2022,40,2,,2022-11-13,2023-02-05,False,2021-02-01,November,Nov
2022-11-10,277,10,2022,40,2,,2022-11-13,2023-02-05,False,2021-02-01,November,Nov
2022-11-11,278,10,2022,40,2,,2022-11-13,2023-02-05,False,2021-02-01,November,Nov
2022-11-12,279,10,2022,40,2,,2022-11-13,2023-02-05,True,2021-02-01,November,Nov
2022-11-13,280,10,2022,40,2,,2022-11-13,2023-02-05,False,2021-02-01,November,Nov
2022-11-14,281,10,2022,41,2,,2022-11-20,2023-02-05,False,2021-02-01,November,Nov
2022-11-15,282,10,2022,41,2,,2022-11-20,2023-02-05,False,2021-02-01,November,Nov
2022-11-16,283,10,2022,41,2,,2022-11-20,2023-02-05,False,2021-02-01,November,Nov
2022-11-17,284,10,2022,41,2,,2022-11-20,2023-02-05,False,2021-02-01,November,Nov
2022-11-18,285,10,2022,41,2,,2022-11-20,2023-02-05,False,2021-02-01,November,Nov
2022-11-19,286,10,2022,41,2,,2022-11-20,2023-02-05,True,2021-02-01,November,Nov
2022-11-20,287,10,2022,41,2,,2022-11-20,2023-02-05,False,2021-02-01,November,Nov
2022-11-21,288,10,2022,42,2,,2022-11-27,2023-02-05,False,2021-02-01,November,Nov
2022-11-22,289,10,2022,42,2,,2022-11-27,2023-02-05,False,2021-02-01,November,Nov
2022-11-23,290,10,2022,42,2,,2022-11-27,2023-02-05,False,2021-02-01,November,Nov
2022-11-24,291,10,2022,42,2,,2022-11-27,2023-02-05,False,2021-02-01,November,Nov
2022-11-25,292,10,2022,42,2,,2022-11-27,2023-02-05,False,2021-02-01,November,Nov
2022-11-26,293,10,2022,42,2,,2022-11-27,2023-02-05,True,2021-02-01,November,Nov
2022-11-27,294,10,2022,42,2,,2022-11-27,2023-02-05,False,2021-02-01,November,Nov
2022-11-28,295,10,2022,43,2,2022-12-04,2022-12-04,2023-02-05,False,2021-02-01,November,Nov
2022-11-29,296,10,2022,43,2,2022-12-04,2022-12-04,2023-02-05,False,2021-02-01,November,Nov
2022-11-30,297,10,2022,43,2,2022-12-04,2022-12-04,2023-02-05,False,2021-02-01,November,Nov
2022-12-01,298,10,2022,43,2,2022-12-04,2022-12-04,2023-02-05,False,2021-02-01,December,Dec
2022-12-02,299,10,2022,43,2,2022-12-04,2022-12-04,2023-02-05,False,2021-02-01,December,Dec
2022-12-03,300,10,2022,43,2,2022-12-04,2022-12-04,2023-02-05,True,2021-02-01,December,Dec
2022-12-04,301,10,2022,43,2,2022-12-04,2022-12-04,2023-02-05,False,2021-02-01,December,Dec
2022-12-05,302,11,2022,44,2,,2022-12-11,2023-02-05,False,2021-02-01,December,Dec
2022-12-06,303,11,2022,44,2,,2022-12-11,2023-02-05,False,2021-02-01,December,Dec
2022-12-07,304,11,2022,44,2,,2022-12-11,2023-02-05,False,2021-02-01,December,Dec
2022-12-08,305,11,2022,44,2,,2022-12-11,2023-02-05,False,2021-02-01,December,Dec
2022-12-09,306,11,2022,44,2,,2022-12-11,2023-02-05,False,2021-02-01,December,Dec
2022-12-10,307,11,2022,44,2,,2022-12-11,2023-02-05,True,2021-02-01,December,Dec
2022-12-11,308,11,2022,44,2,,2022-12-11,2023-02-05,False,2021-02-01,December,Dec
2022-12-12,309,11,2022,45,2,,2022-12-18,2023-02-05,False,2021-02-01,December,Dec
2022-12-13,310,11,2022,45,2,,2022-12-18,2023-02-05,False,2021-02-01,December,Dec
2022-12-14,311,11,2022,45,2,,2022-12-18,2023-02-05,False,2021-02-01,December,Dec
2022-12-15,312,11,2022,45,2,,2022-12-18,2023-02-05,False,2021-02-01,December,Dec
2022-12-16,313,11,2022,45,2,,2022-12-18,2023-02-05,False,2021-02-01,December,Dec
2022-12-17,314,11,2022,45,2,,2022-12-18,2023-02-05,True,2021-02-01,December,Dec
2022-12-18,315,11,2022,45,2,,2022-12-18,2023-02-05,False,2021-02-01,December,Dec
2022-12-19,316,11,2022,46,2,,2022-12-25,2023-02-05,False,2021-02-01,December,Dec
2022-12-20,317,11,2022,46,2,,2022-12-25,2023-02-05,False,2021-02-01,December,Dec
2022-12-21,318,11,2022,46,2,,2022-12-25,2023-02-05,False,2021-02-01,December,Dec
2022-12-22,319,11,2022,46,2,,2022-12-25,2023-02-05,False,2021-02-01,December,Dec
2022-12-23,320,11,2022,46,2,,2022-12-25,2023-02-05,False,2021-02-01,December,Dec
2022-12-24,321,11,2022,46,2,,2022-12-25,2023-02-05,True,2021-02-01,December,Dec
2022-12-25,322,11,2022,46,2,,2022-12-25,2023-02-05,False,2021-02-01,December,Dec
2022-12-26,323,11,2022,47,2,2023-01-01,2023-01-01,2023-02-05,False,2021-02-01,December,Dec
2022-12-27,324,11,2022,47,2,2023-01-01,2023-01-01,2023-02-05,False,2021-02-01,December,Dec
2022-12-28,325,11,2022,47,2,2023-01-01,2023-01-01,2023-02-05,False,2021-02-01,December,Dec
2022-12-29,326,11,2022,47,2,2023-01-01,2023-01-01,2023-02-05,False,2021-02-01,December,Dec
2022-12-30,327,11,2022,47,2,2023-01-01,2023-01-01,2023-02-05,False,2021-02-01,December,Dec
2022-12-31,328,11,2022,47,2,2023-01-01,2023-01-01,2023-02-05,True,2021-02-01,December,Dec
2023-01-01,329,11,2022,47,2,2023-01-01,2023-01-01,2023-02-05,False,2021-02-01,January,Jan
2023-01-02,330,12,2022,48,2,,2023-01-08,2023-02-05,False,2021-02-01,January,Jan
2023-01-03,331,12,2022,48,2,,2023-01-08,2023-02-05,False,2021-02-01,January,Jan
2023-01-04,332,12,2022,48,2,,2023-01-08,2023-02-05,False,2021-02-01,January,Jan
2023-01-05,333,12,2022,48,2,,2023-01-08,2023-02-05,False,2021-02-01,January,Jan
2023-01-06,334,12,2022,48,2,,2023-01-08,2023-02-05,False,2021-02-01,January,Jan
2023-01-07,335,12,2022,48,2,,2023-01-08,2023-02-05,True,2021-02-01,January,Jan
2023-01-08,336,12,2022,48,2,,2023-01-08,2023-02-05,False,2021-02-01,January,Jan
2023-01-09,337,12,2022,49,2,,2023-01-15,2023-02-05,False,2021-02-01,January,Jan
2023-01-10,338,12,2022,49,2,,2023-01-15,2023-02-05,False,2021-02-01,January,Jan
2023-01-11,339,12,2022,49,2,,2023-01-15,2023-02-05,False,2021-02-01,January,Jan
2023-01-12,340,12,2022,49,2,,2023-01-15,2023-02-05,False,2021-02-01,January,Jan
2023-01-13,341,12,2022,49,2,,2023-01-15,2023-02-05,False,2021-02-01,January,Jan
2023-01-14,342,12,2022,49,2,,2023-01-15,2023-02-05,True,2021-02-01,January,Jan
2023-01-15,343,12,2022,49,2,,2023-01-15,2023-02-05,False,2021-02-01,January,Jan
2023-01-16,344,12,2022,50,2,,2023-01-22,2023-02-05,False,2021-02-01,January,Jan
2023-01-17,345,12,2022,50,2,,2023-01-22,2023-02-05,False,2021-02-01,January,Jan
2023-01-18,346,12,2022,50,2,,2023-01-22,2023-02-05,False,2021-02-01,January,Jan
2023-01-19,347,12,2022,50,2,,2023-01-22,2023-02-05,False,2021-02-01,January,Jan
2023-01-20,348,12,2022,50,2,,2023-01-22,2023-02-05,False,2021-02-01,January,Jan
2023-01-21,349,12,2022,50,2,,2023-01-22,2023-02-05,True,2021-02-01,January,Jan
2023-01-22,350,12,2022,50,2,,2023-01-22,2023-02-05,False,2021-02-01,January,Jan
2023-01-23,351,12,2022,51,2,,2023-01-29,2023-02-05,False,2021-02-01,January,Jan
2023-01-24,352,12,2022,51,2,,2023-01-29,2023-02-05,False,2021-02-01,January,Jan
2023-01-25,353,12,2022,51,2,,2023-01-29,2023-02-05,False,2021-02-01,January,Jan
2023-01-26,354,12,2022,51,2,,2023-01-29,2023-02-05,False,2021-02-01,January,Jan
2023-01-27,355,12,2022,51,2,,2023-01-29,2023-02-05,False,2021-02-01,January,Jan
2023-01-28,356,12,2022,51,2,,2023-01-29,2023-02-05,True,2021-02-01,January,Jan
2023-01-29,357,12,2022,51,2,,2023-01-29,2023-02-05,False,2021-02-01,January,Jan
2023-01-30,358,12,2022,52,2,2023-02-05,2023-02-05,2023-02-05,False,2021-02-01,January,Jan
2023-01-31,359,12,2022,52,2,2023-02-05,2023-02-05,2023-02-05,False,2021-02-01,January,Jan
2023-02-01,360,12,2022,52,2,2023-02-05,2023-02-05,2023-02-05,False,2021-02-01,February,Feb
2023-02-02,361,12,2022,52,2,2023-02-05,2023-02-05,2023-02-05,False,2021-02-01,February,Feb
2023-02-03,362,12,2022,52,2,2023-02-05,2023-02-05,2023-02-05,False,2021-02-01,February,Feb
2023-02-04,363,12,2022,52,2,2023-02-05,2023-02-05,2023-02-05,True,2021-02-01,February,Feb
2023-02-05,364,12,2022,52,2,2023-02-05,2023-02-05,2023-02-05,False,2021-02-01,February,Feb
2023-02-06,1,1,2023,1,1,,2023-02-12,2023-08-06,False,2022-02-07,February,Feb
2023-02-07,2,1,2023,1,1,,2023-02-12,2023-08-06,False,2022-02-07,February,Feb
2023-02-08,3,1,2023,1,1,,2023-02-12,2023-08-06,False,2022-02-07,February,Feb
2023-02-09,4,1,2023,1,1,,2023-02-12,2023-08-06,False,2022-02-07,February,Feb
2023-02-10,5,1,2023,1,1,,2023-02-12,2023-08-06,False,2022-02-07,February,Feb
2023-02-11,6,1,2023,1,1,,2023-02-12,2023-08-06,True,2022-02-07,February,Feb
2023-02-12,7,1,2023,1,1,,2023-02-12,2023-08-06,False,2022-02-07,February,Feb
2023-02-13,8,1,2023,2,1,,2023-02-19,2023-08-06,False,2022-02-07,February,Feb
2023-02-14,9,1,2023,2,1,,2023-02-19,2023-08-06,False,2022-02-07,February,Feb
2023-02-15,10,1,2023,2,1,,2023-02-19,2023-08-06,False,2022-02-07,February,Feb
2023-02-16,11,1,2023,2,1,,2023-02-19,2023-08-06,False,2022-02-07,February,Feb
2023-02-17,12,1,2023,2,1,,2023-02-19,2023-08-06,False,2022-02-07,February,Feb
2023-02-18,13,1,2023,2,1,,2023-02-19,2023-08-06,True,2022-02-07,February,Feb
2023-02-19,14,1,2023,2,1,,2023-02-19,2023-08-06,False,2022-02-07,February,Feb
2023-02-20,15,1,2023,3,1,,2023-02-26,2023-08-06,False,2022-02-07,February,Feb
2023-02-21,16,1,2023,3,1,,2023-02-26,2023-08-06,False,2022-02-07,February,Feb
2023-02-22,17,1,2023,3,1,,2023-02-26,2023-08-06,False,2022-02-07,February,Feb
2023-02-23,18,1,2023,3,1,,2023-02-26,2023-08-06,False,2022-02-07,February,Feb
2023-02-24,19,1,2023,3,1,,2023-02-26,2023-08-06,False,2022-02-07,February,Feb
2023-02-25,20,1,2023,3,1,,2023-02-26,2023-08-06,True,2022-02-07,February,Feb
2023-02-26,21,1,2023,3,1,,2023-02-26,2023-08-06,False,2022-02-07,February,Feb
2023-02-27,22,1,2023,4,1,2023-03-05,2023-03-05,2023-08-06,False,2022-02-07,February,Feb
2023-02-28,23,1,2023,4,1,2023-03-05,2023-03-05,2023-08-06,False,2022-02-07,February,Feb
2023-03-01,24,1,2023,4,1,2023-03-05,2023-03-05,2023-08-06,False,2022-02-07,March,Mar
2023-03-02,25,1,2023,4,1,2023-03-05,2023-03-05,2023-08-06,False,2022-02-07,March,Mar
2023-03-03,26,1,2023,4,1,2023-03-05,2023-03-05,2023-08-06,False,2022-02-07,March,Mar
2023-03-04,27,1,2023,4,1,2023-03-05,2023-03-05,2023-08-06,True,2022-02-07,March,Mar
2023-03-05,28,1,2023,4,1,2023-03-05,2023-03-05,2023-08-06,False,2022-02-07,March,Mar
2023-03-06,29,2,2023,5,1,,2023-03-12,2023-08-06,False,2022-02-07,March,Mar
2023-03-07,30,2,2023,5,1,,2023-03-12,2023-08-06,False,2022-02-07,March,Mar
2023-03-08,31,2,2023,5,1,,2023-03-12,2023-08-06,False,2022-02-07,March,Mar
2023-03-09,32,2,2023,5,1,,2023-03-12,2023-08-06,False,2022-02-07,March,Mar
2023-03-10,33,2,2023,5,1,,2023-03-12,2023-08-06,False,2022-02-07,March,Mar
2023-03-11,34,2,2023,5,1,,2023-03-12,2023-08-06,True,2022-02-07,March,Mar
2023-03-12,35,2,2023,5,1,,2023-03-12,2023-08-06,False,2022-02-07,March,Mar
2023-03-13,36,2,2023,6,1,,2023-03-19,2023-08-06,False,2022-02-07,March,Mar
2023-03-14,37,2,2023,6,1,,2023-03-19,2023-08-06,False,2022-02-07,March,Mar
2023-03-15,38,2,2023,6,1,,2023-03-19,2023-08-06,False,2022-02-07,March,Mar
2023-03-16,39,2,2023,6,1,,2023-03-19,2023-08-06,False,2022-02-07,March,Mar
2023-03-17,40,2,2023,6,1,,2023-03-19,2023-08-06,False,2022-02-07,March,Mar
2023-03-18,41,2,2023,6,1,,2023-03-19,2023-08-06,True,2022-02-07,March,Mar
2023-03-19,42,2,2023,6,1,,2023-03-19,2023-08-06,False,2022-02-07,March,Mar
2023-03-20,43,2,2023,7,1,,2023-03-26,2023-08-06,False,2022-02-07,March,Mar
2023-03-21,44,2,2023,7,1,,2023-03-26,2023-08-06,False,2022-02-07,March,Mar
2023-03-22,45,2,2023,7,1,,2023-03-26,2023-08-06,False,2022-02-07,March,Mar
2023-03-23,46,2,2023,7,1,,2023-03-26,2023-08-06,False,2022-02-07,March,Mar
2023-03-24,47,2,2023,7,1,,2023-03-26,2023-08-06,False,2022-02-07,March,Mar
2023-03-25,48,2,2023,7,1,,2023-03-26,2023-08-06,True,2022-02-07,March,Mar
2023-03-26,49,2,2023,7,1,,2023-03-26,2023-08-06,False,2022-02-07,March,Mar
2023-03-27,50,2,2023,8,1,2023-04-02,2023-04-02,2023-08-06,False,2022-02-07,March,Mar
2023-03-28,51,2,2023,8,1,2023-04-02,2023-04-02,2023-08-06,False,2022-02-07,March,Mar
2023-03-29,52,2,2023,8,1,2023-04-02,2023-04-02,2023-08-06,False,2022-02-07,March,Mar
2023-03-30,53,2,2023,8,1,2023-04-02,2023-04-02,2023-08-06,False,2022-02-07,March,Mar
2023-03-31,54,2,2023,8,1,2023-04-02,2023-04-02,2023-08-06,False,2022-02-07,March,Mar
2023-04-01,55,2,2023,8,1,2023-04-02,2023-04-02,2023-08-06,True,2022-02-07,April,Apr
2023-04-02,56,2,2023,8,1,2023-04-02,2023-04-02,2023-08-06,False,2022-02-07,April,Apr
2023-04-03,57,3,2023,9,1,,2023-04-09,2023-08-06,False,2022-02-07,April,Apr
2023-04-04,58,3,2023,9,1,,2023-04-09,2023-08-06,False,2022-02-07,April,Apr
2023-04-05,59,3,2023,9,1,,2023-04-09,2023-08-06,False,2022-02-07,April,Apr
2023-04-06,60,3,2023,9,1,,2023-04-09,2023-08-06,False,2022-02-07,April,Apr
2023-04-07,61,3,2023,9,1,,2023-04-09,2023-08-06,False,2022-02-07,April,Apr
2023-04-08,62,3,2023,9,1,,2023-04-09,2023-08-06,True,2022-02-07,April,Apr
2023-04-09,63,3,2023,9,1,,2023-04-09,2023-08-06,False,2022-02-07,April,Apr
2023-04-10,64,3,2023,10,1,,2023-04-16,2023-08-06,False,2022-02-07,April,Apr
2023-04-11,65,3,2023,10,1,,2023-04-16,2023-08-06,False,2022-02-07,April,Apr
2023-04-12,66,3,2023,10,1,,2023-04-16,2023-08-06,False,2022-02-07,April,Apr
2023-04-13,67,3,2023,10,1,,2023-04-16,2023-08-06,False,2022-02-07,April,Apr
2023-04-14,68,3,2023,10,1,,2023-04-16,2023-08-06,False,2022-02-07,April,Apr
2023-04-15,69,3,2023,10,1,,2023-04-16,2023-08-06,True,2022-02-07,April,Apr
2023-04-16,70,3,2023,10,1,,2023-04-16,2023-08-06,False,2022-02-07,April,Apr
2023-04-17,71,3,2023,11,1,,2023-04-23,2023-08-06,False,2022-02-07,April,Apr
2023-04-18,72,3,2023,11,1,,2023-04-23,2023-08-06,False,2022-02-07,April,Apr
2023-04-19,73,3,2023,11,1,,2023-04-23,2023-08-06,False,2022-02-07,April,Apr
2023-04-20,74,3,2023,11,1,,2023-04-23,2023-08-06,False,2022-02-07,April,Apr
2023-04-21,75,3,2023,11,1,,2023-04-23,2023-08-06,False,2022-02-07,April,Apr
2023-04-22,76,3,2023,11,1,,2023-04-23,2023-08-06,True,2022-02-07,April,Apr
2023-04-23,77,3,2023,11,1,,2023-04-23,2023-08-06,False,2022-02-07,April,Apr
2023-04-24,78,3,2023,12,1,,2023-04-30,2023-08-06,False,2022-02-07,April,Apr
2023-04-25,79,3,2023,12,1,,2023-04-30,2023-08-06,False,2022-02-07,April,Apr
2023-04-26,80,3,2023,12,1,,2023-04-30,2023-08-06,False,2022-02-07,April,Apr
2023-04-27,81,3,2023,12,1,,2023-04-30,2023-08-06,False,2022-02-07,April,Apr
2023-04-28,82,3,2023,12,1,,2023-04-30,2023-08-06,False,2022-02-07,April,Apr
2023-04-29,83,3,2023,12,1,,2023-04-30,2023-08-06,True,2022-02-07,April,Apr
2023-04-30,84,3,2023,12,1,,2023-04-30,2023-08-06,False,2022-02-07,April,Apr
2023-05-01,85,3,2023,13,1,2023-05-07,2023-05-07,2023-08-06,False,2022-02-07,May,May
2023-05-02,86,3,2023,13,1,2023-05-07,2023-05-07,2023-08-06,False,2022-02-07,May,May
2023-05-03,87,3,2023,13,1,2023-05-07,2023-05-07,2023-08-06,False,2022-02-07,May,May
2023-05-04,88,3,2023,13,1,2023-05-07,2023-05-07,2023-08-06,False,2022-02-07,May,May
2023-05-05,89,3,2023,13,1,2023-05-07,2023-05-07,2023-08-06,False,2022-02-07,May,May
2023-05-06,90,3,2023,13,1,2023-05-07,2023-05-07,2023-08-06,True,2022-02-07,May,May
2023-05-07,91,3,2023,13,1,2023-05-07,2023-05-07,2023-08-06,False,2022-02-07,May,May
2023-05-08,92,4,2023,14,1,,2023-05-14,2023-08-06,False,2022-02-07,May,May
2023-05-09,93,4,2023,14,1,,2023-05-14,2023-08-06,False,2022-02-07,May,May
2023-05-10,94,4,2023,14,1,,2023-05-14,2023-08-06,False,2022-02-07,May,May
2023-05-11,95,4,2023,14,1,,2023-05-14,2023-08-06,False,2022-02-07,May,May
2023-05-12,96,4,2023,14,1,,2023-05-14,2023-08-06,False,2022-02-07,May,May
2023-05-13,97,4,2023,14,1,,2023-05-14,2023-08-06,True,2022-02-07,May,May
2023-05-14,98,4,2023,14,1,,2023-05-14,2023-08-06,False,2022-02-07,May,May
2023-05-15,99,4,2023,15,1,,2023-05-21,2023-08-06,False,2022-02-07,May,May
2023-05-16,100,4,2023,15,1,,2023-05-21,2023-08-06,False,2022-02-07,May,May
2023-05-17,101,4,2023,15,1,,2023-05-21,2023-08-06,False,2022-02-07,May,May
2023-05-18,102,4,2023,15,1,,2023-05-21,2023-08-06,False,2022-02-07,May,May
2023-05-19,103,4,2023,15,1,,2023-05-21,2023-08-06,False,2022-02-07,May,May
2023-05-20,104,4,2023,15,1,,2023-05-21,2023-08-06,True,2022-02-07,May,May
2023-05-21,105,4,2023,15,1,,2023-05-21,2023-08-06,False,2022-02-07,May,May
2023-05-22,106,4,2023,16,1,,2023-05-28,2023-08-06,False,2022-02-07,May,May
2023-05-23,107,4,2023,16,1,,2023-05-28,2023-08-06,False,2022-02-07,May,May
2023-05-24,108,4,2023,16,1,,2023-05-28,2023-08-06,False,2022-02-07,May,May
2023-05-25,109,4,2023,16,1,,2023-05-28,2023-08-06,False,2022-02-07,May,May
2023-05-26,110,4,2023,16,1,,2023-05-28,2023-08-06,False,2022-02-07,May,May
2023-05-27,111,4,2023,16,1,,2023-05-28,2023-08-06,True,2022-02-07,May,May
2023-05-28,112,4,2023,16,1,,2023-05-28,2023-08-06,False,2022-02-07,May,May
2023-05-29,113,4,2023,17,1,2023-06-04,2023-06-04,2023-08-06,False,2022-02-07,May,May
2023-05-30,114,4,2023,17,1,2023-06-04,2023-06-04,2023-08-06,False,2022-02-07,May,May
2023-05-31,115,4,2023,17,1,2023-06-04,2023-06-04,2023-08-06,False,2022-02-07,May,May
2023-06-01,116,4,2023,17,1,2023-06-04,2023-06-04,2023-08-06,False,2022-02-07,June,Jun
2023-06-02,117,4,2023,17,1,2023-06-04,2023-06-04,2023-08-06,False,2022-02-07,June,Jun
2023-06-03,118,4,2023,17,1,2023-06-04,2023-06-04,2023-08-06,True,2022-02-07,June,Jun
2023-06-04,119,4,2023,17,1,2023-06-04,2023-06-04,2023-08-06,False,2022-02-07,June,Jun
2023-06-05,120,5,2023,18,1,,2023-06-11,2023-08-06,False,2022-02-07,June,Jun
2023-06-06,121,5,2023,18,1,,2023-06-11,2023-08-06,False,2022-02-07,June,Jun
2023-06-07,122,5,2023,18,1,,2023-06-11,2023-08-06,False,2022-02-07,June,Jun
2023-06-08,123,5,2023,18,1,,2023-06-11,2023-08-06,False,2022-02-07,June,Jun
2023-06-09,124,5,2023,18,1,,2023-06-11,2023-08-06,False,2022-02-07,June,Jun
2023-06-10,125,5,2023,18,1,,2023-06-11,2023-08-06,True,2022-02-07,June,Jun
2023-06-11,126,5,2023,18,1,,2023-06-11,2023-08-06,False,2022-02-07,June,Jun
2023-06-12,127,5,2023,19,1,,2023-06-18,2023-08-06,False,2022-02-07,June,Jun
2023-06-13,128,5,2023,19,1,,2023-06-18,2023-08-06,False,2022-02-07,June,Jun
2023-06-14,129,5,2023,19,1,,2023-06-18,2023-08-06,False,2022-02-07,June,Jun
2023-06-15,130,5,2023,19,1,,2023-06-18,2023-08-06,False,2022-02-07,June,Jun
2023-06-16,131,5,2023,19,1,,2023-06-18,2023-08-06,False,2022-02-07,June,Jun
2023-06-17,132,5,2023,19,1,,2023-06-18,2023-08-06,True,2022-02-07,June,Jun
2023-06-18,133,5,2023,19,1,,2023-06-18,2023-08-06,False,2022-02-07,June,Jun
2023-06-19,134,5,2023,20,1,,2023-06-25,2023-08-06,False,2022-02-07,June,Jun
2023-06-20,135,5,2023,20,1,,2023-06-25,2023-08-06,False,2022-02-07,June,Jun
2023-06-21,136,5,2023,20,1,,2023-06-25,2023-08-06,False,2022-02-07,June,Jun
2023-06-22,137,5,2023,20,1,,2023-06-25,2023-08-06,False,2022-02-07,June,Jun
2023-06-23,138,5,2023,20,1,,2023-06-25,2023-08-06,False,2022-02-07,June,Jun
2023-06-24,139,5,2023,20,1,,2023-06-25,2023-08-06,True,2022-02-07,June,Jun
2023-06-25,140,5,2023,20,1,,2023-06-25,2023-08-06,False,2022-02-07,June,Jun
2023-06-26,141,5,2023,21,1,2023-07-02,2023-07-02,2023-08-06,False,2022-02-07,June,Jun
2023-06-27,142,5,2023,21,1,2023-07-02,2023-07-02,2023-08-06,False,2022-02-07,June,Jun
2023-06-28,143,5,2023,21,1,2023-07-02,2023-07-02,2023-08-06,False,2022-02-07,June,Jun
2023-06-29,144,5,2023,21,1,2023-07-02,2023-07-02,2023-08-06,False,2022-02-07,June,Jun
2023-06-30,145,5,2023,21,1,2023-07-02,2023-07-02,2023-08-06,False,2022-02-07,June,Jun
2023-07-01,146,5,2023,21,1,2023-07-02,2023-07-02,2023-08-06,True,2022-02-07,July,Jul
2023-07-02,147,5,2023,21,1,2023-07-02,2023-07-02,2023-08-06,False,2022-02-07,July,Jul
2023-07-03,148,6,2023,22,1,,2023-07-09,2023-08-06,False,2022-02-07,July,Jul
2023-07-04,149,6,2023,22,1,,2023-07-09,2023-08-06,False,2022-02-07,July,Jul
2023-07-05,150,6,2023,22,1,,2023-07-09,2023-08-06,False,2022-02-07,July,Jul
2023-07-06,151,6,2023,22,1,,2023-07-09,2023-08-06,False,2022-02-07,July,Jul
2023-07-07,152,6,2023,22,1,,2023-07-09,2023-08-06,False,2022-02-07,July,Jul
2023-07-08,153,6,2023,22,1,,2023-07-09,2023-08-06,True,2022-02-07,July,Jul
2023-07-09,154,6,2023,22,1,,2023-07-09,2023-08-06,False,2022-02-07,July,Jul
2023-07-10,155,6,2023,23,1,,2023-07-16,2023-08-06,False,2022-02-07,July,Jul
2023-07-11,156,6,2023,23,1,,2023-07-16,2023-08-06,False,2022-02-07,July,Jul
2023-07-12,157,6,2023,23,1,,2023-07-16,2023-08-06,False,2022-02-07,July,Jul
2023-07-13,158,6,2023,23,1,,2023-07-16,2023-08-06,False,2022-02-07,July,Jul
2023-07-14,159,6,2023,23,1,,2023-07-16,2023-08-06,False,2022-02-07,July,Jul
2023-07-15,160,6,2023,23,1,,2023-07-16,2023-08-06,True,2022-02-07,July,Jul
2023-07-16,161,6,2023,23,1,,2023-07-16,2023-08-06,False,2022-02-07,July,Jul
2023-07-17,162,6,2023,24,1,,2023-07-23,2023-08-06,False,2022-02-07,July,Jul
2023-07-18,163,6,2023,24,1,,2023-07-23,2023-08-06,False,2022-02-07,July,Jul
2023-07-19,164,6,2023,24,1,,2023-07-23,2023-08-06,False,2022-02-07,July,Jul
2023-07-20,165,6,2023,24,1,,2023-07-23,2023-08-06,False,2022-02-07,July,Jul
2023-07-21,166,6,2023,24,1,,2023-07-23,2023-08-06,False,2022-02-07,July,Jul
2023-07-22,167,6,2023,24,1,,2023-07-23,2023-08-06,True,2022-02-07,July,Jul
2023-07-23,168,6,2023,24,1,,2023-07-23,2023-08-06,False,2022-02-07,July,Jul
2023-07-24,169,6,2023,25,1,,2023-07-30,2023-08-06,False,2022-02-07,July,Jul
2023-07-25,170,6,2023,25,1,,2023-07-30,2023-08-06,False,2022-02-07,July,Jul
2023-07-26,171,6,2023,25,1,,2023-07-30,2023-08-06,False,2022-02-07,July,Jul
2023-07-27,172,6,2023,25,1,,2023-07-30,2023-08-06,False,2022-02-07,July,Jul
2023-07-28,173,6,2023,25,1,,2023-07-30,2023-08-06,False,2022-02-07,July,Jul
2023-07-29,174,6,2023,25,1,,2023-07-30,2023-08-06,True,2022-02-07,July,Jul
2023-07-30,175,6,2023,25,1,,2023-07-30,2023-08-06,False,2022-02-07,July,Jul
2023-07-31,176,6,2023,26,1,2023-08-06,2023-08-06,2023-08-06,False,2022-02-07,July,Jul
2023-08-01,177,6,2023,26,1,2023-08-06,2023-08-06,2023-08-06,False,2022-02-07,August,Aug
2023-08-02,178,6,2023,26,1,2023-08-06,2023-08-06,2023-08-06,False,2022-02-07,August,Aug
2023-08-03,179,6,2023,26,1,2023-08-06,2023-08-06,2023-08-06,False,2022-02-07,August,Aug
2023-08-04,180,6,2023,26,1,2023-08-06,2023-08-06,2023-08-06,False,2022-02-07,August,Aug
2023-08-05,181,6,2023,26,1,2023-08-06,2023-08-06,2023-08-06,True,2022-02-07,August,Aug
2023-08-06,182,6,2023,26,1,2023-08-06,2023-08-06,2023-08-06,False,2022-02-07,August,Aug
2023-08-07,183,7,2023,27,2,,2023-08-13,2024-02-04,False,2022-02-07,August,Aug
2023-08-08,184,7,2023,27,2,,2023-08-13,2024-02-04,False,2022-02-07,August,Aug
2023-08-09,185,7,2023,27,2,,2023-08-13,2024-02-04,False,2022-02-07,August,Aug
2023-08-10,186,7,2023,27,2,,2023-08-13,2024-02-04,False,2022-02-07,August,Aug
2023-08-11,187,7,2023,27,2,,2023-08-13,2024-02-04,False,2022-02-07,August,Aug
2023-08-12,188,7,2023,27,2,,2023-08-13,2024-02-04,True,2022-02-07,August,Aug
2023-08-13,189,7,2023,27,2,,2023-08-13,2024-02-04,False,2022-02-07,August,Aug
2023-08-14,190,7,2023,28,2,,2023-08-20,2024-02-04,False,2022-02-07,August,Aug
2023-08-15,191,7,2023,28,2,,2023-08-20,2024-02-04,False,2022-02-07,August,Aug
2023-08-16,192,7,2023,28,2,,2023-08-20,2024-02-04,False,2022-02-07,August,Aug
2023-08-17,193,7,2023,28,2,,2023-08-20,2024-02-04,False,2022-02-07,August,Aug
2023-08-18,194,7,2023,28,2,,2023-08-20,2024-02-04,False,2022-02-07,August,Aug
2023-08-19,195,7,2023,28,2,,2023-08-20,2024-02-04,True,2022-02-07,August,Aug
2023-08-20,196,7,2023,28,2,,2023-08-20,2024-02-04,False,2022-02-07,August,Aug
2023-08-21,197,7,2023,29,2,,2023-08-27,2024-02-04,False,2022-02-07,August,Aug
2023-08-22,198,7,2023,29,2,,2023-08-27,2024-02-04,False,2022-02-07,August,Aug
2023-08-23,199,7,2023,29,2,,2023-08-27,2024-02-04,False,2022-02-07,August,Aug
2023-08-24,200,7,2023,29,2,,2023-08-27,2024-02-04,False,2022-02-07,August,Aug
2023-08-25,201,7,2023,29,2,,2023-08-27,2024-02-04,False,2022-02-07,August,Aug
2023-08-26,202,7,2023,29,2,,2023-08-27,2024-02-04,True,2022-02-07,August,Aug
2023-08-27,203,7,2023,29,2,,2023-08-27,2024-02-04,False,2022-02-07,August,Aug
2023-08-28,204,7,2023,30,2,2023-09-03,2023-09-03,2024-02-04,False,2022-02-07,August,Aug
2023-08-29,205,7,2023,30,2,2023-09-03,2023-09-03,2024-02-04,False,2022-02-07,August,Aug
2023-08-30,206,7,2023,30,2,2023-09-03,2023-09-03,2024-02-04,False,2022-02-07,August,Aug
2023-08-31,207,7,2023,30,2,2023-09-03,2023-09-03,2024-02-04,False,2022-02-07,August,Aug
2023-09-01,208,7,2023,30,2,2023-09-03,2023-09-03,2024-02-04,False,2022-02-07,September,Sep
2023-09-02,209,7,2023,30,2,2023-09-03,2023-09-03,2024-02-04,True,2022-02-07,September,Sep
2023-09-03,210,7,2023,30,2,2023-09-03,2023-09-03,2024-02-04,False,2022-02-07,September,Sep
2023-09-04,211,8,2023,31,2,,2023-09-10,2024-02-04,False,2022-02-07,September,Sep
2023-09-05,212,8,2023,31,2,,2023-09-10,2024-02-04,False,2022-02-07,September,Sep
2023-09-06,213,8,2023,31,2,,2023-09-10,2024-02-04,False,2022-02-07,September,Sep
2023-09-07,214,8,2023,31,2,,2023-09-10,2024-02-04,False,2022-02-07,September,Sep
2023-09-08,215,8,2023,31,2,,2023-09-10,2024-02-04,False,2022-02-07,September,Sep
2023-09-09,216,8,2023,31,2,,2023-09-10,2024-02-04,True,2022-02-07,September,Sep
2023-09-10,217,8,2023,31,2,,2023-09-10,2024-02-04,False,2022-02-07,September,Sep
2023-09-11,218,8,2023,32,2,,2023-09-17,2024-02-04,False,2022-02-07,September,Sep
2023-09-12,219,8,2023,32,2,,2023-09-17,2024-02-04,False,2022-02-07,September,Sep
2023-09-13,220,8,2023,32,2,,2023-09-17,2024-02-04,False,2022-02-07,September,Sep
2023-09-14,221,8,2023,32,2,,2023-09-17,2024-02-04,False,2022-02-07,September,Sep
2023-09-15,222,8,2023,32,2,,2023-09-17,2024-02-04,False,2022-02-07,September,Sep
2023-09-16,223,8,2023,32,2,,2023-09-17,2024-02-04,True,2022-02-07,September,Sep
2023-09-17,224,8,2023,32,2,,2023-09-17,2024-02-04,False,2022-02-07,September,Sep
2023-09-18,225,8,2023,33,2,,2023-09-24,2024-02-04,False,2022-02-07,September,Sep
2023-09-19,226,8,2023,33,2,,2023-09-24,2024-02-04,False,2022-02-07,September,Sep
2023-09-20,227,8,2023,33,2,,2023-09-24,2024-02-04,False,2022-02-07,September,Sep
2023-09-21,228,8,2023,33,2,,2023-09-24,2024-02-04,False,2022-02-07,September,Sep
2023-09-22,229,8,2023,33,2,,2023-09-24,2024-02-04,False,2022-02-07,September,Sep
2023-09-23,230,8,2023,33,2,,2023-09-24,2024-02-04,True,2022-02-07,September,Sep
2023-09-24,231,8,2023,33,2,,2023-09-24,2024-02-04,False,2022-02-07,September,Sep
2023-09-25,232,8,2023,34,2,2023-10-01,2023-10-01,2024-02-04,False,2022-02-07,September,Sep
2023-09-26,233,8,2023,34,2,2023-10-01,2023-10-01,2024-02-04,False,2022-02-07,September,Sep
2023-09-27,234,8,2023,34,2,2023-10-01,2023-10-01,2024-02-04,False,2022-02-07,September,Sep
2023-09-28,235,8,2023,34,2,2023-10-01,2023-10-01,2024-02-04,False,2022-02-07,September,Sep
2023-09-29,236,8,2023,34,2,2023-10-01,2023-10-01,2024-02-04,False,2022-02-07,September,Sep
2023-09-30,237,8,2023,34,2,2023-10-01,2023-10-01,2024-02-04,True,2022-02-07,September,Sep
2023-10-01,238,8,2023,34,2,2023-10-01,2023-10-01,2024-02-04,False,2022-02-07,October,Oct
2023-10-02,239,9,2023,35,2,,2023-10-08,2024-02-04,False,2022-02-07,October,Oct
2023-10-03,240,9,2023,35,2,,2023-10-08,2024-02-04,False,2022-02-07,October,Oct
2023-10-04,241,9,2023,35,2,,2023-10-08,2024-02-04,False,2022-02-07,October,Oct
2023-10-05,242,9,2023,35,2,,2023-10-08,2024-02-04,False,2022-02-07,October,Oct
2023-10-06,243,9,2023,35,2,,2023-10-08,2024-02-04,False,2022-02-07,October,Oct
2023-10-07,244,9,2023,35,2,,2023-10-08,2024-02-04,True,2022-02-07,October,Oct
2023-10-08,245,9,2023,35,2,,2023-10-08,2024-02-04,False,2022-02-07,October,Oct
2023-10-09,246,9,2023,36,2,,2023-10-15,2024-02-04,False,2022-02-07,October,Oct
2023-10-10,247,9,2023,36,2,,2023-10-15,2024-02-04,False,2022-02-07,October,Oct
2023-10-11,248,9,2023,36,2,,2023-10-15,2024-02-04,False,2022-02-07,October,Oct
2023-10-12,249,9,2023,36,2,,2023-10-15,2024-02-04,False,2022-02-07,October,Oct
2023-10-13,250,9,2023,36,2,,2023-10-15,2024-02-04,False,2022-02-07,October,Oct
2023-10-14,251,9,2023,36,2,,2023-10-15,2024-02-04,True,2022-02-07,October,Oct
2023-10-15,252,9,2023,36,2,,2023-10-15,2024-02-04,False,2022-02-07,October,Oct
2023-10-16,253,9,2023,37,2,,2023-10-22,2024-02-04,False,2022-02-07,October,Oct
2023-10-17,254,9,2023,37,2,,2023-10-22,2024-02-04,False,2022-02-07,October,Oct
2023-10-18,255,9,2023,37,2,,2023-10-22,2024-02-04,False,2022-02-07,October,Oct
2023-10-19,256,9,2023,37,2,,2023-10-22,2024-02-04,False,2022-02-07,October,Oct
2023-10-20,257,9,2023,37,2,,2023-10-22,2024-02-04,False,2022-02-07,October,Oct
2023-10-21,258,9,2023,37,2,,2023-10-22,2024-02-04,True,2022-02-07,October,Oct
2023-10-22,259,9,2023,37,2,,2023-10-22,2024-02-04,False,2022-02-07,October,Oct
2023-10-23,260,9,2023,38,2,,2023-10-29,2024-02-04,False,2022-02-07,October,Oct
2023-10-24,261,9,2023,38,2,,2023-10-29,2024-02-04,False,2022-02-07,October,Oct
2023-10-25,262,9,2023,38,2,,2023-10-29,2024-02-04,False,2022-02-07,October,Oct
2023-10-26,263,9,2023,38,2,,2023-10-29,2024-02-04,False,2022-02-07,October,Oct
2023-10-27,264,9,2023,38,2,,2023-10-29,2024-02-04,False,2022-02-07,October,Oct
2023-10-28,265,9,2023,38,2,,2023-10-29,2024-02-04,True,2022-02-07,October,Oct
2023-10-29,266,9,2023,38,2,,2023-10-29,2024-02-04,False,2022-02-07,October,Oct
2023-10-30,267,9,2023,39,2,2023-11-05,2023-11-05,2024-02-04,False,2022-02-07,October,Oct
2023-10-31,268,9,2023,39,2,2023-11-05,2023-11-05,2024-02-04,False,2022-02-07,October,Oct
2023-11-01,269,9,2023,39,2,2023-11-05,2023-11-05,2024-02-04,False,2022-02-07,November,Nov
2023-11-02,270,9,2023,39,2,2023-11-05,2023-11-05,2024-02-04,False,2022-02-07,November,Nov
2023-11-03,271,9,2023,39,2,2023-11-05,2023-11-05,2024-02-04,False,2022-02-07,November,Nov
2023-11-04,272,9,2023,39,2,2023-11-05,2023-11-05,2024-02-04,True,2022-02-07,November,Nov
2023-11-05,273,9,2023,39,2,2023-11-05,2023-11-05,2024-02-04,False,2022-02-07,November,Nov
2023-11-06,274,10,2023,40,2,,2023-11-12,2024-02-04,False,2022-02-07,November,Nov
2023-11-07,275,10,2023,40,2,,2023-11-12,2024-02-04,False,2022-02-07,November,Nov
2023-11-08,276,10,2023,40,2,,2023-11-12,2024-02-04,False,2022-02-07,November,Nov
2023-11-09,277,10,2023,40,2,,2023-11-12,2024-02-04,False,2022-02-07,November,Nov
2023-11-10,278,10,2023,40,2,,2023-11-12,2024-02-04,False,2022-02-07,November,Nov
2023-11-11,279,10,2023,40,2,,2023-11-12,2024-02-04,True,2022-02-07,November,Nov
2023-11-12,280,10,2023,40,2,,2023-11-12,2024-02-04,False,2022-02-07,November,Nov
2023-11-13,281,10,2023,41,2,,2023-11-19,2024-02-04,False,2022-02-07,November,Nov
2023-11-14,282,10,2023,41,2,,2023-11-19,2024-02-04,False,2022-02-07,November,Nov
2023-11-15,283,10,2023,41,2,,2023-11-19,2024-02-04,False,2022-02-07,November,Nov
2023-11-16,284,10,2023,41,2,,2023-11-19,2024-02-04,False,2022-02-07,November,Nov
2023-11-17,285,10,2023,41,2,,2023-11-19,2024-02-04,False,2022-02-07,November,Nov
2023-11-18,286,10,2023,41,2,,2023-11-19,2024-02-04,True,2022-02-07,November,Nov
2023-11-19,287,10,2023,41,2,,2023-11-19,2024-02-04,False,2022-02-07,November,Nov
2023-11-20,288,10,2023,42,2,,2023-11-26,2024-02-04,False,2022-02-07,November,Nov
2023-11-21,289,10,2023,42,2,,2023-11-26,2024-02-04,False,2022-02-07,November,Nov
2023-11-22,290,10,2023,42,2,,2023-11-26,2024-02-04,False,2022-02-07,November,Nov
2023-11-23,291,10,2023,42,2,,2023-11-26,2024-02-04,False,2022-02-07,November,Nov
2023-11-24,292,10,2023,42,2,,2023-11-26,2024-02-04,False,2022-02-07,November,Nov
2023-11-25,293,10,2023,42,2,,2023-11-26,2024-02-04,True,2022-02-07,November,Nov
2023-11-26,294,10,2023,42,2,,2023-11-26,2024-02-04,False,2022-02-07,November,Nov
2023-11-27,295,10,2023,43,2,2023-12-03,2023-12-03,2024-02-04,False,2022-02-07,November,Nov
2023-11-28,296,10,2023,43,2,2023-12-03,2023-12-03,2024-02-04,False,2022-02-07,November,Nov
2023-11-29,297,10,2023,43,2,2023-12-03,2023-12-03,2024-02-04,False,2022-02-07,November,Nov
2023-11-30,298,10,2023,43,2,2023-12-03,2023-12-03,2024-02-04,False,2022-02-07,November,Nov
2023-12-01,299,10,2023,43,2,2023-12-03,2023-12-03,2024-02-04,False,2022-02-07,December,Dec
2023-12-02,300,10,2023,43,2,2023-12-03,2023-12-03,2024-02-04,True,2022-02-07,December,Dec
2023-12-03,301,10,2023,43,2,2023-12-03,2023-12-03,2024-02-04,False,2022-02-07,December,Dec
2023-12-04,302,11,2023,44,2,,2023-12-10,2024-02-04,False,2022-02-07,December,Dec
2023-12-05,303,11,2023,44,2,,2023-12-10,2024-02-04,False,2022-02-07,December,Dec
2023-12-06,304,11,2023,44,2,,2023-12-10,2024-02-04,False,2022-02-07,December,Dec
2023-12-07,305,11,2023,44,2,,2023-12-10,2024-02-04,False,2022-02-07,December,Dec
2023-12-08,306,11,2023,44,2,,2023-12-10,2024-02-04,False,2022-02-07,December,Dec
2023-12-09,307,11,2023,44,2,,2023-12-10,2024-02-04,True,2022-02-07,December,Dec
2023-12-10,308,11,2023,44,2,,2023-12-10,2024-02-04,False,2022-02-07,December,Dec
2023-12-11,309,11,2023,45,2,,2023-12-17,2024-02-04,False,2022-02-07,December,Dec
2023-12-12,310,11,2023,45,2,,2023-12-17,2024-02-04,False,2022-02-07,December,Dec
2023-12-13,311,11,2023,45,2,,2023-12-17,2024-02-04,False,2022-02-07,December,Dec
2023-12-14,312,11,2023,45,2,,2023-12-17,2024-02-04,False,2022-02-07,December,Dec
2023-12-15,313,11,2023,45,2,,2023-12-17,2024-02-04,False,2022-02-07,December,Dec
2023-12-16,314,11,2023,45,2,,2023-12-17,2024-02-04,True,2022-02-07,December,Dec
2023-12-17,315,11,2023,45,2,,2023-12-17,2024-02-04,False,2022-02-07,December,Dec
2023-12-18,316,11,2023,46,2,,2023-12-24,2024-02-04,False,2022-02-07,December,Dec
2023-12-19,317,11,2023,46,2,,2023-12-24,2024-02-04,False,2022-02-07,December,Dec
2023-12-20,318,11,2023,46,2,,2023-12-24,2024-02-04,False,2022-02-07,December,Dec
2023-12-21,319,11,2023,46,2,,2023-12-24,2024-02-04,False,2022-02-07,December,Dec
2023-12-22,320,11,2023,46,2,,2023-12-24,2024-02-04,False,2022-02-07,December,Dec
2023-12-23,321,11,2023,46,2,,2023-12-24,2024-02-04,True,2022-02-07,December,Dec
2023-12-24,322,11,2023,46,2,,2023-12-24,2024-02-04,False,2022-02-07,December,Dec
2023-12-25,323,11,2023,47,2,2023-12-31,2023-12-31,2024-02-04,False,2022-02-07,December,Dec
2023-12-26,324,11,2023,47,2,2023-12-31,2023-12-31,2024-02-04,False,2022-02-07,December,Dec
2023-12-27,325,11,2023,47,2,2023-12-31,2023-12-31,2024-02-04,False,2022-02-07,December,Dec
2023-12-28,326,11,2023,47,2,2023-12-31,2023-12-31,2024-02-04,False,2022-02-07,December,Dec
2023-12-29,327,11,2023,47,2,2023-12-31,2023-12-31,2024-02-04,False,2022-02-07,December,Dec
2023-12-30,328,11,2023,47,2,2023-12-31,2023-12-31,2024-02-04,True,2022-02-07,December,Dec
2023-12-31,329,11,2023,47,2,2023-12-31,2023-12-31,2024-02-04,False,2022-02-07,December,Dec
2024-01-01,330,12,2023,48,2,,2024-01-07,2024-02-04,False,2022-02-07,January,Jan
2024-01-02,331,12,2023,48,2,,2024-01-07,2024-02-04,False,2022-02-07,January,Jan
2024-01-03,332,12,2023,48,2,,2024-01-07,2024-02-04,False,2022-02-07,January,Jan
2024-01-04,333,12,2023,48,2,,2024-01-07,2024-02-04,False,2022-02-07,January,Jan
2024-01-05,334,12,2023,48,2,,2024-01-07,2024-02-04,False,2022-02-07,January,Jan
2024-01-06,335,12,2023,48,2,,2024-01-07,2024-02-04,True,2022-02-07,January,Jan
2024-01-07,336,12,2023,48,2,,2024-01-07,2024-02-04,False,2022-02-07,January,Jan
2024-01-08,337,12,2023,49,2,,2024-01-14,2024-02-04,False,2022-02-07,January,Jan
2024-01-09,338,12,2023,49,2,,2024-01-14,2024-02-04,False,2022-02-07,January,Jan
2024-01-10,339,12,2023,49,2,,2024-01-14,2024-02-04,False,2022-02-07,January,Jan
2024-01-11,340,12,2023,49,2,,2024-01-14,2024-02-04,False,2022-02-07,January,Jan
2024-01-12,341,12,2023,49,2,,2024-01-14,2024-02-04,False,2022-02-07,January,Jan
2024-01-13,342,12,2023,49,2,,2024-01-14,2024-02-04,True,2022-02-07,January,Jan
2024-01-14,343,12,2023,49,2,,2024-01-14,2024-02-04,False,2022-02-07,January,Jan
2024-01-15,344,12,2023,50,2,,2024-01-21,2024-02-04,False,2022-02-07,January,Jan
2024-01-16,345,12,2023,50,2,,2024-01-21,2024-02-04,False,2022-02-07,January,Jan
2024-01-17,346,12,2023,50,2,,2024-01-21,2024-02-04,False,2022-02-07,January,Jan
2024-01-18,347,12,2023,50,2,,2024-01-21,2024-02-04,False,2022-02-07,January,Jan
2024-01-19,348,12,2023,50,2,,2024-01-21,2024-02-04,False,2022-02-07,January,Jan
2024-01-20,349,12,2023,50,2,,2024-01-21,2024-02-04,True,2022-02-07,January,Jan
2024-01-21,350,12,2023,50,2,,2024-01-21,2024-02-04,False,2022-02-07,January,Jan
2024-01-22,351,12,2023,51,2,,2024-01-28,2024-02-04,False,2022-02-07,January,Jan
2024-01-23,352,12,2023,51,2,,2024-01-28,2024-02-04,False,2022-02-07,January,Jan
2024-01-24,353,12,2023,51,2,,2024-01-28,2024-02-04,False,2022-02-07,January,Jan
2024-01-25,354,12,2023,51,2,,2024-01-28,2024-02-04,False,2022-02-07,January,Jan
2024-01-26,355,12,2023,51,2,,2024-01-28,2024-02-04,False,2022-02-07,January,Jan
2024-01-27,356,12,2023,51,2,,2024-01-28,2024-02-04,True,2022-02-07,January,Jan
2024-01-28,357,12,2023,51,2,,2024-01-28,2024-02-04,False,2022-02-07,January,Jan
2024-01-29,358,12,2023,52,2,2024-02-04,2024-02-04,2024-02-04,False,2022-02-07,January,Jan
2024-01-30,359,12,2023,52,2,2024-02-04,2024-02-04,2024-02-04,False,2022-02-07,January,Jan
2024-01-31,360,12,2023,52,2,2024-02-04,2024-02-04,2024-02-04,False,2022-02-07,January,Jan
2024-02-01,361,12,2023,52,2,2024-02-04,2024-02-04,2024-02-04,False,2022-02-07,February,Feb
2024-02-02,362,12,2023,52,2,2024-02-04,2024-02-04,2024-02-04,False,2022-02-07,February,Feb
2024-02-03,363,12,2023,52,2,2024-02-04,2024-02-04,2024-02-04,True,2022-02-07,February,Feb
2024-02-04,364,12,2023,52,2,2024-02-04,2024-02-04,2024-02-04,False,2022-02-07,February,Feb
2024-02-05,1,1,2024,1,1,,2024-02-11,2024-08-04,False,2023-02-06,February,Feb
2024-02-06,2,1,2024,1,1,,2024-02-11,2024-08-04,False,2023-02-06,February,Feb
2024-02-07,3,1,2024,1,1,,2024-02-11,2024-08-04,False,2023-02-06,February,Feb
2024-02-08,4,1,2024,1,1,,2024-02-11,2024-08-04,False,2023-02-06,February,Feb
2024-02-09,5,1,2024,1,1,,2024-02-11,2024-08-04,False,2023-02-06,February,Feb
2024-02-10,6,1,2024,1,1,,2024-02-11,2024-08-04,True,2023-02-06,February,Feb
2024-02-11,7,1,2024,1,1,,2024-02-11,2024-08-04,False,2023-02-06,February,Feb
2024-02-12,8,1,2024,2,1,,2024-02-18,2024-08-04,False,2023-02-06,February,Feb
2024-02-13,9,1,2024,2,1,,2024-02-18,2024-08-04,False,2023-02-06,February,Feb
2024-02-14,10,1,2024,2,1,,2024-02-18,2024-08-04,False,2023-02-06,February,Feb
2024-02-15,11,1,2024,2,1,,2024-02-18,2024-08-04,False,2023-02-06,February,Feb
2024-02-16,12,1,2024,2,1,,2024-02-18,2024-08-04,False,2023-02-06,February,Feb
2024-02-17,13,1,2024,2,1,,2024-02-18,2024-08-04,True,2023-02-06,February,Feb
2024-02-18,14,1,2024,2,1,,2024-02-18,2024-08-04,False,2023-02-06,February,Feb
2024-02-19,15,1,2024,3,1,,2024-02-25,2024-08-04,False,2023-02-06,February,Feb
2024-02-20,16,1,2024,3,1,,2024-02-25,2024-08-04,False,2023-02-06,February,Feb
2024-02-21,17,1,2024,3,1,,2024-02-25,2024-08-04,False,2023-02-06,February,Feb
2024-02-22,18,1,2024,3,1,,2024-02-25,2024-08-04,False,2023-02-06,February,Feb
2024-02-23,19,1,2024,3,1,,2024-02-25,2024-08-04,False,2023-02-06,February,Feb
2024-02-24,20,1,2024,3,1,,2024-02-25,2024-08-04,True,2023-02-06,February,Feb
2024-02-25,21,1,2024,3,1,,2024-02-25,2024-08-04,False,2023-02-06,February,Feb
2024-02-26,22,1,2024,4,1,2024-03-03,2024-03-03,2024-08-04,False,2023-02-06,February,Feb
2024-02-27,23,1,2024,4,1,2024-03-03,2024-03-03,2024-08-04,False,2023-02-06,February,Feb
2024-02-28,24,1,2024,4,1,2024-03-03,2024-03-03,2024-08-04,False,2023-02-06,February,Feb
2024-02-29,25,1,2024,4,1,2024-03-03,2024-03-03,2024-08-04,False,2023-02-06,February,Feb
2024-03-01,26,1,2024,4,1,2024-03-03,2024-03-03,2024-08-04,False,2023-02-06,March,Mar
2024-03-02,27,1,2024,4,1,2024-03-03,2024-03-03,2024-08-04,True,2023-02-06,March,Mar
2024-03-03,28,1,2024,4,1,2024-03-03,2024-03-03,2024-08-04,False,2023-02-06,March,Mar
2024-03-04,29,2,2024,5,1,,2024-03-10,2024-08-04,False,2023-02-06,March,Mar
2024-03-05,30,2,2024,5,1,,2024-03-10,2024-08-04,False,2023-02-06,March,Mar
2024-03-06,31,2,2024,5,1,,2024-03-10,2024-08-04,False,2023-02-06,March,Mar
2024-03-07,32,2,2024,5,1,,2024-03-10,2024-08-04,False,2023-02-06,March,Mar
2024-03-08,33,2,2024,5,1,,2024-03-10,2024-08-04,False,2023-02-06,March,Mar
2024-03-09,34,2,2024,5,1,,2024-03-10,2024-08-04,True,2023-02-06,March,Mar
2024-03-10,35,2,2024,5,1,,2024-03-10,2024-08-04,False,2023-02-06,March,Mar
2024-03-11,36,2,2024,6,1,,2024-03-17,2024-08-04,False,2023-02-06,March,Mar
2024-03-12,37,2,2024,6,1,,2024-03-17,2024-08-04,False,2023-02-06,March,Mar
2024-03-13,38,2,2024,6,1,,2024-03-17,2024-08-04,False,2023-02-06,March,Mar
2024-03-14,39,2,2024,6,1,,2024-03-17,2024-08-04,False,2023-02-06,March,Mar
2024-03-15,40,2,2024,6,1,,2024-03-17,2024-08-04,False,2023-02-06,March,Mar
2024-03-16,41,2,2024,6,1,,2024-03-17,2024-08-04,True,2023-02-06,March,Mar
2024-03-17,42,2,2024,6,1,,2024-03-17,2024-08-04,False,2023-02-06,March,Mar
2024-03-18,43,2,2024,7,1,,2024-03-24,2024-08-04,False,2023-02-06,March,Mar
2024-03-19,44,2,2024,7,1,,2024-03-24,2024-08-04,False,2023-02-06,March,Mar
2024-03-20,45,2,2024,7,1,,2024-03-24,2024-08-04,False,2023-02-06,March,Mar
2024-03-21,46,2,2024,7,1,,2024-03-24,2024-08-04,False,2023-02-06,March,Mar
2024-03-22,47,2,2024,7,1,,2024-03-24,2024-08-04,False,2023-02-06,March,Mar
2024-03-23,48,2,2024,7,1,,2024-03-24,2024-08-04,True,2023-02-06,March,Mar
2024-03-24,49,2,2024,7,1,,2024-03-24,2024-08-04,False,2023-02-06,March,Mar
2024-03-25,50,2,2024,8,1,2024-03-31,2024-03-31,2024-08-04,False,2023-02-06,March,Mar
2024-03-26,51,2,2024,8,1,2024-03-31,2024-03-31,2024-08-04,False,2023-02-06,March,Mar
2024-03-27,52,2,2024,8,1,2024-03-31,2024-03-31,2024-08-04,False,2023-02-06,March,Mar
2024-03-28,53,2,2024,8,1,2024-03-31,2024-03-31,2024-08-04,False,2023-02-06,March,Mar
2024-03-29,54,2,2024,8,1,2024-03-31,2024-03-31,2024-08-04,False,2023-02-06,March,Mar
2024-03-30,55,2,2024,8,1,2024-03-31,2024-03-31,2024-08-04,True,2023-02-06,March,Mar
2024-03-31,56,2,2024,8,1,2024-03-31,2024-03-31,2024-08-04,False,2023-02-06,March,Mar
2024-04-01,57,3,2024,9,1,,2024-04-07,2024-08-04,False,2023-02-06,April,Apr
2024-04-02,58,3,2024,9,1,,2024-04-07,2024-08-04,False,2023-02-06,April,Apr
2024-04-03,59,3,2024,9,1,,2024-04-07,2024-08-04,False,2023-02-06,April,Apr
2024-04-04,60,3,2024,9,1,,2024-04-07,2024-08-04,False,2023-02-06,April,Apr
2024-04-05,61,3,2024,9,1,,2024-04-07,2024-08-04,False,2023-02-06,April,Apr
2024-04-06,62,3,2024,9,1,,2024-04-07,2024-08-04,True,2023-02-06,April,Apr
2024-04-07,63,3,2024,9,1,,2024-04-07,2024-08-04,False,2023-02-06,April,Apr
2024-04-08,64,3,2024,10,1,,2024-04-14,2024-08-04,False,2023-02-06,April,Apr
2024-04-09,65,3,2024,10,1,,2024-04-14,2024-08-04,False,2023-02-06,April,Apr
2024-04-10,66,3,2024,10,1,,2024-04-14,2024-08-04,False,2023-02-06,April,Apr
2024-04-11,67,3,2024,10,1,,2024-04-14,2024-08-04,False,2023-02-06,April,Apr
2024-04-12,68,3,2024,10,1,,2024-04-14,2024-08-04,False,2023-02-06,April,Apr
2024-04-13,69,3,2024,10,1,,2024-04-14,2024-08-04,True,2023-02-06,April,Apr
2024-04-14,70,3,2024,10,1,,2024-04-14,2024-08-04,False,2023-02-06,April,Apr
2024-04-15,71,3,2024,11,1,,2024-04-21,2024-08-04,False,2023-02-06,April,Apr
2024-04-16,72,3,2024,11,1,,2024-04-21,2024-08-04,False,2023-02-06,April,Apr
2024-04-17,73,3,2024,11,1,,2024-04-21,2024-08-04,False,2023-02-06,April,Apr
2024-04-18,74,3,2024,11,1,,2024-04-21,2024-08-04,False,2023-02-06,April,Apr
2024-04-19,75,3,2024,11,1,,2024-04-21,2024-08-04,False,2023-02-06,April,Apr
2024-04-20,76,3,2024,11,1,,2024-04-21,2024-08-04,True,2023-02-06,April,Apr
2024-04-21,77,3,2024,11,1,,2024-04-21,2024-08-04,False,2023-02-06,April,Apr
2024-04-22,78,3,2024,12,1,,2024-04-28,2024-08-04,False,2023-02-06,April,Apr
2024-04-23,79,3,2024,12,1,,2024-04-28,2024-08-04,False,2023-02-06,April,Apr
2024-04-24,80,3,2024,12,1,,2024-04-28,2024-08-04,False,2023-02-06,April,Apr
2024-04-25,81,3,2024,12,1,,2024-04-28,2024-08-04,False,2023-02-06,April,Apr
2024-04-26,82,3,2024,12,1,,2024-04-28,2024-08-04,False,2023-02-06,April,Apr
2024-04-27,83,3,2024,12,1,,2024-04-28,2024-08-04,True,2023-02-06,April,Apr
2024-04-28,84,3,2024,12,1,,2024-04-28,2024-08-04,False,2023-02-06,April,Apr
2024-04-29,85,3,2024,13,1,2024-05-05,2024-05-05,2024-08-04,False,2023-02-06,April,Apr
2024-04-30,86,3,2024,13,1,2024-05-05,2024-05-05,2024-08-04,False,2023-02-06,April,Apr
2024-05-01,87,3,2024,13,1,2024-05-05,2024-05-05,2024-08-04,False,2023-02-06,May,May
2024-05-02,88,3,2024,13,1,2024-05-05,2024-05-05,2024-08-04,False,2023-02-06,May,May
2024-05-03,89,3,2024,13,1,2024-05-05,2024-05-05,2024-08-04,False,2023-02-06,May,May
2024-05-04,90,3,2024,13,1,2024-05-05,2024-05-05,2024-08-04,True,2023-02-06,May,May
2024-05-05,91,3,2024,13,1,2024-05-05,2024-05-05,2024-08-04,False,2023-02-06,May,May
2024-05-06,92,4,2024,14,1,,2024-05-12,2024-08-04,False,2023-02-06,May,May
2024-05-07,93,4,2024,14,1,,2024-05-12,2024-08-04,False,2023-02-06,May,May
2024-05-08,94,4,2024,14,1,,2024-05-12,2024-08-04,False,2023-02-06,May,May
2024-05-09,95,4,2024,14,1,,2024-05-12,2024-08-04,False,2023-02-06,May,May
2024-05-10,96,4,2024,14,1,,2024-05-12,2024-08-04,False,2023-02-06,May,May
2024-05-11,97,4,2024,14,1,,2024-05-12,2024-08-04,True,2023-02-06,May,May
2024-05-12,98,4,2024,14,1,,2024-05-12,2024-08-04,False,2023-02-06,May,May
2024-05-13,99,4,2024,15,1,,2024-05-19,2024-08-04,False,2023-02-06,May,May
2024-05-14,100,4,2024,15,1,,2024-05-19,2024-08-04,False,2023-02-06,May,May
2024-05-15,101,4,2024,15,1,,2024-05-19,2024-08-04,False,2023-02-06,May,May
2024-05-16,102,4,2024,15,1,,2024-05-19,2024-08-04,False,2023-02-06,May,May
2024-05-17,103,4,2024,15,1,,2024-05-19,2024-08-04,False,2023-02-06,May,May
2024-05-18,104,4,2024,15,1,,2024-05-19,2024-08-04,True,2023-02-06,May,May
2024-05-19,105,4,2024,15,1,,2024-05-19,2024-08-04,False,2023-02-06,May,May
2024-05-20,106,4,2024,16,1,,2024-05-26,2024-08-04,False,2023-02-06,May,May
2024-05-21,107,4,2024,16,1,,2024-05-26,2024-08-04,False,2023-02-06,May,May
2024-05-22,108,4,2024,16,1,,2024-05-26,2024-08-04,False,2023-02-06,May,May
2024-05-23,109,4,2024,16,1,,2024-05-26,2024-08-04,False,2023-02-06,May,May
2024-05-24,110,4,2024,16,1,,2024-05-26,2024-08-04,False,2023-02-06,May,May
2024-05-25,111,4,2024,16,1,,2024-05-26,2024-08-04,True,2023-02-06,May,May
2024-05-26,112,4,2024,16,1,,2024-05-26,2024-08-04,False,2023-02-06,May,May
2024-05-27,113,4,2024,17,1,2024-06-02,2024-06-02,2024-08-04,False,2023-02-06,May,May
2024-05-28,114,4,2024,17,1,2024-06-02,2024-06-02,2024-08-04,False,2023-02-06,May,May
2024-05-29,115,4,2024,17,1,2024-06-02,2024-06-02,2024-08-04,False,2023-02-06,May,May
2024-05-30,116,4,2024,17,1,2024-06-02,2024-06-02,2024-08-04,False,2023-02-06,May,May
2024-05-31,117,4,2024,17,1,2024-06-02,2024-06-02,2024-08-04,False,2023-02-06,May,May
2024-06-01,118,4,2024,17,1,2024-06-02,2024-06-02,2024-08-04,True,2023-02-06,June,Jun
2024-06-02,119,4,2024,17,1,2024-06-02,2024-06-02,2024-08-04,False,2023-02-06,June,Jun
2024-06-03,120,5,2024,18,1,,2024-06-09,2024-08-04,False,2023-02-06,June,Jun
2024-06-04,121,5,2024,18,1,,2024-06-09,2024-08-04,False,2023-02-06,June,Jun
2024-06-05,122,5,2024,18,1,,2024-06-09,2024-08-04,False,2023-02-06,June,Jun
2024-06-06,123,5,2024,18,1,,2024-06-09,2024-08-04,False,2023-02-06,June,Jun
2024-06-07,124,5,2024,18,1,,2024-06-09,2024-08-04,False,2023-02-06,June,Jun
2024-06-08,125,5,2024,18,1,,2024-06-09,2024-08-04,True,2023-02-06,June,Jun
2024-06-09,126,5,2024,18,1,,2024-06-09,2024-08-04,False,2023-02-06,June,Jun
2024-06-10,127,5,2024,19,1,,2024-06-16,2024-08-04,False,2023-02-06,June,Jun
2024-06-11,128,5,2024,19,1,,2024-06-16,2024-08-04,False,2023-02-06,June,Jun
2024-06-12,129,5,2024,19,1,,2024-06-16,2024-08-04,False,2023-02-06,June,Jun
2024-06-13,130,5,2024,19,1,,2024-06-16,2024-08-04,False,2023-02-06,June,Jun
2024-06-14,131,5,2024,19,1,,2024-06-16,2024-08-04,False,2023-02-06,June,Jun
2024-06-15,132,5,2024,19,1,,2024-06-16,2024-08-04,True,2023-02-06,June,Jun
2024-06-16,133,5,2024,19,1,,2024-06-16,2024-08-04,False,2023-02-06,June,Jun
2024-06-17,134,5,2024,20,1,,2024-06-23,2024-08-04,False,2023-02-06,June,Jun
2024-06-18,135,5,2024,20,1,,2024-06-23,2024-08-04,False,2023-02-06,June,Jun
2024-06-19,136,5,2024,20,1,,2024-06-23,2024-08-04,False,2023-02-06,June,Jun
2024-06-20,137,5,2024,20,1,,2024-06-23,2024-08-04,False,2023-02-06,June,Jun
2024-06-21,138,5,2024,20,1,,2024-06-23,2024-08-04,False,2023-02-06,June,Jun
2024-06-22,139,5,2024,20,1,,2024-06-23,2024-08-04,True,2023-02-06,June,Jun
2024-06-23,140,5,2024,20,1,,2024-06-23,2024-08-04,False,2023-02-06,June,Jun
2024-06-24,141,5,2024,21,1,2024-06-30,2024-06-30,2024-08-04,False,2023-02-06,June,Jun
2024-06-25,142,5,2024,21,1,2024-06-30,2024-06-30,2024-08-04,False,2023-02-06,June,Jun
2024-06-26,143,5,2024,21,1,2024-06-30,2024-06-30,2024-08-04,False,2023-02-06,June,Jun
2024-06-27,144,5,2024,21,1,2024-06-30,2024-06-30,2024-08-04,False,2023-02-06,June,Jun
2024-06-28,145,5,2024,21,1,2024-06-30,2024-06-30,2024-08-04,False,2023-02-06,June,Jun
2024-06-29,146,5,2024,21,1,2024-06-30,2024-06-30,2024-08-04,True,2023-02-06,June,Jun
2024-06-30,147,5,2024,21,1,2024-06-30,2024-06-30,2024-08-04,False,2023-02-06,June,Jun
2024-07-01,148,6,2024,22,1,,2024-07-07,2024-08-04,False,2023-02-06,July,Jul
2024-07-02,149,6,2024,22,1,,2024-07-07,2024-08-04,False,2023-02-06,July,Jul
2024-07-03,150,6,2024,22,1,,2024-07-07,2024-08-04,False,2023-02-06,July,Jul
2024-07-04,151,6,2024,22,1,,2024-07-07,2024-08-04,False,2023-02-06,July,Jul
2024-07-05,152,6,2024,22,1,,2024-07-07,2024-08-04,False,2023-02-06,July,Jul
2024-07-06,153,6,2024,22,1,,2024-07-07,2024-08-04,True,2023-02-06,July,Jul
2024-07-07,154,6,2024,22,1,,2024-07-07,2024-08-04,False,2023-02-06,July,Jul
2024-07-08,155,6,2024,23,1,,2024-07-14,2024-08-04,False,2023-02-06,July,Jul
2024-07-09,156,6,2024,23,1,,2024-07-14,2024-08-04,False,2023-02-06,July,Jul
2024-07-10,157,6,2024,23,1,,2024-07-14,2024-08-04,False,2023-02-06,July,Jul
2024-07-11,158,6,2024,23,1,,2024-07-14,2024-08-04,False,2023-02-06,July,Jul
2024-07-12,159,6,2024,23,1,,2024-07-14,2024-08-04,False,2023-02-06,July,Jul
2024-07-13,160,6,2024,23,1,,2024-07-14,2024-08-04,True,2023-02-06,July,Jul
2024-07-14,161,6,2024,23,1,,2024-07-14,2024-08-04,False,2023-02-06,July,Jul
2024-07-15,162,6,2024,24,1,,2024-07-21,2024-08-04,False,2023-02-06,July,Jul
2024-07-16,163,6,2024,24,1,,2024-07-21,2024-08-04,False,2023-02-06,July,Jul
2024-07-17,164,6,2024,24,1,,2024-07-21,2024-08-04,False,2023-02-06,July,Jul
2024-07-18,165,6,2024,24,1,,2024-07-21,2024-08-04,False,2023-02-06,July,Jul
2024-07-19,166,6,2024,24,1,,2024-07-21,2024-08-04,False,2023-02-06,July,Jul
2024-07-20,167,6,2024,24,1,,2024-07-21,2024-08-04,True,2023-02-06,July,Jul
2024-07-21,168,6,2024,24,1,,2024-07-21,2024-08-04,False,2023-02-06,July,Jul
2024-07-22,169,6,2024,25,1,,2024-07-28,2024-08-04,False,2023-02-06,July,Jul
2024-07-23,170,6,2024,25,1,,2024-07-28,2024-08-04,False,2023-02-06,July,Jul
2024-07-24,171,6,2024,25,1,,2024-07-28,2024-08-04,False,2023-02-06,July,Jul
2024-07-25,172,6,2024,25,1,,2024-07-28,2024-08-04,False,2023-02-06,July,Jul
2024-07-26,173,6,2024,25,1,,2024-07-28,2024-08-04,False,2023-02-06,July,Jul
2024-07-27,174,6,2024,25,1,,2024-07-28,2024-08-04,True,2023-02-06,July,Jul
2024-07-28,175,6,2024,25,1,,2024-07-28,2024-08-04,False,2023-02-06,July,Jul
2024-07-29,176,6,2024,26,1,2024-08-04,2024-08-04,2024-08-04,False,2023-02-06,July,Jul
2024-07-30,177,6,2024,26,1,2024-08-04,2024-08-04,2024-08-04,False,2023-02-06,July,Jul
2024-07-31,178,6,2024,26,1,2024-08-04,2024-08-04,2024-08-04,False,2023-02-06,July,Jul
2024-08-01,179,6,2024,26,1,2024-08-04,2024-08-04,2024-08-04,False,2023-02-06,August,Aug
2024-08-02,180,6,2024,26,1,2024-08-04,2024-08-04,2024-08-04,False,2023-02-06,August,Aug
2024-08-03,181,6,2024,26,1,2024-08-04,2024-08-04,2024-08-04,True,2023-02-06,August,Aug
2024-08-04,182,6,2024,26,1,2024-08-04,2024-08-04,2024-08-04,False,2023-02-06,August,Aug
2024-08-05,183,7,2024,27,2,,2024-08-11,2025-02-02,False,2023-02-06,August,Aug
2024-08-06,184,7,2024,27,2,,2024-08-11,2025-02-02,False,2023-02-06,August,Aug
2024-08-07,185,7,2024,27,2,,2024-08-11,2025-02-02,False,2023-02-06,August,Aug
2024-08-08,186,7,2024,27,2,,2024-08-11,2025-02-02,False,2023-02-06,August,Aug
2024-08-09,187,7,2024,27,2,,2024-08-11,2025-02-02,False,2023-02-06,August,Aug
2024-08-10,188,7,2024,27,2,,2024-08-11,2025-02-02,True,2023-02-06,August,Aug
2024-08-11,189,7,2024,27,2,,2024-08-11,2025-02-02,False,2023-02-06,August,Aug
2024-08-12,190,7,2024,28,2,,2024-08-18,2025-02-02,False,2023-02-06,August,Aug
2024-08-13,191,7,2024,28,2,,2024-08-18,2025-02-02,False,2023-02-06,August,Aug
2024-08-14,192,7,2024,28,2,,2024-08-18,2025-02-02,False,2023-02-06,August,Aug
2024-08-15,193,7,2024,28,2,,2024-08-18,2025-02-02,False,2023-02-06,August,Aug
2024-08-16,194,7,2024,28,2,,2024-08-18,2025-02-02,False,2023-02-06,August,Aug
2024-08-17,195,7,2024,28,2,,2024-08-18,2025-02-02,True,2023-02-06,August,Aug
2024-08-18,196,7,2024,28,2,,2024-08-18,2025-02-02,False,2023-02-06,August,Aug
2024-08-19,197,7,2024,29,2,,2024-08-25,2025-02-02,False,2023-02-06,August,Aug
2024-08-20,198,7,2024,29,2,,2024-08-25,2025-02-02,False,2023-02-06,August,Aug
2024-08-21,199,7,2024,29,2,,2024-08-25,2025-02-02,False,2023-02-06,August,Aug
2024-08-22,200,7,2024,29,2,,2024-08-25,2025-02-02,False,2023-02-06,August,Aug
2024-08-23,201,7,2024,29,2,,2024-08-25,2025-02-02,False,2023-02-06,August,Aug
2024-08-24,202,7,2024,29,2,,2024-08-25,2025-02-02,True,2023-02-06,August,Aug
2024-08-25,203,7,2024,29,2,,2024-08-25,2025-02-02,False,2023-02-06,August,Aug
2024-08-26,204,7,2024,30,2,2024-09-01,2024-09-01,2025-02-02,False,2023-02-06,August,Aug
2024-08-27,205,7,2024,30,2,2024-09-01,2024-09-01,2025-02-02,False,2023-02-06,August,Aug
2024-08-28,206,7,2024,30,2,2024-09-01,2024-09-01,2025-02-02,False,2023-02-06,August,Aug
2024-08-29,207,7,2024,30,2,2024-09-01,2024-09-01,2025-02-02,False,2023-02-06,August,Aug
2024-08-30,208,7,2024,30,2,2024-09-01,2024-09-01,2025-02-02,False,2023-02-06,August,Aug
2024-08-31,209,7,2024,30,2,2024-09-01,2024-09-01,2025-02-02,True,2023-02-06,August,Aug
2024-09-01,210,7,2024,30,2,2024-09-01,2024-09-01,2025-02-02,False,2023-02-06,September,Sep
2024-09-02,211,8,2024,31,2,,2024-09-08,2025-02-02,False,2023-02-06,September,Sep
2024-09-03,212,8,2024,31,2,,2024-09-08,2025-02-02,False,2023-02-06,September,Sep
2024-09-04,213,8,2024,31,2,,2024-09-08,2025-02-02,False,2023-02-06,September,Sep
2024-09-05,214,8,2024,31,2,,2024-09-08,2025-02-02,False,2023-02-06,September,Sep
2024-09-06,215,8,2024,31,2,,2024-09-08,2025-02-02,False,2023-02-06,September,Sep
2024-09-07,216,8,2024,31,2,,2024-09-08,2025-02-02,True,2023-02-06,September,Sep
2024-09-08,217,8,2024,31,2,,2024-09-08,2025-02-02,False,2023-02-06,September,Sep
2024-09-09,218,8,2024,32,2,,2024-09-15,2025-02-02,False,2023-02-06,September,Sep
2024-09-10,219,8,2024,32,2,,2024-09-15,2025-02-02,False,2023-02-06,September,Sep
2024-09-11,220,8,2024,32,2,,2024-09-15,2025-02-02,False,2023-02-06,September,Sep
2024-09-12,221,8,2024,32,2,,2024-09-15,2025-02-02,False,2023-02-06,September,Sep
2024-09-13,222,8,2024,32,2,,2024-09-15,2025-02-02,False,2023-02-06,September,Sep
2024-09-14,223,8,2024,32,2,,2024-09-15,2025-02-02,True,2023-02-06,September,Sep
2024-09-15,224,8,2024,32,2,,2024-09-15,2025-02-02,False,2023-02-06,September,Sep
2024-09-16,225,8,2024,33,2,,2024-09-22,2025-02-02,False,2023-02-06,September,Sep
2024-09-17,226,8,2024,33,2,,2024-09-22,2025-02-02,False,2023-02-06,September,Sep
2024-09-18,227,8,2024,33,2,,2024-09-22,2025-02-02,False,2023-02-06,September,Sep
2024-09-19,228,8,2024,33,2,,2024-09-22,2025-02-02,False,2023-02-06,September,Sep
2024-09-20,229,8,2024,33,2,,2024-09-22,2025-02-02,False,2023-02-06,September,Sep
2024-09-21,230,8,2024,33,2,,2024-09-22,2025-02-02,True,2023-02-06,September,Sep
2024-09-22,231,8,2024,33,2,,2024-09-22,2025-02-02,False,2023-02-06,September,Sep
2024-09-23,232,8,2024,34,2,2024-09-29,2024-09-29,2025-02-02,False,2023-02-06,September,Sep
2024-09-24,233,8,2024,34,2,2024-09-29,2024-09-29,2025-02-02,False,2023-02-06,September,Sep
2024-09-25,234,8,2024,34,2,2024-09-29,2024-09-29,2025-02-02,False,2023-02-06,September,Sep
2024-09-26,235,8,2024,34,2,2024-09-29,2024-09-29,2025-02-02,False,2023-02-06,September,Sep
2024-09-27,236,8,2024,34,2,2024-09-29,2024-09-29,2025-02-02,False,2023-02-06,September,Sep
2024-09-28,237,8,2024,34,2,2024-09-29,2024-09-29,2025-02-02,True,2023-02-06,September,Sep
2024-09-29,238,8,2024,34,2,2024-09-29,2024-09-29,2025-02-02,False,2023-02-06,September,Sep
2024-09-30,239,9,2024,35,2,,2024-10-06,2025-02-02,False,2023-02-06,September,Sep
2024-10-01,240,9,2024,35,2,,2024-10-06,2025-02-02,False,2023-02-06,October,Oct
2024-10-02,241,9,2024,35,2,,2024-10-06,2025-02-02,False,2023-02-06,October,Oct
2024-10-03,242,9,2024,35,2,,2024-10-06,2025-02-02,False,2023-02-06,October,Oct
2024-10-04,243,9,2024,35,2,,2024-10-06,2025-02-02,False,2023-02-06,October,Oct
2024-10-05,244,9,2024,35,2,,2024-10-06,2025-02-02,True,2023-02-06,October,Oct
2024-10-06,245,9,2024,35,2,,2024-10-06,2025-02-02,False,2023-02-06,October,Oct
2024-10-07,246,9,2024,36,2,,2024-10-13,2025-02-02,False,2023-02-06,October,Oct
2024-10-08,247,9,2024,36,2,,2024-10-13,2025-02-02,False,2023-02-06,October,Oct
2024-10-09,248,9,2024,36,2,,2024-10-13,2025-02-02,False,2023-02-06,October,Oct
2024-10-10,249,9,2024,36,2,,2024-10-13,2025-02-02,False,2023-02-06,October,Oct
2024-10-11,250,9,2024,36,2,,2024-10-13,2025-02-02,False,2023-02-06,October,Oct
2024-10-12,251,9,2024,36,2,,2024-10-13,2025-02-02,True,2023-02-06,October,Oct
2024-10-13,252,9,2024,36,2,,2024-10-13,2025-02-02,False,2023-02-06,October,Oct
2024-10-14,253,9,2024,37,2,,2024-10-20,2025-02-02,False,2023-02-06,October,Oct
2024-10-15,254,9,2024,37,2,,2024-10-20,2025-02-02,False,2023-02-06,October,Oct
2024-10-16,255,9,2024,37,2,,2024-10-20,2025-02-02,False,2023-02-06,October,Oct
2024-10-17,256,9,2024,37,2,,2024-10-20,2025-02-02,False,2023-02-06,October,Oct
2024-10-18,257,9,2024,37,2,,2024-10-20,2025-02-02,False,2023-02-06,October,Oct
2024-10-19,258,9,2024,37,2,,2024-10-20,2025-02-02,True,2023-02-06,October,Oct
2024-10-20,259,9,2024,37,2,,2024-10-20,2025-02-02,False,2023-02-06,October,Oct
2024-10-21,260,9,2024,38,2,,2024-10-27,2025-02-02,False,2023-02-06,October,Oct
2024-10-22,261,9,2024,38,2,,2024-10-27,2025-02-02,False,2023-02-06,October,Oct
2024-10-23,262,9,2024,38,2,,2024-10-27,2025-02-02,False,2023-02-06,October,Oct
2024-10-24,263,9,2024,38,2,,2024-10-27,2025-02-02,False,2023-02-06,October,Oct
2024-10-25,264,9,2024,38,2,,2024-10-27,2025-02-02,False,2023-02-06,October,Oct
2024-10-26,265,9,2024,38,2,,2024-10-27,2025-02-02,True,2023-02-06,October,Oct
2024-10-27,266,9,2024,38,2,,2024-10-27,2025-02-02,False,2023-02-06,October,Oct
2024-10-28,267,9,2024,39,2,2024-11-03,2024-11-03,2025-02-02,False,2023-02-06,October,Oct
2024-10-29,268,9,2024,39,2,2024-11-03,2024-11-03,2025-02-02,False,2023-02-06,October,Oct
2024-10-30,269,9,2024,39,2,2024-11-03,2024-11-03,2025-02-02,False,2023-02-06,October,Oct
2024-10-31,270,9,2024,39,2,2024-11-03,2024-11-03,2025-02-02,False,2023-02-06,October,Oct
2024-11-01,271,9,2024,39,2,2024-11-03,2024-11-03,2025-02-02,False,2023-02-06,November,Nov
2024-11-02,272,9,2024,39,2,2024-11-03,2024-11-03,2025-02-02,True,2023-02-06,November,Nov
2024-11-03,273,9,2024,39,2,2024-11-03,2024-11-03,2025-02-02,False,2023-02-06,November,Nov
2024-11-04,274,10,2024,40,2,,2024-11-10,2025-02-02,False,2023-02-06,November,Nov
2024-11-05,275,10,2024,40,2,,2024-11-10,2025-02-02,False,2023-02-06,November,Nov
2024-11-06,276,10,2024,40,2,,2024-11-10,2025-02-02,False,2023-02-06,November,Nov
2024-11-07,277,10,2024,40,2,,2024-11-10,2025-02-02,False,2023-02-06,November,Nov
2024-11-08,278,10,2024,40,2,,2024-11-10,2025-02-02,False,2023-02-06,November,Nov
2024-11-09,279,10,2024,40,2,,2024-11-10,2025-02-02,True,2023-02-06,November,Nov
2024-11-10,280,10,2024,40,2,,2024-11-10,2025-02-02,False,2023-02-06,November,Nov
2024-11-11,281,10,2024,41,2,,2024-11-17,2025-02-02,False,2023-02-06,November,Nov
2024-11-12,282,10,2024,41,2,,2024-11-17,2025-02-02,False,2023-02-06,November,Nov
2024-11-13,283,10,2024,41,2,,2024-11-17,2025-02-02,False,2023-02-06,November,Nov
2024-11-14,284,10,2024,41,2,,2024-11-17,2025-02-02,False,2023-02-06,November,Nov
2024-11-15,285,10,2024,41,2,,2024-11-17,2025-02-02,False,2023-02-06,November,Nov
2024-11-16,286,10,2024,41,2,,2024-11-17,2025-02-02,True,2023-02-06,November,Nov
2024-11-17,287,10,2024,41,2,,2024-11-17,2025-02-02,False,2023-02-06,November,Nov
2024-11-18,288,10,2024,42,2,,2024-11-24,2025-02-02,False,2023-02-06,November,Nov
2024-11-19,289,10,2024,42,2,,2024-11-24,2025-02-02,False,2023-02-06,November,Nov
2024-11-20,290,10,2024,42,2,,2024-11-24,2025-02-02,False,2023-02-06,November,Nov
2024-11-21,291,10,2024,42,2,,2024-11-24,2025-02-02,False,2023-02-06,November,Nov
2024-11-22,292,10,2024,42,2,,2024-11-24,2025-02-02,False,2023-02-06,November,Nov
2024-11-23,293,10,2024,42,2,,2024-11-24,2025-02-02,True,2023-02-06,November,Nov
2024-11-24,294,10,2024,42,2,,2024-11-24,2025-02-02,False,2023-02-06,November,Nov
2024-11-25,295,10,2024,43,2,2024-12-01,2024-12-01,2025-02-02,False,2023-02-06,November,Nov
2024-11-26,296,10,2024,43,2,2024-12-01,2024-12-01,2025-02-02,False,2023-02-06,November,Nov
2024-11-27,297,10,2024,43,2,2024-12-01,2024-12-01,2025-02-02,False,2023-02-06,November,Nov
2024-11-28,298,10,2024,43,2,2024-12-01,2024-12-01,2025-02-02,False,2023-02-06,November,Nov
2024-11-29,299,10,2024,43,2,2024-12-01,2024-12-01,2025-02-02,False,2023-02-06,November,Nov
2024-11-30,300,10,2024,43,2,2024-12-01,2024-12-01,2025-02-02,True,2023-02-06,November,Nov
2024-12-01,301,10,2024,43,2,2024-12-01,2024-12-01,2025-02-02,False,2023-02-06,December,Dec
2024-12-02,302,11,2024,44,2,,2024-12-08,2025-02-02,False,2023-02-06,December,Dec
2024-12-03,303,11,2024,44,2,,2024-12-08,2025-02-02,False,2023-02-06,December,Dec
2024-12-04,304,11,2024,44,2,,2024-12-08,2025-02-02,False,2023-02-06,December,Dec
2024-12-05,305,11,2024,44,2,,2024-12-08,2025-02-02,False,2023-02-06,December,Dec
2024-12-06,306,11,2024,44,2,,2024-12-08,2025-02-02,False,2023-02-06,December,Dec
2024-12-07,307,11,2024,44,2,,2024-12-08,2025-02-02,True,2023-02-06,December,Dec
2024-12-08,308,11,2024,44,2,,2024-12-08,2025-02-02,False,2023-02-06,December,Dec
2024-12-09,309,11,2024,45,2,,2024-12-15,2025-02-02,False,2023-02-06,December,Dec
2024-12-10,310,11,2024,45,2,,2024-12-15,2025-02-02,False,2023-02-06,December,Dec
2024-12-11,311,11,2024,45,2,,2024-12-15,2025-02-02,False,2023-02-06,December,Dec
2024-12-12,312,11,2024,45,2,,2024-12-15,2025-02-02,False,2023-02-06,December,Dec
2024-12-13,313,11,2024,45,2,,2024-12-15,2025-02-02,False,2023-02-06,December,Dec
2024-12-14,314,11,2024,45,2,,2024-12-15,2025-02-02,True,2023-02-06,December,Dec
2024-12-15,315,11,2024,45,2,,2024-12-15,2025-02-02,False,2023-02-06,December,Dec
2024-12-16,316,11,2024,46,2,,2024-12-22,2025-02-02,False,2023-02-06,December,Dec
2024-12-17,317,11,2024,46,2,,2024-12-22,2025-02-02,False,2023-02-06,December,Dec
2024-12-18,318,11,2024,46,2,,2024-12-22,2025-02-02,False,2023-02-06,December,Dec
2024-12-19,319,11,2024,46,2,,2024-12-22,2025-02-02,False,2023-02-06,December,Dec
2024-12-20,320,11,2024,46,2,,2024-12-22,2025-02-02,False,2023-02-06,December,Dec
2024-12-21,321,11,2024,46,2,,2024-12-22,2025-02-02,True,2023-02-06,December,Dec
2024-12-22,322,11,2024,46,2,,2024-12-22,2025-02-02,False,2023-02-06,December,Dec
2024-12-23,323,11,2024,47,2,2024-12-29,2024-12-29,2025-02-02,False,2023-02-06,December,Dec
2024-12-24,324,11,2024,47,2,2024-12-29,2024-12-29,2025-02-02,False,2023-02-06,December,Dec
2024-12-25,325,11,2024,47,2,2024-12-29,2024-12-29,2025-02-02,False,2023-02-06,December,Dec
2024-12-26,326,11,2024,47,2,2024-12-29,2024-12-29,2025-02-02,False,2023-02-06,December,Dec
2024-12-27,327,11,2024,47,2,2024-12-29,2024-12-29,2025-02-02,False,2023-02-06,December,Dec
2024-12-28,328,11,2024,47,2,2024-12-29,2024-12-29,2025-02-02,True,2023-02-06,December,Dec
2024-12-29,329,11,2024,47,2,2024-12-29,2024-12-29,2025-02-02,False,2023-02-06,December,Dec
2024-12-30,330,12,2024,48,2,,2025-01-05,2025-02-02,False,2023-02-06,December,Dec
2024-12-31,331,12,2024,48,2,,2025-01-05,2025-02-02,False,2023-02-06,December,Dec
2025-01-01,332,12,2024,48,2,,2025-01-05,2025-02-02,False,2023-02-06,January,Jan
2025-01-02,333,12,2024,48,2,,2025-01-05,2025-02-02,False,2023-02-06,January,Jan
2025-01-03,334,12,2024,48,2,,2025-01-05,2025-02-02,False,2023-02-06,January,Jan
2025-01-04,335,12,2024,48,2,,2025-01-05,2025-02-02,True,2023-02-06,January,Jan
2025-01-05,336,12,2024,48,2,,2025-01-05,2025-02-02,False,2023-02-06,January,Jan
2025-01-06,337,12,2024,49,2,,2025-01-12,2025-02-02,False,2023-02-06,January,Jan
2025-01-07,338,12,2024,49,2,,2025-01-12,2025-02-02,False,2023-02-06,January,Jan
2025-01-08,339,12,2024,49,2,,2025-01-12,2025-02-02,False,2023-02-06,January,Jan
2025-01-09,340,12,2024,49,2,,2025-01-12,2025-02-02,False,2023-02-06,January,Jan
2025-01-10,341,12,2024,49,2,,2025-01-12,2025-02-02,False,2023-02-06,January,Jan
2025-01-11,342,12,2024,49,2,,2025-01-12,2025-02-02,True,2023-02-06,January,Jan
2025-01-12,343,12,2024,49,2,,2025-01-12,2025-02-02,False,2023-02-06,January,Jan
2025-01-13,344,12,2024,50,2,,2025-01-19,2025-02-02,False,2023-02-06,January,Jan
2025-01-14,345,12,2024,50,2,,2025-01-19,2025-02-02,False,2023-02-06,January,Jan
2025-01-15,346,12,2024,50,2,,2025-01-19,2025-02-02,False,2023-02-06,January,Jan
2025-01-16,347,12,2024,50,2,,2025-01-19,2025-02-02,False,2023-02-06,January,Jan
2025-01-17,348,12,2024,50,2,,2025-01-19,2025-02-02,False,2023-02-06,January,Jan
2025-01-18,349,12,2024,50,2,,2025-01-19,2025-02-02,True,2023-02-06,January,Jan
2025-01-19,350,12,2024,50,2,,2025-01-19,2025-02-02,False,2023-02-06,January,Jan
2025-01-20,351,12,2024,51,2,,2025-01-26,2025-02-02,False,2023-02-06,January,Jan
2025-01-21,352,12,2024,51,2,,2025-01-26,2025-02-02,False,2023-02-06,January,Jan
2025-01-22,353,12,2024,51,2,,2025-01-26,2025-02-02,False,2023-02-06,January,Jan
2025-01-23,354,12,2024,51,2,,2025-01-26,2025-02-02,False,2023-02-06,January,Jan
2025-01-24,355,12,2024,51,2,,2025-01-26,2025-02-02,False,2023-02-06,January,Jan
2025-01-25,356,12,2024,51,2,,2025-01-26,2025-02-02,True,2023-02-06,January,Jan
2025-01-26,357,12,2024,51,2,,2025-01-26,2025-02-02,False,2023-02-06,January,Jan
2025-01-27,358,12,2024,52,2,2025-02-02,2025-02-02,2025-02-02,False,2023-02-06,January,Jan
2025-01-28,359,12,2024,52,2,2025-02-02,2025-02-02,2025-02-02,False,2023-02-06,January,Jan
2025-01-29,360,12,2024,52,2,2025-02-02,2025-02-02,2025-02-02,False,2023-02-06,January,Jan
2025-01-30,361,12,2024,52,2,2025-02-02,2025-02-02,2025-02-02,False,2023-02-06,January,Jan
2025-01-31,362,12,2024,52,2,2025-02-02,2025-02-02,2025-02-02,False,2023-02-06,January,Jan
2025-02-01,363,12,2024,52,2,2025-02-02,2025-02-02,2025-02-02,True,2023-02-06,February,Feb
2025-02-02,364,12,2024,52,2,2025-02-02,2025-02-02,2025-02-02,False,2023-02-06,February,Feb
2025-02-03,1,1,2025,1,1,,2025-02-09,2025-08-03,False,2024-02-05,February,Feb
2025-02-04,2,1,2025,1,1,,2025-02-09,2025-08-03,False,2024-02-05,February,Feb
2025-02-05,3,1,2025,1,1,,2025-02-09,2025-08-03,False,2024-02-05,February,Feb
2025-02-06,4,1,2025,1,1,,2025-02-09,2025-08-03,False,2024-02-05,February,Feb
2025-02-07,5,1,2025,1,1,,2025-02-09,2025-08-03,False,2024-02-05,February,Feb
2025-02-08,6,1,2025,1,1,,2025-02-09,2025-08-03,True,2024-02-05,February,Feb
2025-02-09,7,1,2025,1,1,,2025-02-09,2025-08-03,False,2024-02-05,February,Feb
2025-02-10,8,1,2025,2,1,,2025-02-16,2025-08-03,False,2024-02-05,February,Feb
2025-02-11,9,1,2025,2,1,,2025-02-16,2025-08-03,False,2024-02-05,February,Feb
2025-02-12,10,1,2025,2,1,,2025-02-16,2025-08-03,False,2024-02-05,February,Feb
2025-02-13,11,1,2025,2,1,,2025-02-16,2025-08-03,False,2024-02-05,February,Feb
2025-02-14,12,1,2025,2,1,,2025-02-16,2025-08-03,False,2024-02-05,February,Feb
2025-02-15,13,1,2025,2,1,,2025-02-16,2025-08-03,True,2024-02-05,February,Feb
2025-02-16,14,1,2025,2,1,,2025-02-16,2025-08-03,False,2024-02-05,February,Feb
2025-02-17,15,1,2025,3,1,,2025-02-23,2025-08-03,False,2024-02-05,February,Feb
2025-02-18,16,1,2025,3,1,,2025-02-23,2025-08-03,False,2024-02-05,February,Feb
2025-02-19,17,1,2025,3,1,,2025-02-23,2025-08-03,False,2024-02-05,February,Feb
2025-02-20,18,1,2025,3,1,,2025-02-23,2025-08-03,False,2024-02-05,February,Feb
2025-02-21,19,1,2025,3,1,,2025-02-23,2025-08-03,False,2024-02-05,February,Feb
2025-02-22,20,1,2025,3,1,,2025-02-23,2025-08-03,True,2024-02-05,February,Feb
2025-02-23,21,1,2025,3,1,,2025-02-23,2025-08-03,False,2024-02-05,February,Feb
2025-02-24,22,1,2025,4,1,2025-03-02,2025-03-02,2025-08-03,False,2024-02-05,February,Feb
2025-02-25,23,1,2025,4,1,2025-03-02,2025-03-02,2025-08-03,False,2024-02-05,February,Feb
2025-02-26,24,1,2025,4,1,2025-03-02,2025-03-02,2025-08-03,False,2024-02-05,February,Feb
2025-02-27,25,1,2025,4,1,2025-03-02,2025-03-02,2025-08-03,False,2024-02-05,February,Feb
2025-02-28,26,1,2025,4,1,2025-03-02,2025-03-02,2025-08-03,False,2024-02-05,February,Feb
2025-03-01,27,1,2025,4,1,2025-03-02,2025-03-02,2025-08-03,True,2024-02-05,March,Mar
2025-03-02,28,1,2025,4,1,2025-03-02,2025-03-02,2025-08-03,False,2024-02-05,March,Mar
2025-03-03,29,2,2025,5,1,,2025-03-09,2025-08-03,False,2024-02-05,March,Mar
2025-03-04,30,2,2025,5,1,,2025-03-09,2025-08-03,False,2024-02-05,March,Mar
2025-03-05,31,2,2025,5,1,,2025-03-09,2025-08-03,False,2024-02-05,March,Mar
2025-03-06,32,2,2025,5,1,,2025-03-09,2025-08-03,False,2024-02-05,March,Mar
2025-03-07,33,2,2025,5,1,,2025-03-09,2025-08-03,False,2024-02-05,March,Mar
2025-03-08,34,2,2025,5,1,,2025-03-09,2025-08-03,True,2024-02-05,March,Mar
2025-03-09,35,2,2025,5,1,,2025-03-09,2025-08-03,False,2024-02-05,March,Mar
2025-03-10,36,2,2025,6,1,,2025-03-16,2025-08-03,False,2024-02-05,March,Mar
2025-03-11,37,2,2025,6,1,,2025-03-16,2025-08-03,False,2024-02-05,March,Mar
2025-03-12,38,2,2025,6,1,,2025-03-16,2025-08-03,False,2024-02-05,March,Mar
2025-03-13,39,2,2025,6,1,,2025-03-16,2025-08-03,False,2024-02-05,March,Mar
2025-03-14,40,2,2025,6,1,,2025-03-16,2025-08-03,False,2024-02-05,March,Mar
2025-03-15,41,2,2025,6,1,,2025-03-16,2025-08-03,True,2024-02-05,March,Mar
2025-03-16,42,2,2025,6,1,,2025-03-16,2025-08-03,False,2024-02-05,March,Mar
2025-03-17,43,2,2025,7,1,,2025-03-23,2025-08-03,False,2024-02-05,March,Mar
2025-03-18,44,2,2025,7,1,,2025-03-23,2025-08-03,False,2024-02-05,March,Mar
2025-03-19,45,2,2025,7,1,,2025-03-23,2025-08-03,False,2024-02-05,March,Mar
2025-03-20,46,2,2025,7,1,,2025-03-23,2025-08-03,False,2024-02-05,March,Mar
2025-03-21,47,2,2025,7,1,,2025-03-23,2025-08-03,False,2024-02-05,March,Mar
2025-03-22,48,2,2025,7,1,,2025-03-23,2025-08-03,True,2024-02-05,March,Mar
2025-03-23,49,2,2025,7,1,,2025-03-23,2025-08-03,False,2024-02-05,March,Mar
2025-03-24,50,2,2025,8,1,2025-03-30,2025-03-30,2025-08-03,False,2024-02-05,March,Mar
2025-03-25,51,2,2025,8,1,2025-03-30,2025-03-30,2025-08-03,False,2024-02-05,March,Mar
2025-03-26,52,2,2025,8,1,2025-03-30,2025-03-30,2025-08-03,False,2024-02-05,March,Mar
2025-03-27,53,2,2025,8,1,2025-03-30,2025-03-30,2025-08-03,False,2024-02-05,March,Mar
2025-03-28,54,2,2025,8,1,2025-03-30,2025-03-30,2025-08-03,False,2024-02-05,March,Mar
2025-03-29,55,2,2025,8,1,2025-03-30,2025-03-30,2025-08-03,True,2024-02-05,March,Mar
2025-03-30,56,2,2025,8,1,2025-03-30,2025-03-30,2025-08-03,False,2024-02-05,March,Mar
2025-03-31,57,3,2025,9,1,,2025-04-06,2025-08-03,False,2024-02-05,March,Mar
2025-04-01,58,3,2025,9,1,,2025-04-06,2025-08-03,False,2024-02-05,April,Apr
2025-04-02,59,3,2025,9,1,,2025-04-06,2025-08-03,False,2024-02-05,April,Apr
2025-04-03,60,3,2025,9,1,,2025-04-06,2025-08-03,False,2024-02-05,April,Apr
2025-04-04,61,3,2025,9,1,,2025-04-06,2025-08-03,False,2024-02-05,April,Apr
2025-04-05,62,3,2025,9,1,,2025-04-06,2025-08-03,True,2024-02-05,April,Apr
2025-04-06,63,3,2025,9,1,,2025-04-06,2025-08-03,False,2024-02-05,April,Apr
2025-04-07,64,3,2025,10,1,,2025-04-13,2025-08-03,False,2024-02-05,April,Apr
2025-04-08,65,3,2025,10,1,,2025-04-13,2025-08-03,False,2024-02-05,April,Apr
2025-04-09,66,3,2025,10,1,,2025-04-13,2025-08-03,False,2024-02-05,April,Apr
2025-04-10,67,3,2025,10,1,,2025-04-13,2025-08-03,False,2024-02-05,April,Apr
2025-04-11,68,3,2025,10,1,,2025-04-13,2025-08-03,False,2024-02-05,April,Apr
2025-04-12,69,3,2025,10,1,,2025-04-13,2025-08-03,True,2024-02-05,April,Apr
2025-04-13,70,3,2025,10,1,,2025-04-13,2025-08-03,False,2024-02-05,April,Apr
2025-04-14,71,3,2025,11,1,,2025-04-20,2025-08-03,False,2024-02-05,April,Apr
2025-04-15,72,3,2025,11,1,,2025-04-20,2025-08-03,False,2024-02-05,April,Apr
2025-04-16,73,3,2025,11,1,,2025-04-20,2025-08-03,False,2024-02-05,April,Apr
2025-04-17,74,3,2025,11,1,,2025-04-20,2025-08-03,False,2024-02-05,April,Apr
2025-04-18,75,3,2025,11,1,,2025-04-20,2025-08-03,False,2024-02-05,April,Apr
2025-04-19,76,3,2025,11,1,,2025-04-20,2025-08-03,True,2024-02-05,April,Apr
2025-04-20,77,3,2025,11,1,,2025-04-20,2025-08-03,False,2024-02-05,April,Apr
2025-04-21,78,3,2025,12,1,,2025-04-27,2025-08-03,False,2024-02-05,April,Apr
2025-04-22,79,3,2025,12,1,,2025-04-27,2025-08-03,False,2024-02-05,April,Apr
2025-04-23,80,3,2025,12,1,,2025-04-27,2025-08-03,False,2024-02-05,April,Apr
2025-04-24,81,3,2025,12,1,,2025-04-27,2025-08-03,False,2024-02-05,April,Apr
2025-04-25,82,3,2025,12,1,,2025-04-27,2025-08-03,False,2024-02-05,April,Apr
2025-04-26,83,3,2025,12,1,,2025-04-27,2025-08-03,True,2024-02-05,April,Apr
2025-04-27,84,3,2025,12,1,,2025-04-27,2025-08-03,False,2024-02-05,April,Apr
2025-04-28,85,3,2025,13,1,2025-05-04,2025-05-04,2025-08-03,False,2024-02-05,April,Apr
2025-04-29,86,3,2025,13,1,2025-05-04,2025-05-04,2025-08-03,False,2024-02-05,April,Apr
2025-04-30,87,3,2025,13,1,2025-05-04,2025-05-04,2025-08-03,False,2024-02-05,April,Apr
2025-05-01,88,3,2025,13,1,2025-05-04,2025-05-04,2025-08-03,False,2024-02-05,May,May
2025-05-02,89,3,2025,13,1,2025-05-04,2025-05-04,2025-08-03,False,2024-02-05,May,May
2025-05-03,90,3,2025,13,1,2025-05-04,2025-05-04,2025-08-03,True,2024-02-05,May,May
2025-05-04,91,3,2025,13,1,2025-05-04,2025-05-04,2025-08-03,False,2024-02-05,May,May
2025-05-05,92,4,2025,14,1,,2025-05-11,2025-08-03,False,2024-02-05,May,May
2025-05-06,93,4,2025,14,1,,2025-05-11,2025-08-03,False,2024-02-05,May,May
2025-05-07,94,4,2025,14,1,,2025-05-11,2025-08-03,False,2024-02-05,May,May
2025-05-08,95,4,2025,14,1,,2025-05-11,2025-08-03,False,2024-02-05,May,May
2025-05-09,96,4,2025,14,1,,2025-05-11,2025-08-03,False,2024-02-05,May,May
2025-05-10,97,4,2025,14,1,,2025-05-11,2025-08-03,True,2024-02-05,May,May
2025-05-11,98,4,2025,14,1,,2025-05-11,2025-08-03,False,2024-02-05,May,May
2025-05-12,99,4,2025,15,1,,2025-05-18,2025-08-03,False,2024-02-05,May,May
2025-05-13,100,4,2025,15,1,,2025-05-18,2025-08-03,False,2024-02-05,May,May
2025-05-14,101,4,2025,15,1,,2025-05-18,2025-08-03,False,2024-02-05,May,May
2025-05-15,102,4,2025,15,1,,2025-05-18,2025-08-03,False,2024-02-05,May,May
2025-05-16,103,4,2025,15,1,,2025-05-18,2025-08-03,False,2024-02-05,May,May
2025-05-17,104,4,2025,15,1,,2025-05-18,2025-08-03,True,2024-02-05,May,May
2025-05-18,105,4,2025,15,1,,2025-05-18,2025-08-03,False,2024-02-05,May,May
2025-05-19,106,4,2025,16,1,,2025-05-25,2025-08-03,False,2024-02-05,May,May
2025-05-20,107,4,2025,16,1,,2025-05-25,2025-08-03,False,2024-02-05,May,May
2025-05-21,108,4,2025,16,1,,2025-05-25,2025-08-03,False,2024-02-05,May,May
2025-05-22,109,4,2025,16,1,,2025-05-25,2025-08-03,False,2024-02-05,May,May
2025-05-23,110,4,2025,16,1,,2025-05-25,2025-08-03,False,2024-02-05,May,May
2025-05-24,111,4,2025,16,1,,2025-05-25,2025-08-03,True,2024-02-05,May,May
2025-05-25,112,4,2025,16,1,,2025-05-25,2025-08-03,False,2024-02-05,May,May
2025-05-26,113,4,2025,17,1,2025-06-01,2025-06-01,2025-08-03,False,2024-02-05,May,May
2025-05-27,114,4,2025,17,1,2025-06-01,2025-06-01,2025-08-03,False,2024-02-05,May,May
2025-05-28,115,4,2025,17,1,2025-06-01,2025-06-01,2025-08-03,False,2024-02-05,May,May
2025-05-29,116,4,2025,17,1,2025-06-01,2025-06-01,2025-08-03,False,2024-02-05,May,May
2025-05-30,117,4,2025,17,1,2025-06-01,2025-06-01,2025-08-03,False,2024-02-05,May,May
2025-05-31,118,4,2025,17,1,2025-06-01,2025-06-01,2025-08-03,True,2024-02-05,May,May
2025-06-01,119,4,2025,17,1,2025-06-01,2025-06-01,2025-08-03,False,2024-02-05,June,Jun
2025-06-02,120,5,2025,18,1,,2025-06-08,2025-08-03,False,2024-02-05,June,Jun
2025-06-03,121,5,2025,18,1,,2025-06-08,2025-08-03,False,2024-02-05,June,Jun
2025-06-04,122,5,2025,18,1,,2025-06-08,2025-08-03,False,2024-02-05,June,Jun
2025-06-05,123,5,2025,18,1,,2025-06-08,2025-08-03,False,2024-02-05,June,Jun
2025-06-06,124,5,2025,18,1,,2025-06-08,2025-08-03,False,2024-02-05,June,Jun
2025-06-07,125,5,2025,18,1,,2025-06-08,2025-08-03,True,2024-02-05,June,Jun
2025-06-08,126,5,2025,18,1,,2025-06-08,2025-08-03,False,2024-02-05,June,Jun
2025-06-09,127,5,2025,19,1,,2025-06-15,2025-08-03,False,2024-02-05,June,Jun
2025-06-10,128,5,2025,19,1,,2025-06-15,2025-08-03,False,2024-02-05,June,Jun
2025-06-11,129,5,2025,19,1,,2025-06-15,2025-08-03,False,2024-02-05,June,Jun
2025-06-12,130,5,2025,19,1,,2025-06-15,2025-08-03,False,2024-02-05,June,Jun
2025-06-13,131,5,2025,19,1,,2025-06-15,2025-08-03,False,2024-02-05,June,Jun
2025-06-14,132,5,2025,19,1,,2025-06-15,2025-08-03,True,2024-02-05,June,Jun
2025-06-15,133,5,2025,19,1,,2025-06-15,2025-08-03,False,2024-02-05,June,Jun
2025-06-16,134,5,2025,20,1,,2025-06-22,2025-08-03,False,2024-02-05,June,Jun
2025-06-17,135,5,2025,20,1,,2025-06-22,2025-08-03,False,2024-02-05,June,Jun
2025-06-18,136,5,2025,20,1,,2025-06-22,2025-08-03,False,2024-02-05,June,Jun
2025-06-19,137,5,2025,20,1,,2025-06-22,2025-08-03,False,2024-02-05,June,Jun
2025-06-20,138,5,2025,20,1,,2025-06-22,2025-08-03,False,2024-02-05,June,Jun
2025-06-21,139,5,2025,20,1,,2025-06-22,2025-08-03,True,2024-02-05,June,Jun
2025-06-22,140,5,2025,20,1,,2025-06-22,2025-08-03,False,2024-02-05,June,Jun
2025-06-23,141,5,2025,21,1,2025-06-29,2025-06-29,2025-08-03,False,2024-02-05,June,Jun
2025-06-24,142,5,2025,21,1,2025-06-29,2025-06-29,2025-08-03,False,2024-02-05,June,Jun
2025-06-25,143,5,2025,21,1,2025-06-29,2025-06-29,2025-08-03,False,2024-02-05,June,Jun
2025-06-26,144,5,2025,21,1,2025-06-29,2025-06-29,2025-08-03,False,2024-02-05,June,Jun
2025-06-27,145,5,2025,21,1,2025-06-29,2025-06-29,2025-08-03,False,2024-02-05,June,Jun
2025-06-28,146,5,2025,21,1,2025-06-29,2025-06-29,2025-08-03,True,2024-02-05,June,Jun
2025-06-29,147,5,2025,21,1,2025-06-29,2025-06-29,2025-08-03,False,2024-02-05,June,Jun
2025-06-30,148,6,2025,22,1,,2025-07-06,2025-08-03,False,2024-02-05,June,Jun
2025-07-01,149,6,2025,22,1,,2025-07-06,2025-08-03,False,2024-02-05,July,Jul
2025-07-02,150,6,2025,22,1,,2025-07-06,2025-08-03,False,2024-02-05,July,Jul
2025-07-03,151,6,2025,22,1,,2025-07-06,2025-08-03,False,2024-02-05,July,Jul
2025-07-04,152,6,2025,22,1,,2025-07-06,2025-08-03,False,2024-02-05,July,Jul
2025-07-05,153,6,2025,22,1,,2025-07-06,2025-08-03,True,2024-02-05,July,Jul
2025-07-06,154,6,2025,22,1,,2025-07-06,2025-08-03,False,2024-02-05,July,Jul
2025-07-07,155,6,2025,23,1,,2025-07-13,2025-08-03,False,2024-02-05,July,Jul
2025-07-08,156,6,2025,23,1,,2025-07-13,2025-08-03,False,2024-02-05,July,Jul
2025-07-09,157,6,2025,23,1,,2025-07-13,2025-08-03,False,2024-02-05,July,Jul
2025-07-10,158,6,2025,23,1,,2025-07-13,2025-08-03,False,2024-02-05,July,Jul
2025-07-11,159,6,2025,23,1,,2025-07-13,2025-08-03,False,2024-02-05,July,Jul
2025-07-12,160,6,2025,23,1,,2025-07-13,2025-08-03,True,2024-02-05,July,Jul
2025-07-13,161,6,2025,23,1,,2025-07-13,2025-08-03,False,2024-02-05,July,Jul
2025-07-14,162,6,2025,24,1,,2025-07-20,2025-08-03,False,2024-02-05,July,Jul
2025-07-15,163,6,2025,24,1,,2025-07-20,2025-08-03,False,2024-02-05,July,Jul
2025-07-16,164,6,2025,24,1,,2025-07-20,2025-08-03,False,2024-02-05,July,Jul
2025-07-17,165,6,2025,24,1,,2025-07-20,2025-08-03,False,2024-02-05,July,Jul
2025-07-18,166,6,2025,24,1,,2025-07-20,2025-08-03,False,2024-02-05,July,Jul
2025-07-19,167,6,2025,24,1,,2025-07-20,2025-08-03,True,2024-02-05,July,Jul
2025-07-20,168,6,2025,24,1,,2025-07-20,2025-08-03,False,2024-02-05,July,Jul
2025-07-21,169,6,2025,25,1,,2025-07-27,2025-08-03,False,2024-02-05,July,Jul
2025-07-22,170,6,2025,25,1,,2025-07-27,2025-08-03,False,2024-02-05,July,Jul
2025-07-23,171,6,2025,25,1,,2025-07-27,2025-08-03,False,2024-02-05,July,Jul
2025-07-24,172,6,2025,25,1,,2025-07-27,2025-08-03,False,2024-02-05,July,Jul
2025-07-25,173,6,2025,25,1,,2025-07-27,2025-08-03,False,2024-02-05,July,Jul
2025-07-26,174,6,2025,25,1,,2025-07-27,2025-08-03,True,2024-02-05,July,Jul
2025-07-27,175,6,2025,25,1,,2025-07-27,2025-08-03,False,2024-02-05,July,Jul
2025-07-28,176,6,2025,26,1,2025-08-03,2025-08-03,2025-08-03,False,2024-02-05,July,Jul
2025-07-29,177,6,2025,26,1,2025-08-03,2025-08-03,2025-08-03,False,2024-02-05,July,Jul
2025-07-30,178,6,2025,26,1,2025-08-03,2025-08-03,2025-08-03,False,2024-02-05,July,Jul
2025-07-31,179,6,2025,26,1,2025-08-03,2025-08-03,2025-08-03,False,2024-02-05,July,Jul
2025-08-01,180,6,2025,26,1,2025-08-03,2025-08-03,2025-08-03,False,2024-02-05,August,Aug
2025-08-02,181,6,2025,26,1,2025-08-03,2025-08-03,2025-08-03,True,2024-02-05,August,Aug
2025-08-03,182,6,2025,26,1,2025-08-03,2025-08-03,2025-08-03,False,2024-02-05,August,Aug
2025-08-04,183,7,2025,27,2,,2025-08-10,2026-02-01,False,2024-02-05,August,Aug
2025-08-05,184,7,2025,27,2,,2025-08-10,2026-02-01,False,2024-02-05,August,Aug
2025-08-06,185,7,2025,27,2,,2025-08-10,2026-02-01,False,2024-02-05,August,Aug
2025-08-07,186,7,2025,27,2,,2025-08-10,2026-02-01,False,2024-02-05,August,Aug
2025-08-08,187,7,2025,27,2,,2025-08-10,2026-02-01,False,2024-02-05,August,Aug
2025-08-09,188,7,2025,27,2,,2025-08-10,2026-02-01,True,2024-02-05,August,Aug
2025-08-10,189,7,2025,27,2,,2025-08-10,2026-02-01,False,2024-02-05,August,Aug
2025-08-11,190,7,2025,28,2,,2025-08-17,2026-02-01,False,2024-02-05,August,Aug
2025-08-12,191,7,2025,28,2,,2025-08-17,2026-02-01,False,2024-02-05,August,Aug
2025-08-13,192,7,2025,28,2,,2025-08-17,2026-02-01,False,2024-02-05,August,Aug
2025-08-14,193,7,2025,28,2,,2025-08-17,2026-02-01,False,2024-02-05,August,Aug
2025-08-15,194,7,2025,28,2,,2025-08-17,2026-02-01,False,2024-02-05,August,Aug
2025-08-16,195,7,2025,28,2,,2025-08-17,2026-02-01,True,2024-02-05,August,Aug
2025-08-17,196,7,2025,28,2,,2025-08-17,2026-02-01,False,2024-02-05,August,Aug
2025-08-18,197,7,2025,29,2,,2025-08-24,2026-02-01,False,2024-02-05,August,Aug
2025-08-19,198,7,2025,29,2,,2025-08-24,2026-02-01,False,2024-02-05,August,Aug
2025-08-20,199,7,2025,29,2,,2025-08-24,2026-02-01,False,2024-02-05,August,Aug
2025-08-21,200,7,2025,29,2,,2025-08-24,2026-02-01,False,2024-02-05,August,Aug
2025-08-22,201,7,2025,29,2,,2025-08-24,2026-02-01,False,2024-02-05,August,Aug
2025-08-23,202,7,2025,29,2,,2025-08-24,2026-02-01,True,2024-02-05,August,Aug
2025-08-24,203,7,2025,29,2,,2025-08-24,2026-02-01,False,2024-02-05,August,Aug
2025-08-25,204,7,2025,30,2,2025-08-31,2025-08-31,2026-02-01,False,2024-02-05,August,Aug
2025-08-26,205,7,2025,30,2,2025-08-31,2025-08-31,2026-02-01,False,2024-02-05,August,Aug
2025-08-27,206,7,2025,30,2,2025-08-31,2025-08-31,2026-02-01,False,2024-02-05,August,Aug
2025-08-28,207,7,2025,30,2,2025-08-31,2025-08-31,2026-02-01,False,2024-02-05,August,Aug
2025-08-29,208,7,2025,30,2,2025-08-31,2025-08-31,2026-02-01,False,2024-02-05,August,Aug
2025-08-30,209,7,2025,30,2,2025-08-31,2025-08-31,2026-02-01,True,2024-02-05,August,Aug
2025-08-31,210,7,2025,30,2,2025-08-31,2025-08-31,2026-02-01,False,2024-02-05,August,Aug
2025-09-01,211,8,2025,31,2,,2025-09-07,2026-02-01,False,2024-02-05,September,Sep
2025-09-02,212,8,2025,31,2,,2025-09-07,2026-02-01,False,2024-02-05,September,Sep
2025-09-03,213,8,2025,31,2,,2025-09-07,2026-02-01,False,2024-02-05,September,Sep
2025-09-04,214,8,2025,31,2,,2025-09-07,2026-02-01,False,2024-02-05,September,Sep
2025-09-05,215,8,2025,31,2,,2025-09-07,2026-02-01,False,2024-02-05,September,Sep
2025-09-06,216,8,2025,31,2,,2025-09-07,2026-02-01,True,2024-02-05,September,Sep
2025-09-07,217,8,2025,31,2,,2025-09-07,2026-02-01,False,2024-02-05,September,Sep
2025-09-08,218,8,2025,32,2,,2025-09-14,2026-02-01,False,2024-02-05,September,Sep
2025-09-09,219,8,2025,32,2,,2025-09-14,2026-02-01,False,2024-02-05,September,Sep
2025-09-10,220,8,2025,32,2,,2025-09-14,2026-02-01,False,2024-02-05,September,Sep
2025-09-11,221,8,2025,32,2,,2025-09-14,2026-02-01,False,2024-02-05,September,Sep
2025-09-12,222,8,2025,32,2,,2025-09-14,2026-02-01,False,2024-02-05,September,Sep
2025-09-13,223,8,2025,32,2,,2025-09-14,2026-02-01,True,2024-02-05,September,Sep
2025-09-14,224,8,2025,32,2,,2025-09-14,2026-02-01,False,2024-02-05,September,Sep
2025-09-15,225,8,2025,33,2,,2025-09-21,2026-02-01,False,2024-02-05,September,Sep
2025-09-16,226,8,2025,33,2,,2025-09-21,2026-02-01,False,2024-02-05,September,Sep
2025-09-17,227,8,2025,33,2,,2025-09-21,2026-02-01,False,2024-02-05,September,Sep
2025-09-18,228,8,2025,33,2,,2025-09-21,2026-02-01,False,2024-02-05,September,Sep
2025-09-19,229,8,2025,33,2,,2025-09-21,2026-02-01,False,2024-02-05,September,Sep
2025-09-20,230,8,2025,33,2,,2025-09-21,2026-02-01,True,2024-02-05,September,Sep
2025-09-21,231,8,2025,33,2,,2025-09-21,2026-02-01,False,2024-02-05,September,Sep
2025-09-22,232,8,2025,34,2,2025-09-28,2025-09-28,2026-02-01,False,2024-02-05,September,Sep
2025-09-23,233,8,2025,34,2,2025-09-28,2025-09-28,2026-02-01,False,2024-02-05,September,Sep
2025-09-24,234,8,2025,34,2,2025-09-28,2025-09-28,2026-02-01,False,2024-02-05,September,Sep
2025-09-25,235,8,2025,34,2,2025-09-28,2025-09-28,2026-02-01,False,2024-02-05,September,Sep
2025-09-26,236,8,2025,34,2,2025-09-28,2025-09-28,2026-02-01,False,2024-02-05,September,Sep
2025-09-27,237,8,2025,34,2,2025-09-28,2025-09-28,2026-02-01,True,2024-02-05,September,Sep
2025-09-28,238,8,2025,34,2,2025-09-28,2025-09-28,2026-02-01,False,2024-02-05,September,Sep
2025-09-29,239,9,2025,35,2,,2025-10-05,2026-02-01,False,2024-02-05,September,Sep
2025-09-30,240,9,2025,35,2,,2025-10-05,2026-02-01,False,2024-02-05,September,Sep
2025-10-01,241,9,2025,35,2,,2025-10-05,2026-02-01,False,2024-02-05,October,Oct
2025-10-02,242,9,2025,35,2,,2025-10-05,2026-02-01,False,2024-02-05,October,Oct
2025-10-03,243,9,2025,35,2,,2025-10-05,2026-02-01,False,2024-02-05,October,Oct
2025-10-04,244,9,2025,35,2,,2025-10-05,2026-02-01,True,2024-02-05,October,Oct
2025-10-05,245,9,2025,35,2,,2025-10-05,2026-02-01,False,2024-02-05,October,Oct
2025-10-06,246,9,2025,36,2,,2025-10-12,2026-02-01,False,2024-02-05,October,Oct
2025-10-07,247,9,2025,36,2,,2025-10-12,2026-02-01,False,2024-02-05,October,Oct
2025-10-08,248,9,2025,36,2,,2025-10-12,2026-02-01,False,2024-02-05,October,Oct
2025-10-09,249,9,2025,36,2,,2025-10-12,2026-02-01,False,2024-02-05,October,Oct
2025-10-10,250,9,2025,36,2,,2025-10-12,2026-02-01,False,2024-02-05,October,Oct
2025-10-11,251,9,2025,36,2,,2025-10-12,2026-02-01,True,2024-02-05,October,Oct
2025-10-12,252,9,2025,36,2,,2025-10-12,2026-02-01,False,2024-02-05,October,Oct
2025-10-13,253,9,2025,37,2,,2025-10-19,2026-02-01,False,2024-02-05,October,Oct
2025-10-14,254,9,2025,37,2,,2025-10-19,2026-02-01,False,2024-02-05,October,Oct
2025-10-15,255,9,2025,37,2,,2025-10-19,2026-02-01,False,2024-02-05,October,Oct
2025-10-16,256,9,2025,37,2,,2025-10-19,2026-02-01,False,2024-02-05,October,Oct
2025-10-17,257,9,2025,37,2,,2025-10-19,2026-02-01,False,2024-02-05,October,Oct
2025-10-18,258,9,2025,37,2,,2025-10-19,2026-02-01,True,2024-02-05,October,Oct
2025-10-19,259,9,2025,37,2,,2025-10-19,2026-02-01,False,2024-02-05,October,Oct
2025-10-20,260,9,2025,38,2,,2025-10-26,2026-02-01,False,2024-02-05,October,Oct
2025-10-21,261,9,2025,38,2,,2025-10-26,2026-02-01,False,2024-02-05,October,Oct
2025-10-22,262,9,2025,38,2,,2025-10-26,2026-02-01,False,2024-02-05,October,Oct
2025-10-23,263,9,2025,38,2,,2025-10-26,2026-02-01,False,2024-02-05,October,Oct
2025-10-24,264,9,2025,38,2,,2025-10-26,2026-02-01,False,2024-02-05,October,Oct
2025-10-25,265,9,2025,38,2,,2025-10-26,2026-02-01,True,2024-02-05,October,Oct
2025-10-26,266,9,2025,38,2,,2025-10-26,2026-02-01,False,2024-02-05,October,Oct
2025-10-27,267,9,2025,39,2,2025-11-02,2025-11-02,2026-02-01,False,2024-02-05,October,Oct
2025-10-28,268,9,2025,39,2,2025-11-02,2025-11-02,2026-02-01,False,2024-02-05,October,Oct
2025-10-29,269,9,2025,39,2,2025-11-02,2025-11-02,2026-02-01,False,2024-02-05,October,Oct
2025-10-30,270,9,2025,39,2,2025-11-02,2025-11-02,2026-02-01,False,2024-02-05,October,Oct
2025-10-31,271,9,2025,39,2,2025-11-02,2025-11-02,2026-02-01,False,2024-02-05,October,Oct
2025-11-01,272,9,2025,39,2,2025-11-02,2025-11-02,2026-02-01,True,2024-02-05,November,Nov
2025-11-02,273,9,2025,39,2,2025-11-02,2025-11-02,2026-02-01,False,2024-02-05,November,Nov
2025-11-03,274,10,2025,40,2,,2025-11-09,2026-02-01,False,2024-02-05,November,Nov
2025-11-04,275,10,2025,40,2,,2025-11-09,2026-02-01,False,2024-02-05,November,Nov
2025-11-05,276,10,2025,40,2,,2025-11-09,2026-02-01,False,2024-02-05,November,Nov
2025-11-06,277,10,2025,40,2,,2025-11-09,2026-02-01,False,2024-02-05,November,Nov
2025-11-07,278,10,2025,40,2,,2025-11-09,2026-02-01,False,2024-02-05,November,Nov
2025-11-08,279,10,2025,40,2,,2025-11-09,2026-02-01,True,2024-02-05,November,Nov
2025-11-09,280,10,2025,40,2,,2025-11-09,2026-02-01,False,2024-02-05,November,Nov
2025-11-10,281,10,2025,41,2,,2025-11-16,2026-02-01,False,2024-02-05,November,Nov
2025-11-11,282,10,2025,41,2,,2025-11-16,2026-02-01,False,2024-02-05,November,Nov
2025-11-12,283,10,2025,41,2,,2025-11-16,2026-02-01,False,2024-02-05,November,Nov
2025-11-13,284,10,2025,41,2,,2025-11-16,2026-02-01,False,2024-02-05,November,Nov
2025-11-14,285,10,2025,41,2,,2025-11-16,2026-02-01,False,2024-02-05,November,Nov
2025-11-15,286,10,2025,41,2,,2025-11-16,2026-02-01,True,2024-02-05,November,Nov
2025-11-16,287,10,2025,41,2,,2025-11-16,2026-02-01,False,2024-02-05,November,Nov
2025-11-17,288,10,2025,42,2,,2025-11-23,2026-02-01,False,2024-02-05,November,Nov
2025-11-18,289,10,2025,42,2,,2025-11-23,2026-02-01,False,2024-02-05,November,Nov
2025-11-19,290,10,2025,42,2,,2025-11-23,2026-02-01,False,2024-02-05,November,Nov
2025-11-20,291,10,2025,42,2,,2025-11-23,2026-02-01,False,2024-02-05,November,Nov
2025-11-21,292,10,2025,42,2,,2025-11-23,2026-02-01,False,2024-02-05,November,Nov
2025-11-22,293,10,2025,42,2,,2025-11-23,2026-02-01,True,2024-02-05,November,Nov
2025-11-23,294,10,2025,42,2,,2025-11-23,2026-02-01,False,2024-02-05,November,Nov
2025-11-24,295,10,2025,43,2,2025-11-30,2025-11-30,2026-02-01,False,2024-02-05,November,Nov
2025-11-25,296,10,2025,43,2,2025-11-30,2025-11-30,2026-02-01,False,2024-02-05,November,Nov
2025-11-26,297,10,2025,43,2,2025-11-30,2025-11-30,2026-02-01,False,2024-02-05,November,Nov
2025-11-27,298,10,2025,43,2,2025-11-30,2025-11-30,2026-02-01,False,2024-02-05,November,Nov
2025-11-28,299,10,2025,43,2,2025-11-30,2025-11-30,2026-02-01,False,2024-02-05,November,Nov
2025-11-29,300,10,2025,43,2,2025-11-30,2025-11-30,2026-02-01,True,2024-02-05,November,Nov
2025-11-30,301,10,2025,43,2,2025-11-30,2025-11-30,2026-02-01,False,2024-02-05,November,Nov
2025-12-01,302,11,2025,44,2,,2025-12-07,2026-02-01,False,2024-02-05,December,Dec
2025-12-02,303,11,2025,44,2,,2025-12-07,2026-02-01,False,2024-02-05,December,Dec
2025-12-03,304,11,2025,44,2,,2025-12-07,2026-02-01,False,2024-02-05,December,Dec
2025-12-04,305,11,2025,44,2,,2025-12-07,2026-02-01,False,2024-02-05,December,Dec
2025-12-05,306,11,2025,44,2,,2025-12-07,2026-02-01,False,2024-02-05,December,Dec
2025-12-06,307,11,2025,44,2,,2025-12-07,2026-02-01,True,2024-02-05,December,Dec
2025-12-07,308,11,2025,44,2,,2025-12-07,2026-02-01,False,2024-02-05,December,Dec
2025-12-08,309,11,2025,45,2,,2025-12-14,2026-02-01,False,2024-02-05,December,Dec
2025-12-09,310,11,2025,45,2,,2025-12-14,2026-02-01,False,2024-02-05,December,Dec
2025-12-10,311,11,2025,45,2,,2025-12-14,2026-02-01,False,2024-02-05,December,Dec
2025-12-11,312,11,2025,45,2,,2025-12-14,2026-02-01,False,2024-02-05,December,Dec
2025-12-12,313,11,2025,45,2,,2025-12-14,2026-02-01,False,2024-02-05,December,Dec
2025-12-13,314,11,2025,45,2,,2025-12-14,2026-02-01,True,2024-02-05,December,Dec
2025-12-14,315,11,2025,45,2,,2025-12-14,2026-02-01,False,2024-02-05,December,Dec
2025-12-15,316,11,2025,46,2,,2025-12-21,2026-02-01,False,2024-02-05,December,Dec
2025-12-16,317,11,2025,46,2,,2025-12-21,2026-02-01,False,2024-02-05,December,Dec
2025-12-17,318,11,2025,46,2,,2025-12-21,2026-02-01,False,2024-02-05,December,Dec
2025-12-18,319,11,2025,46,2,,2025-12-21,2026-02-01,False,2024-02-05,December,Dec
2025-12-19,320,11,2025,46,2,,2025-12-21,2026-02-01,False,2024-02-05,December,Dec
2025-12-20,321,11,2025,46,2,,2025-12-21,2026-02-01,True,2024-02-05,December,Dec
2025-12-21,322,11,2025,46,2,,2025-12-21,2026-02-01,False,2024-02-05,December,Dec
2025-12-22,323,11,2025,47,2,2025-12-28,2025-12-28,2026-02-01,False,2024-02-05,December,Dec
2025-12-23,324,11,2025,47,2,2025-12-28,2025-12-28,2026-02-01,False,2024-02-05,December,Dec
2025-12-24,325,11,2025,47,2,2025-12-28,2025-12-28,2026-02-01,False,2024-02-05,December,Dec
2025-12-25,326,11,2025,47,2,2025-12-28,2025-12-28,2026-02-01,False,2024-02-05,December,Dec
2025-12-26,327,11,2025,47,2,2025-12-28,2025-12-28,2026-02-01,False,2024-02-05,December,Dec
2025-12-27,328,11,2025,47,2,2025-12-28,2025-12-28,2026-02-01,True,2024-02-05,December,Dec
2025-12-28,329,11,2025,47,2,2025-12-28,2025-12-28,2026-02-01,False,2024-02-05,December,Dec
2025-12-29,330,12,2025,48,2,,2026-01-04,2026-02-01,False,2024-02-05,December,Dec
2025-12-30,331,12,2025,48,2,,2026-01-04,2026-02-01,False,2024-02-05,December,Dec
2025-12-31,332,12,2025,48,2,,2026-01-04,2026-02-01,False,2024-02-05,December,Dec
2026-01-01,333,12,2025,48,2,,2026-01-04,2026-02-01,False,2024-02-05,January,Jan
2026-01-02,334,12,2025,48,2,,2026-01-04,2026-02-01,False,2024-02-05,January,Jan
2026-01-03,335,12,2025,48,2,,2026-01-04,2026-02-01,True,2024-02-05,January,Jan
2026-01-04,336,12,2025,48,2,,2026-01-04,2026-02-01,False,2024-02-05,January,Jan
2026-01-05,337,12,2025,49,2,,2026-01-11,2026-02-01,False,2024-02-05,January,Jan
2026-01-06,338,12,2025,49,2,,2026-01-11,2026-02-01,False,2024-02-05,January,Jan
2026-01-07,339,12,2025,49,2,,2026-01-11,2026-02-01,False,2024-02-05,January,Jan
2026-01-08,340,12,2025,49,2,,2026-01-11,2026-02-01,False,2024-02-05,January,Jan
2026-01-09,341,12,2025,49,2,,2026-01-11,2026-02-01,False,2024-02-05,January,Jan
2026-01-10,342,12,2025,49,2,,2026-01-11,2026-02-01,True,2024-02-05,January,Jan
2026-01-11,343,12,2025,49,2,,2026-01-11,2026-02-01,False,2024-02-05,January,Jan
2026-01-12,344,12,2025,50,2,,2026-01-18,2026-02-01,False,2024-02-05,January,Jan
2026-01-13,345,12,2025,50,2,,2026-01-18,2026-02-01,False,2024-02-05,January,Jan
2026-01-14,346,12,2025,50,2,,2026-01-18,2026-02-01,False,2024-02-05,January,Jan
2026-01-15,347,12,2025,50,2,,2026-01-18,2026-02-01,False,2024-02-05,January,Jan
2026-01-16,348,12,2025,50,2,,2026-01-18,2026-02-01,False,2024-02-05,January,Jan
2026-01-17,349,12,2025,50,2,,2026-01-18,2026-02-01,True,2024-02-05,January,Jan
2026-01-18,350,12,2025,50,2,,2026-01-18,2026-02-01,False,2024-02-05,January,Jan
2026-01-19,351,12,2025,51,2,,2026-01-25,2026-02-01,False,2024-02-05,January,Jan
2026-01-20,352,12,2025,51,2,,2026-01-25,2026-02-01,False,2024-02-05,January,Jan
2026-01-21,353,12,2025,51,2,,2026-01-25,2026-02-01,False,2024-02-05,January,Jan
2026-01-22,354,12,2025,51,2,,2026-01-25,2026-02-01,False,2024-02-05,January,Jan
2026-01-23,355,12,2025,51,2,,2026-01-25,2026-02-01,False,2024-02-05,January,Jan
2026-01-24,356,12,2025,51,2,,2026-01-25,2026-02-01,True,2024-02-05,January,Jan
2026-01-25,357,12,2025,51,2,,2026-01-25,2026-02-01,False,2024-02-05,January,Jan
2026-01-26,358,12,2025,52,2,2026-02-01,2026-02-01,2026-02-01,False,2024-02-05,January,Jan
2026-01-27,359,12,2025,52,2,2026-02-01,2026-02-01,2026-02-01,False,2024-02-05,January,Jan
2026-01-28,360,12,2025,52,2,2026-02-01,2026-02-01,2026-02-01,False,2024-02-05,January,Jan
2026-01-29,361,12,2025,52,2,2026-02-01,2026-02-01,2026-02-01,False,2024-02-05,January,Jan
2026-01-30,362,12,2025,52,2,2026-02-01,2026-02-01,2026-02-01,False,2024-02-05,January,Jan
2026-01-31,363,12,2025,52,2,2026-02-01,2026-02-01,2026-02-01,True,2024-02-05,January,Jan
2026-02-01,364,12,2025,52,2,2026-02-01,2026-02-01,2026-02-01,False,2024-02-05,February,Feb
2026-02-02,1,1,2026,1,1,,2026-02-08,2026-08-02,False,2025-02-03,February,Feb
2026-02-03,2,1,2026,1,1,,2026-02-08,2026-08-02,False,2025-02-03,February,Feb
2026-02-04,3,1,2026,1,1,,2026-02-08,2026-08-02,False,2025-02-03,February,Feb
2026-02-05,4,1,2026,1,1,,2026-02-08,2026-08-02,False,2025-02-03,February,Feb
2026-02-06,5,1,2026,1,1,,2026-02-08,2026-08-02,False,2025-02-03,February,Feb
2026-02-07,6,1,2026,1,1,,2026-02-08,2026-08-02,True,2025-02-03,February,Feb
2026-02-08,7,1,2026,1,1,,2026-02-08,2026-08-02,False,2025-02-03,February,Feb
2026-02-09,8,1,2026,2,1,,2026-02-15,2026-08-02,False,2025-02-03,February,Feb
2026-02-10,9,1,2026,2,1,,2026-02-15,2026-08-02,False,2025-02-03,February,Feb
2026-02-11,10,1,2026,2,1,,2026-02-15,2026-08-02,False,2025-02-03,February,Feb
2026-02-12,11,1,2026,2,1,,2026-02-15,2026-08-02,False,2025-02-03,February,Feb
2026-02-13,12,1,2026,2,1,,2026-02-15,2026-08-02,False,2025-02-03,February,Feb
2026-02-14,13,1,2026,2,1,,2026-02-15,2026-08-02,True,2025-02-03,February,Feb
2026-02-15,14,1,2026,2,1,,2026-02-15,2026-08-02,False,2025-02-03,February,Feb
2026-02-16,15,1,2026,3,1,,2026-02-22,2026-08-02,False,2025-02-03,February,Feb
2026-02-17,16,1,2026,3,1,,2026-02-22,2026-08-02,False,2025-02-03,February,Feb
2026-02-18,17,1,2026,3,1,,2026-02-22,2026-08-02,False,2025-02-03,February,Feb
2026-02-19,18,1,2026,3,1,,2026-02-22,2026-08-02,False,2025-02-03,February,Feb
2026-02-20,19,1,2026,3,1,,2026-02-22,2026-08-02,False,2025-02-03,February,Feb
2026-02-21,20,1,2026,3,1,,2026-02-22,2026-08-02,True,2025-02-03,February,Feb
2026-02-22,21,1,2026,3,1,,2026-02-22,2026-08-02,False,2025-02-03,February,Feb
2026-02-23,22,1,2026,4,1,2026-03-01,2026-03-01,2026-08-02,False,2025-02-03,February,Feb
2026-02-24,23,1,2026,4,1,2026-03-01,2026-03-01,2026-08-02,False,2025-02-03,February,Feb
2026-02-25,24,1,2026,4,1,2026-03-01,2026-03-01,2026-08-02,False,2025-02-03,February,Feb
2026-02-26,25,1,2026,4,1,2026-03-01,2026-03-01,2026-08-02,False,2025-02-03,February,Feb
2026-02-27,26,1,2026,4,1,2026-03-01,2026-03-01,2026-08-02,False,2025-02-03,February,Feb
2026-02-28,27,1,2026,4,1,2026-03-01,2026-03-01,2026-08-02,True,2025-02-03,February,Feb
2026-03-01,28,1,2026,4,1,2026-03-01,2026-03-01,2026-08-02,False,2025-02-03,March,Mar
2026-03-02,29,2,2026,5,1,,2026-03-08,2026-08-02,False,2025-02-03,March,Mar
2026-03-03,30,2,2026,5,1,,2026-03-08,2026-08-02,False,2025-02-03,March,Mar
2026-03-04,31,2,2026,5,1,,2026-03-08,2026-08-02,False,2025-02-03,March,Mar
2026-03-05,32,2,2026,5,1,,2026-03-08,2026-08-02,False,2025-02-03,March,Mar
2026-03-06,33,2,2026,5,1,,2026-03-08,2026-08-02,False,2025-02-03,March,Mar
2026-03-07,34,2,2026,5,1,,2026-03-08,2026-08-02,True,2025-02-03,March,Mar
2026-03-08,35,2,2026,5,1,,2026-03-08,2026-08-02,False,2025-02-03,March,Mar
2026-03-09,36,2,2026,6,1,,2026-03-15,2026-08-02,False,2025-02-03,March,Mar
2026-03-10,37,2,2026,6,1,,2026-03-15,2026-08-02,False,2025-02-03,March,Mar
2026-03-11,38,2,2026,6,1,,2026-03-15,2026-08-02,False,2025-02-03,March,Mar
2026-03-12,39,2,2026,6,1,,2026-03-15,2026-08-02,False,2025-02-03,March,Mar
2026-03-13,40,2,2026,6,1,,2026-03-15,2026-08-02,False,2025-02-03,March,Mar
2026-03-14,41,2,2026,6,1,,2026-03-15,2026-08-02,True,2025-02-03,March,Mar
2026-03-15,42,2,2026,6,1,,2026-03-15,2026-08-02,False,2025-02-03,March,Mar
2026-03-16,43,2,2026,7,1,,2026-03-22,2026-08-02,False,2025-02-03,March,Mar
2026-03-17,44,2,2026,7,1,,2026-03-22,2026-08-02,False,2025-02-03,March,Mar
2026-03-18,45,2,2026,7,1,,2026-03-22,2026-08-02,False,2025-02-03,March,Mar
2026-03-19,46,2,2026,7,1,,2026-03-22,2026-08-02,False,2025-02-03,March,Mar
2026-03-20,47,2,2026,7,1,,2026-03-22,2026-08-02,False,2025-02-03,March,Mar
2026-03-21,48,2,2026,7,1,,2026-03-22,2026-08-02,True,2025-02-03,March,Mar
2026-03-22,49,2,2026,7,1,,2026-03-22,2026-08-02,False,2025-02-03,March,Mar
2026-03-23,50,2,2026,8,1,2026-03-29,2026-03-29,2026-08-02,False,2025-02-03,March,Mar
2026-03-24,51,2,2026,8,1,2026-03-29,2026-03-29,2026-08-02,False,2025-02-03,March,Mar
2026-03-25,52,2,2026,8,1,2026-03-29,2026-03-29,2026-08-02,False,2025-02-03,March,Mar
2026-03-26,53,2,2026,8,1,2026-03-29,2026-03-29,2026-08-02,False,2025-02-03,March,Mar
2026-03-27,54,2,2026,8,1,2026-03-29,2026-03-29,2026-08-02,False,2025-02-03,March,Mar
2026-03-28,55,2,2026,8,1,2026-03-29,2026-03-29,2026-08-02,True,2025-02-03,March,Mar
2026-03-29,56,2,2026,8,1,2026-03-29,2026-03-29,2026-08-02,False,2025-02-03,March,Mar
2026-03-30,57,3,2026,9,1,,2026-04-05,2026-08-02,False,2025-02-03,March,Mar
2026-03-31,58,3,2026,9,1,,2026-04-05,2026-08-02,False,2025-02-03,March,Mar
2026-04-01,59,3,2026,9,1,,2026-04-05,2026-08-02,False,2025-02-03,April,Apr
2026-04-02,60,3,2026,9,1,,2026-04-05,2026-08-02,False,2025-02-03,April,Apr
2026-04-03,61,3,2026,9,1,,2026-04-05,2026-08-02,False,2025-02-03,April,Apr
2026-04-04,62,3,2026,9,1,,2026-04-05,2026-08-02,True,2025-02-03,April,Apr
2026-04-05,63,3,2026,9,1,,2026-04-05,2026-08-02,False,2025-02-03,April,Apr
2026-04-06,64,3,2026,10,1,,2026-04-12,2026-08-02,False,2025-02-03,April,Apr
2026-04-07,65,3,2026,10,1,,2026-04-12,2026-08-02,False,2025-02-03,April,Apr
2026-04-08,66,3,2026,10,1,,2026-04-12,2026-08-02,False,2025-02-03,April,Apr
2026-04-09,67,3,2026,10,1,,2026-04-12,2026-08-02,False,2025-02-03,April,Apr
2026-04-10,68,3,2026,10,1,,2026-04-12,2026-08-02,False,2025-02-03,April,Apr
2026-04-11,69,3,2026,10,1,,2026-04-12,2026-08-02,True,2025-02-03,April,Apr
2026-04-12,70,3,2026,10,1,,2026-04-12,2026-08-02,False,2025-02-03,April,Apr
2026-04-13,71,3,2026,11,1,,2026-04-19,2026-08-02,False,2025-02-03,April,Apr
2026-04-14,72,3,2026,11,1,,2026-04-19,2026-08-02,False,2025-02-03,April,Apr
2026-04-15,73,3,2026,11,1,,2026-04-19,2026-08-02,False,2025-02-03,April,Apr
2026-04-16,74,3,2026,11,1,,2026-04-19,2026-08-02,False,2025-02-03,April,Apr
2026-04-17,75,3,2026,11,1,,2026-04-19,2026-08-02,False,2025-02-03,April,Apr
2026-04-18,76,3,2026,11,1,,2026-04-19,2026-08-02,True,2025-02-03,April,Apr
2026-04-19,77,3,2026,11,1,,2026-04-19,2026-08-02,False,2025-02-03,April,Apr
2026-04-20,78,3,2026,12,1,,2026-04-26,2026-08-02,False,2025-02-03,April,Apr
2026-04-21,79,3,2026,12,1,,2026-04-26,2026-08-02,False,2025-02-03,April,Apr
2026-04-22,80,3,2026,12,1,,2026-04-26,2026-08-02,False,2025-02-03,April,Apr
2026-04-23,81,3,2026,12,1,,2026-04-26,2026-08-02,False,2025-02-03,April,Apr
2026-04-24,82,3,2026,12,1,,2026-04-26,2026-08-02,False,2025-02-03,April,Apr
2026-04-25,83,3,2026,12,1,,2026-04-26,2026-08-02,True,2025-02-03,April,Apr
2026-04-26,84,3,2026,12,1,,2026-04-26,2026-08-02,False,2025-02-03,April,Apr
2026-04-27,85,3,2026,13,1,2026-05-03,2026-05-03,2026-08-02,False,2025-02-03,April,Apr
2026-04-28,86,3,2026,13,1,2026-05-03,2026-05-03,2026-08-02,False,2025-02-03,April,Apr
2026-04-29,87,3,2026,13,1,2026-05-03,2026-05-03,2026-08-02,False,2025-02-03,April,Apr
2026-04-30,88,3,2026,13,1,2026-05-03,2026-05-03,2026-08-02,False,2025-02-03,April,Apr
2026-05-01,89,3,2026,13,1,2026-05-03,2026-05-03,2026-08-02,False,2025-02-03,May,May
2026-05-02,90,3,2026,13,1,2026-05-03,2026-05-03,2026-08-02,True,2025-02-03,May,May
2026-05-03,91,3,2026,13,1,2026-05-03,2026-05-03,2026-08-02,False,2025-02-03,May,May
2026-05-04,92,4,2026,14,1,,2026-05-10,2026-08-02,False,2025-02-03,May,May
2026-05-05,93,4,2026,14,1,,2026-05-10,2026-08-02,False,2025-02-03,May,May
2026-05-06,94,4,2026,14,1,,2026-05-10,2026-08-02,False,2025-02-03,May,May
2026-05-07,95,4,2026,14,1,,2026-05-10,2026-08-02,False,2025-02-03,May,May
2026-05-08,96,4,2026,14,1,,2026-05-10,2026-08-02,False,2025-02-03,May,May
2026-05-09,97,4,2026,14,1,,2026-05-10,2026-08-02,True,2025-02-03,May,May
2026-05-10,98,4,2026,14,1,,2026-05-10,2026-08-02,False,2025-02-03,May,May
2026-05-11,99,4,2026,15,1,,2026-05-17,2026-08-02,False,2025-02-03,May,May
2026-05-12,100,4,2026,15,1,,2026-05-17,2026-08-02,False,2025-02-03,May,May
2026-05-13,101,4,2026,15,1,,2026-05-17,2026-08-02,False,2025-02-03,May,May
2026-05-14,102,4,2026,15,1,,2026-05-17,2026-08-02,False,2025-02-03,May,May
2026-05-15,103,4,2026,15,1,,2026-05-17,2026-08-02,False,2025-02-03,May,May
2026-05-16,104,4,2026,15,1,,2026-05-17,2026-08-02,True,2025-02-03,May,May
2026-05-17,105,4,2026,15,1,,2026-05-17,2026-08-02,False,2025-02-03,May,May
2026-05-18,106,4,2026,16,1,,2026-05-24,2026-08-02,False,2025-02-03,May,May
2026-05-19,107,4,2026,16,1,,2026-05-24,2026-08-02,False,2025-02-03,May,May
2026-05-20,108,4,2026,16,1,,2026-05-24,2026-08-02,False,2025-02-03,May,May
2026-05-21,109,4,2026,16,1,,2026-05-24,2026-08-02,False,2025-02-03,May,May
2026-05-22,110,4,2026,16,1,,2026-05-24,2026-08-02,False,2025-02-03,May,May
2026-05-23,111,4,2026,16,1,,2026-05-24,2026-08-02,True,2025-02-03,May,May
2026-05-24,112,4,2026,16,1,,2026-05-24,2026-08-02,False,2025-02-03,May,May
2026-05-25,113,4,2026,17,1,2026-05-31,2026-05-31,2026-08-02,False,2025-02-03,May,May
2026-05-26,114,4,2026,17,1,2026-05-31,2026-05-31,2026-08-02,False,2025-02-03,May,May
2026-05-27,115,4,2026,17,1,2026-05-31,2026-05-31,2026-08-02,False,2025-02-03,May,May
2026-05-28,116,4,2026,17,1,2026-05-31,2026-05-31,2026-08-02,False,2025-02-03,May,May
2026-05-29,117,4,2026,17,1,2026-05-31,2026-05-31,2026-08-02,False,2025-02-03,May,May
2026-05-30,118,4,2026,17,1,2026-05-31,2026-05-31,2026-08-02,True,2025-02-03,May,May
2026-05-31,119,4,2026,17,1,2026-05-31,2026-05-31,2026-08-02,False,2025-02-03,May,May
2026-06-01,120,5,2026,18,1,,2026-06-07,2026-08-02,False,2025-02-03,June,Jun
2026-06-02,121,5,2026,18,1,,2026-06-07,2026-08-02,False,2025-02-03,June,Jun
2026-06-03,122,5,2026,18,1,,2026-06-07,2026-08-02,False,2025-02-03,June,Jun
2026-06-04,123,5,2026,18,1,,2026-06-07,2026-08-02,False,2025-02-03,June,Jun
2026-06-05,124,5,2026,18,1,,2026-06-07,2026-08-02,False,2025-02-03,June,Jun
2026-06-06,125,5,2026,18,1,,2026-06-07,2026-08-02,True,2025-02-03,June,Jun
2026-06-07,126,5,2026,18,1,,2026-06-07,2026-08-02,False,2025-02-03,June,Jun
2026-06-08,127,5,2026,19,1,,2026-06-14,2026-08-02,False,2025-02-03,June,Jun
2026-06-09,128,5,2026,19,1,,2026-06-14,2026-08-02,False,2025-02-03,June,Jun
2026-06-10,129,5,2026,19,1,,2026-06-14,2026-08-02,False,2025-02-03,June,Jun
2026-06-11,130,5,2026,19,1,,2026-06-14,2026-08-02,False,2025-02-03,June,Jun
2026-06-12,131,5,2026,19,1,,2026-06-14,2026-08-02,False,2025-02-03,June,Jun
2026-06-13,132,5,2026,19,1,,2026-06-14,2026-08-02,True,2025-02-03,June,Jun
2026-06-14,133,5,2026,19,1,,2026-06-14,2026-08-02,False,2025-02-03,June,Jun
2026-06-15,134,5,2026,20,1,,2026-06-21,2026-08-02,False,2025-02-03,June,Jun
2026-06-16,135,5,2026,20,1,,2026-06-21,2026-08-02,False,2025-02-03,June,Jun
2026-06-17,136,5,2026,20,1,,2026-06-21,2026-08-02,False,2025-02-03,June,Jun
2026-06-18,137,5,2026,20,1,,2026-06-21,2026-08-02,False,2025-02-03,June,Jun
2026-06-19,138,5,2026,20,1,,2026-06-21,2026-08-02,False,2025-02-03,June,Jun
2026-06-20,139,5,2026,20,1,,2026-06-21,2026-08-02,True,2025-02-03,June,Jun
2026-06-21,140,5,2026,20,1,,2026-06-21,2026-08-02,False,2025-02-03,June,Jun
2026-06-22,141,5,2026,21,1,2026-06-28,2026-06-28,2026-08-02,False,2025-02-03,June,Jun
2026-06-23,142,5,2026,21,1,2026-06-28,2026-06-28,2026-08-02,False,2025-02-03,June,Jun
2026-06-24,143,5,2026,21,1,2026-06-28,2026-06-28,2026-08-02,False,2025-02-03,June,Jun
2026-06-25,144,5,2026,21,1,2026-06-28,2026-06-28,2026-08-02,False,2025-02-03,June,Jun
2026-06-26,145,5,2026,21,1,2026-06-28,2026-06-28,2026-08-02,False,2025-02-03,June,Jun
2026-06-27,146,5,2026,21,1,2026-06-28,2026-06-28,2026-08-02,True,2025-02-03,June,Jun
2026-06-28,147,5,2026,21,1,2026-06-28,2026-06-28,2026-08-02,False,2025-02-03,June,Jun
2026-06-29,148,6,2026,22,1,,2026-07-05,2026-08-02,False,2025-02-03,June,Jun
2026-06-30,149,6,2026,22,1,,2026-07-05,2026-08-02,False,2025-02-03,June,Jun
2026-07-01,150,6,2026,22,1,,2026-07-05,2026-08-02,False,2025-02-03,July,Jul
2026-07-02,151,6,2026,22,1,,2026-07-05,2026-08-02,False,2025-02-03,July,Jul
2026-07-03,152,6,2026,22,1,,2026-07-05,2026-08-02,False,2025-02-03,July,Jul
2026-07-04,153,6,2026,22,1,,2026-07-05,2026-08-02,True,2025-02-03,July,Jul
2026-07-05,154,6,2026,22,1,,2026-07-05,2026-08-02,False,2025-02-03,July,Jul
2026-07-06,155,6,2026,23,1,,2026-07-12,2026-08-02,False,2025-02-03,July,Jul
2026-07-07,156,6,2026,23,1,,2026-07-12,2026-08-02,False,2025-02-03,July,Jul
2026-07-08,157,6,2026,23,1,,2026-07-12,2026-08-02,False,2025-02-03,July,Jul
2026-07-09,158,6,2026,23,1,,2026-07-12,2026-08-02,False,2025-02-03,July,Jul
2026-07-10,159,6,2026,23,1,,2026-07-12,2026-08-02,False,2025-02-03,July,Jul
2026-07-11,160,6,2026,23,1,,2026-07-12,2026-08-02,True,2025-02-03,July,Jul
2026-07-12,161,6,2026,23,1,,2026-07-12,2026-08-02,False,2025-02-03,July,Jul
2026-07-13,162,6,2026,24,1,,2026-07-19,2026-08-02,False,2025-02-03,July,Jul
2026-07-14,163,6,2026,24,1,,2026-07-19,2026-08-02,False,2025-02-03,July,Jul
2026-07-15,164,6,2026,24,1,,2026-07-19,2026-08-02,False,2025-02-03,July,Jul
2026-07-16,165,6,2026,24,1,,2026-07-19,2026-08-02,False,2025-02-03,July,Jul
2026-07-17,166,6,2026,24,1,,2026-07-19,2026-08-02,False,2025-02-03,July,Jul
2026-07-18,167,6,2026,24,1,,2026-07-19,2026-08-02,True,2025-02-03,July,Jul
2026-07-19,168,6,2026,24,1,,2026-07-19,2026-08-02,False,2025-02-03,July,Jul
2026-07-20,169,6,2026,25,1,,2026-07-26,2026-08-02,False,2025-02-03,July,Jul
2026-07-21,170,6,2026,25,1,,2026-07-26,2026-08-02,False,2025-02-03,July,Jul
2026-07-22,171,6,2026,25,1,,2026-07-26,2026-08-02,False,2025-02-03,July,Jul
2026-07-23,172,6,2026,25,1,,2026-07-26,2026-08-02,False,2025-02-03,July,Jul
2026-07-24,173,6,2026,25,1,,2026-07-26,2026-08-02,False,2025-02-03,July,Jul
2026-07-25,174,6,2026,25,1,,2026-07-26,2026-08-02,True,2025-02-03,July,Jul
2026-07-26,175,6,2026,25,1,,2026-07-26,2026-08-02,False,2025-02-03,July,Jul
2026-07-27,176,6,2026,26,1,2026-08-02,2026-08-02,2026-08-02,False,2025-02-03,July,Jul
2026-07-28,177,6,2026,26,1,2026-08-02,2026-08-02,2026-08-02,False,2025-02-03,July,Jul
2026-07-29,178,6,2026,26,1,2026-08-02,2026-08-02,2026-08-02,False,2025-02-03,July,Jul
2026-07-30,179,6,2026,26,1,2026-08-02,2026-08-02,2026-08-02,False,2025-02-03,July,Jul
2026-07-31,180,6,2026,26,1,2026-08-02,2026-08-02,2026-08-02,False,2025-02-03,July,Jul
2026-08-01,181,6,2026,26,1,2026-08-02,2026-08-02,2026-08-02,True,2025-02-03,August,Aug
2026-08-02,182,6,2026,26,1,2026-08-02,2026-08-02,2026-08-02,False,2025-02-03,August,Aug
2026-08-03,183,7,2026,27,2,,2026-08-09,2027-01-31,False,2025-02-03,August,Aug
2026-08-04,184,7,2026,27,2,,2026-08-09,2027-01-31,False,2025-02-03,August,Aug
2026-08-05,185,7,2026,27,2,,2026-08-09,2027-01-31,False,2025-02-03,August,Aug
2026-08-06,186,7,2026,27,2,,2026-08-09,2027-01-31,False,2025-02-03,August,Aug
2026-08-07,187,7,2026,27,2,,2026-08-09,2027-01-31,False,2025-02-03,August,Aug
2026-08-08,188,7,2026,27,2,,2026-08-09,2027-01-31,True,2025-02-03,August,Aug
2026-08-09,189,7,2026,27,2,,2026-08-09,2027-01-31,False,2025-02-03,August,Aug
2026-08-10,190,7,2026,28,2,,2026-08-16,2027-01-31,False,2025-02-03,August,Aug
2026-08-11,191,7,2026,28,2,,2026-08-16,2027-01-31,False,2025-02-03,August,Aug
2026-08-12,192,7,2026,28,2,,2026-08-16,2027-01-31,False,2025-02-03,August,Aug
2026-08-13,193,7,2026,28,2,,2026-08-16,2027-01-31,False,2025-02-03,August,Aug
2026-08-14,194,7,2026,28,2,,2026-08-16,2027-01-31,False,2025-02-03,August,Aug
2026-08-15,195,7,2026,28,2,,2026-08-16,2027-01-31,True,2025-02-03,August,Aug
2026-08-16,196,7,2026,28,2,,2026-08-16,2027-01-31,False,2025-02-03,August,Aug
2026-08-17,197,7,2026,29,2,,2026-08-23,2027-01-31,False,2025-02-03,August,Aug
2026-08-18,198,7,2026,29,2,,2026-08-23,2027-01-31,False,2025-02-03,August,Aug
2026-08-19,199,7,2026,29,2,,2026-08-23,2027-01-31,False,2025-02-03,August,Aug
2026-08-20,200,7,2026,29,2,,2026-08-23,2027-01-31,False,2025-02-03,August,Aug
2026-08-21,201,7,2026,29,2,,2026-08-23,2027-01-31,False,2025-02-03,August,Aug
2026-08-22,202,7,2026,29,2,,2026-08-23,2027-01-31,True,2025-02-03,August,Aug
2026-08-23,203,7,2026,29,2,,2026-08-23,2027-01-31,False,2025-02-03,August,Aug
2026-08-24,204,7,2026,30,2,2026-08-30,2026-08-30,2027-01-31,False,2025-02-03,August,Aug
2026-08-25,205,7,2026,30,2,2026-08-30,2026-08-30,2027-01-31,False,2025-02-03,August,Aug
2026-08-26,206,7,2026,30,2,2026-08-30,2026-08-30,2027-01-31,False,2025-02-03,August,Aug
2026-08-27,207,7,2026,30,2,2026-08-30,2026-08-30,2027-01-31,False,2025-02-03,August,Aug
2026-08-28,208,7,2026,30,2,2026-08-30,2026-08-30,2027-01-31,False,2025-02-03,August,Aug
2026-08-29,209,7,2026,30,2,2026-08-30,2026-08-30,2027-01-31,True,2025-02-03,August,Aug
2026-08-30,210,7,2026,30,2,2026-08-30,2026-08-30,2027-01-31,False,2025-02-03,August,Aug
2026-08-31,211,8,2026,31,2,,2026-09-06,2027-01-31,False,2025-02-03,August,Aug
2026-09-01,212,8,2026,31,2,,2026-09-06,2027-01-31,False,2025-02-03,September,Sep
2026-09-02,213,8,2026,31,2,,2026-09-06,2027-01-31,False,2025-02-03,September,Sep
2026-09-03,214,8,2026,31,2,,2026-09-06,2027-01-31,False,2025-02-03,September,Sep
2026-09-04,215,8,2026,31,2,,2026-09-06,2027-01-31,False,2025-02-03,September,Sep
2026-09-05,216,8,2026,31,2,,2026-09-06,2027-01-31,True,2025-02-03,September,Sep
2026-09-06,217,8,2026,31,2,,2026-09-06,2027-01-31,False,2025-02-03,September,Sep
2026-09-07,218,8,2026,32,2,,2026-09-13,2027-01-31,False,2025-02-03,September,Sep
2026-09-08,219,8,2026,32,2,,2026-09-13,2027-01-31,False,2025-02-03,September,Sep
2026-09-09,220,8,2026,32,2,,2026-09-13,2027-01-31,False,2025-02-03,September,Sep
2026-09-10,221,8,2026,32,2,,2026-09-13,2027-01-31,False,2025-02-03,September,Sep
2026-09-11,222,8,2026,32,2,,2026-09-13,2027-01-31,False,2025-02-03,September,Sep
2026-09-12,223,8,2026,32,2,,2026-09-13,2027-01-31,True,2025-02-03,September,Sep
2026-09-13,224,8,2026,32,2,,2026-09-13,2027-01-31,False,2025-02-03,September,Sep
2026-09-14,225,8,2026,33,2,,2026-09-20,2027-01-31,False,2025-02-03,September,Sep
2026-09-15,226,8,2026,33,2,,2026-09-20,2027-01-31,False,2025-02-03,September,Sep
2026-09-16,227,8,2026,33,2,,2026-09-20,2027-01-31,False,2025-02-03,September,Sep
2026-09-17,228,8,2026,33,2,,2026-09-20,2027-01-31,False,2025-02-03,September,Sep
2026-09-18,229,8,2026,33,2,,2026-09-20,2027-01-31,False,2025-02-03,September,Sep
2026-09-19,230,8,2026,33,2,,2026-09-20,2027-01-31,True,2025-02-03,September,Sep
2026-09-20,231,8,2026,33,2,,2026-09-20,2027-01-31,False,2025-02-03,September,Sep
2026-09-21,232,8,2026,34,2,2026-09-27,2026-09-27,2027-01-31,False,2025-02-03,September,Sep
2026-09-22,233,8,2026,34,2,2026-09-27,2026-09-27,2027-01-31,False,2025-02-03,September,Sep
2026-09-23,234,8,2026,34,2,2026-09-27,2026-09-27,2027-01-31,False,2025-02-03,September,Sep
2026-09-24,235,8,2026,34,2,2026-09-27,2026-09-27,2027-01-31,False,2025-02-03,September,Sep
2026-09-25,236,8,2026,34,2,2026-09-27,2026-09-27,2027-01-31,False,2025-02-03,September,Sep
2026-09-26,237,8,2026,34,2,2026-09-27,2026-09-27,2027-01-31,True,2025-02-03,September,Sep
2026-09-27,238,8,2026,34,2,2026-09-27,2026-09-27,2027-01-31,False,2025-02-03,September,Sep
2026-09-28,239,9,2026,35,2,,2026-10-04,2027-01-31,False,2025-02-03,September,Sep
2026-09-29,240,9,2026,35,2,,2026-10-04,2027-01-31,False,2025-02-03,September,Sep
2026-09-30,241,9,2026,35,2,,2026-10-04,2027-01-31,False,2025-02-03,September,Sep
2026-10-01,242,9,2026,35,2,,2026-10-04,2027-01-31,False,2025-02-03,October,Oct
2026-10-02,243,9,2026,35,2,,2026-10-04,2027-01-31,False,2025-02-03,October,Oct
2026-10-03,244,9,2026,35,2,,2026-10-04,2027-01-31,True,2025-02-03,October,Oct
2026-10-04,245,9,2026,35,2,,2026-10-04,2027-01-31,False,2025-02-03,October,Oct
2026-10-05,246,9,2026,36,2,,2026-10-11,2027-01-31,False,2025-02-03,October,Oct
2026-10-06,247,9,2026,36,2,,2026-10-11,2027-01-31,False,2025-02-03,October,Oct
2026-10-07,248,9,2026,36,2,,2026-10-11,2027-01-31,False,2025-02-03,October,Oct
2026-10-08,249,9,2026,36,2,,2026-10-11,2027-01-31,False,2025-02-03,October,Oct
2026-10-09,250,9,2026,36,2,,2026-10-11,2027-01-31,False,2025-02-03,October,Oct
2026-10-10,251,9,2026,36,2,,2026-10-11,2027-01-31,True,2025-02-03,October,Oct
2026-10-11,252,9,2026,36,2,,2026-10-11,2027-01-31,False,2025-02-03,October,Oct
2026-10-12,253,9,2026,37,2,,2026-10-18,2027-01-31,False,2025-02-03,October,Oct
2026-10-13,254,9,2026,37,2,,2026-10-18,2027-01-31,False,2025-02-03,October,Oct
2026-10-14,255,9,2026,37,2,,2026-10-18,2027-01-31,False,2025-02-03,October,Oct
2026-10-15,256,9,2026,37,2,,2026-10-18,2027-01-31,False,2025-02-03,October,Oct
2026-10-16,257,9,2026,37,2,,2026-10-18,2027-01-31,False,2025-02-03,October,Oct
2026-10-17,258,9,2026,37,2,,2026-10-18,2027-01-31,True,2025-02-03,October,Oct
2026-10-18,259,9,2026,37,2,,2026-10-18,2027-01-31,False,2025-02-03,October,Oct
2026-10-19,260,9,2026,38,2,,2026-10-25,2027-01-31,False,2025-02-03,October,Oct
2026-10-20,261,9,2026,38,2,,2026-10-25,2027-01-31,False,2025-02-03,October,Oct
2026-10-21,262,9,2026,38,2,,2026-10-25,2027-01-31,False,2025-02-03,October,Oct
2026-10-22,263,9,2026,38,2,,2026-10-25,2027-01-31,False,2025-02-03,October,Oct
2026-10-23,264,9,2026,38,2,,2026-10-25,2027-01-31,False,2025-02-03,October,Oct
2026-10-24,265,9,2026,38,2,,2026-10-25,2027-01-31,True,2025-02-03,October,Oct
2026-10-25,266,9,2026,38,2,,2026-10-25,2027-01-31,False,2025-02-03,October,Oct
2026-10-26,267,9,2026,39,2,2026-11-01,2026-11-01,2027-01-31,False,2025-02-03,October,Oct
2026-10-27,268,9,2026,39,2,2026-11-01,2026-11-01,2027-01-31,False,2025-02-03,October,Oct
2026-10-28,269,9,2026,39,2,2026-11-01,2026-11-01,2027-01-31,False,2025-02-03,October,Oct
2026-10-29,270,9,2026,39,2,2026-11-01,2026-11-01,2027-01-31,False,2025-02-03,October,Oct
2026-10-30,271,9,2026,39,2,2026-11-01,2026-11-01,2027-01-31,False,2025-02-03,October,Oct
2026-10-31,272,9,2026,39,2,2026-11-01,2026-11-01,2027-01-31,True,2025-02-03,October,Oct
2026-11-01,273,9,2026,39,2,2026-11-01,2026-11-01,2027-01-31,False,2025-02-03,November,Nov
2026-11-02,274,10,2026,40,2,,2026-11-08,2027-01-31,False,2025-02-03,November,Nov
2026-11-03,275,10,2026,40,2,,2026-11-08,2027-01-31,False,2025-02-03,November,Nov
2026-11-04,276,10,2026,40,2,,2026-11-08,2027-01-31,False,2025-02-03,November,Nov
2026-11-05,277,10,2026,40,2,,2026-11-08,2027-01-31,False,2025-02-03,November,Nov
2026-11-06,278,10,2026,40,2,,2026-11-08,2027-01-31,False,2025-02-03,November,Nov
2026-11-07,279,10,2026,40,2,,2026-11-08,2027-01-31,True,2025-02-03,November,Nov
2026-11-08,280,10,2026,40,2,,2026-11-08,2027-01-31,False,2025-02-03,November,Nov
2026-11-09,281,10,2026,41,2,,2026-11-15,2027-01-31,False,2025-02-03,November,Nov
2026-11-10,282,10,2026,41,2,,2026-11-15,2027-01-31,False,2025-02-03,November,Nov
2026-11-11,283,10,2026,41,2,,2026-11-15,2027-01-31,False,2025-02-03,November,Nov
2026-11-12,284,10,2026,41,2,,2026-11-15,2027-01-31,False,2025-02-03,November,Nov
2026-11-13,285,10,2026,41,2,,2026-11-15,2027-01-31,False,2025-02-03,November,Nov
2026-11-14,286,10,2026,41,2,,2026-11-15,2027-01-31,True,2025-02-03,November,Nov
2026-11-15,287,10,2026,41,2,,2026-11-15,2027-01-31,False,2025-02-03,November,Nov
2026-11-16,288,10,2026,42,2,,2026-11-22,2027-01-31,False,2025-02-03,November,Nov
2026-11-17,289,10,2026,42,2,,2026-11-22,2027-01-31,False,2025-02-03,November,Nov
2026-11-18,290,10,2026,42,2,,2026-11-22,2027-01-31,False,2025-02-03,November,Nov
2026-11-19,291,10,2026,42,2,,2026-11-22,2027-01-31,False,2025-02-03,November,Nov
2026-11-20,292,10,2026,42,2,,2026-11-22,2027-01-31,False,2025-02-03,November,Nov
2026-11-21,293,10,2026,42,2,,2026-11-22,2027-01-31,True,2025-02-03,November,Nov
2026-11-22,294,10,2026,42,2,,2026-11-22,2027-01-31,False,2025-02-03,November,Nov
2026-11-23,295,10,2026,43,2,2026-11-29,2026-11-29,2027-01-31,False,2025-02-03,November,Nov
2026-11-24,296,10,2026,43,2,2026-11-29,2026-11-29,2027-01-31,False,2025-02-03,November,Nov
2026-11-25,297,10,2026,43,2,2026-11-29,2026-11-29,2027-01-31,False,2025-02-03,November,Nov
2026-11-26,298,10,2026,43,2,2026-11-29,2026-11-29,2027-01-31,False,2025-02-03,November,Nov
2026-11-27,299,10,2026,43,2,2026-11-29,2026-11-29,2027-01-31,False,2025-02-03,November,Nov
2026-11-28,300,10,2026,43,2,2026-11-29,2026-11-29,2027-01-31,True,2025-02-03,November,Nov
2026-11-29,301,10,2026,43,2,2026-11-29,2026-11-29,2027-01-31,False,2025-02-03,November,Nov
2026-11-30,302,11,2026,44,2,,2026-12-06,2027-01-31,False,2025-02-03,November,Nov
2026-12-01,303,11,2026,44,2,,2026-12-06,2027-01-31,False,2025-02-03,December,Dec
2026-12-02,304,11,2026,44,2,,2026-12-06,2027-01-31,False,2025-02-03,December,Dec
2026-12-03,305,11,2026,44,2,,2026-12-06,2027-01-31,False,2025-02-03,December,Dec
2026-12-04,306,11,2026,44,2,,2026-12-06,2027-01-31,False,2025-02-03,December,Dec
2026-12-05,307,11,2026,44,2,,2026-12-06,2027-01-31,True,2025-02-03,December,Dec
2026-12-06,308,11,2026,44,2,,2026-12-06,2027-01-31,False,2025-02-03,December,Dec
2026-12-07,309,11,2026,45,2,,2026-12-13,2027-01-31,False,2025-02-03,December,Dec
2026-12-08,310,11,2026,45,2,,2026-12-13,2027-01-31,False,2025-02-03,December,Dec
2026-12-09,311,11,2026,45,2,,2026-12-13,2027-01-31,False,2025-02-03,December,Dec
2026-12-10,312,11,2026,45,2,,2026-12-13,2027-01-31,False,2025-02-03,December,Dec
2026-12-11,313,11,2026,45,2,,2026-12-13,2027-01-31,False,2025-02-03,December,Dec
2026-12-12,314,11,2026,45,2,,2026-12-13,2027-01-31,True,2025-02-03,December,Dec
2026-12-13,315,11,2026,45,2,,2026-12-13,2027-01-31,False,2025-02-03,December,Dec
2026-12-14,316,11,2026,46,2,,2026-12-20,2027-01-31,False,2025-02-03,December,Dec
2026-12-15,317,11,2026,46,2,,2026-12-20,2027-01-31,False,2025-02-03,December,Dec
2026-12-16,318,11,2026,46,2,,2026-12-20,2027-01-31,False,2025-02-03,December,Dec
2026-12-17,319,11,2026,46,2,,2026-12-20,2027-01-31,False,2025-02-03,December,Dec
2026-12-18,320,11,2026,46,2,,2026-12-20,2027-01-31,False,2025-02-03,December,Dec
2026-12-19,321,11,2026,46,2,,2026-12-20,2027-01-31,True,2025-02-03,December,Dec
2026-12-20,322,11,2026,46,2,,2026-12-20,2027-01-31,False,2025-02-03,December,Dec
2026-12-21,323,11,2026,47,2,2026-12-27,2026-12-27,2027-01-31,False,2025-02-03,December,Dec
2026-12-22,324,11,2026,47,2,2026-12-27,2026-12-27,2027-01-31,False,2025-02-03,December,Dec
2026-12-23,325,11,2026,47,2,2026-12-27,2026-12-27,2027-01-31,False,2025-02-03,December,Dec
2026-12-24,326,11,2026,47,2,2026-12-27,2026-12-27,2027-01-31,False,2025-02-03,December,Dec
2026-12-25,327,11,2026,47,2,2026-12-27,2026-12-27,2027-01-31,False,2025-02-03,December,Dec
2026-12-26,328,11,2026,47,2,2026-12-27,2026-12-27,2027-01-31,True,2025-02-03,December,Dec
2026-12-27,329,11,2026,47,2,2026-12-27,2026-12-27,2027-01-31,False,2025-02-03,December,Dec
2026-12-28,330,12,2026,48,2,,2027-01-03,2027-01-31,False,2025-02-03,December,Dec
2026-12-29,331,12,2026,48,2,,2027-01-03,2027-01-31,False,2025-02-03,December,Dec
2026-12-30,332,12,2026,48,2,,2027-01-03,2027-01-31,False,2025-02-03,December,Dec
2026-12-31,333,12,2026,48,2,,2027-01-03,2027-01-31,False,2025-02-03,December,Dec
2027-01-01,334,12,2026,48,2,,2027-01-03,2027-01-31,False,2025-02-03,January,Jan
2027-01-02,335,12,2026,48,2,,2027-01-03,2027-01-31,True,2025-02-03,January,Jan
2027-01-03,336,12,2026,48,2,,2027-01-03,2027-01-31,False,2025-02-03,January,Jan
2027-01-04,337,12,2026,49,2,,2027-01-10,2027-01-31,False,2025-02-03,January,Jan
2027-01-05,338,12,2026,49,2,,2027-01-10,2027-01-31,False,2025-02-03,January,Jan
2027-01-06,339,12,2026,49,2,,2027-01-10,2027-01-31,False,2025-02-03,January,Jan
2027-01-07,340,12,2026,49,2,,2027-01-10,2027-01-31,False,2025-02-03,January,Jan
2027-01-08,341,12,2026,49,2,,2027-01-10,2027-01-31,False,2025-02-03,January,Jan
2027-01-09,342,12,2026,49,2,,2027-01-10,2027-01-31,True,2025-02-03,January,Jan
2027-01-10,343,12,2026,49,2,,2027-01-10,2027-01-31,False,2025-02-03,January,Jan
2027-01-11,344,12,2026,50,2,,2027-01-17,2027-01-31,False,2025-02-03,January,Jan
2027-01-12,345,12,2026,50,2,,2027-01-17,2027-01-31,False,2025-02-03,January,Jan
2027-01-13,346,12,2026,50,2,,2027-01-17,2027-01-31,False,2025-02-03,January,Jan
2027-01-14,347,12,2026,50,2,,2027-01-17,2027-01-31,False,2025-02-03,January,Jan
2027-01-15,348,12,2026,50,2,,2027-01-17,2027-01-31,False,2025-02-03,January,Jan
2027-01-16,349,12,2026,50,2,,2027-01-17,2027-01-31,True,2025-02-03,January,Jan
2027-01-17,350,12,2026,50,2,,2027-01-17,2027-01-31,False,2025-02-03,January,Jan
2027-01-18,351,12,2026,51,2,,2027-01-24,2027-01-31,False,2025-02-03,January,Jan
2027-01-19,352,12,2026,51,2,,2027-01-24,2027-01-31,False,2025-02-03,January,Jan
2027-01-20,353,12,2026,51,2,,2027-01-24,2027-01-31,False,2025-02-03,January,Jan
2027-01-21,354,12,2026,51,2,,2027-01-24,2027-01-31,False,2025-02-03,January,Jan
2027-01-22,355,12,2026,51,2,,2027-01-24,2027-01-31,False,2025-02-03,January,Jan
2027-01-23,356,12,2026,51,2,,2027-01-24,2027-01-31,True,2025-02-03,January,Jan
2027-01-24,357,12,2026,51,2,,2027-01-24,2027-01-31,False,2025-02-03,January,Jan
2027-01-25,358,12,2026,52,2,2027-01-31,2027-01-31,2027-01-31,False,2025-02-03,January,Jan
2027-01-26,359,12,2026,52,2,2027-01-31,2027-01-31,2027-01-31,False,2025-02-03,January,Jan
2027-01-27,360,12,2026,52,2,2027-01-31,2027-01-31,2027-01-31,False,2025-02-03,January,Jan
2027-01-28,361,12,2026,52,2,2027-01-31,2027-01-31,2027-01-31,False,2025-02-03,January,Jan
2027-01-29,362,12,2026,52,2,2027-01-31,2027-01-31,2027-01-31,False,2025-02-03,January,Jan
2027-01-30,363,12,2026,52,2,2027-01-31,2027-01-31,2027-01-31,True,2025-02-03,January,Jan
2027-01-31,364,12,2026,52,2,2027-01-31,2027-01-31,2027-01-31,False,2025-02-03,January,Jan
2027-02-01,1,1,2027,1,1,,2027-02-07,2027-08-01,False,2026-02-02,February,Feb
2027-02-02,2,1,2027,1,1,,2027-02-07,2027-08-01,False,2026-02-02,February,Feb
2027-02-03,3,1,2027,1,1,,2027-02-07,2027-08-01,False,2026-02-02,February,Feb
2027-02-04,4,1,2027,1,1,,2027-02-07,2027-08-01,False,2026-02-02,February,Feb
2027-02-05,5,1,2027,1,1,,2027-02-07,2027-08-01,False,2026-02-02,February,Feb
2027-02-06,6,1,2027,1,1,,2027-02-07,2027-08-01,True,2026-02-02,February,Feb
2027-02-07,7,1,2027,1,1,,2027-02-07,2027-08-01,False,2026-02-02,February,Feb
2027-02-08,8,1,2027,2,1,,2027-02-14,2027-08-01,False,2026-02-02,February,Feb
2027-02-09,9,1,2027,2,1,,2027-02-14,2027-08-01,False,2026-02-02,February,Feb
2027-02-10,10,1,2027,2,1,,2027-02-14,2027-08-01,False,2026-02-02,February,Feb
2027-02-11,11,1,2027,2,1,,2027-02-14,2027-08-01,False,2026-02-02,February,Feb
2027-02-12,12,1,2027,2,1,,2027-02-14,2027-08-01,False,2026-02-02,February,Feb
2027-02-13,13,1,2027,2,1,,2027-02-14,2027-08-01,True,2026-02-02,February,Feb
2027-02-14,14,1,2027,2,1,,2027-02-14,2027-08-01,False,2026-02-02,February,Feb
2027-02-15,15,1,2027,3,1,,2027-02-21,2027-08-01,False,2026-02-02,February,Feb
2027-02-16,16,1,2027,3,1,,2027-02-21,2027-08-01,False,2026-02-02,February,Feb
2027-02-17,17,1,2027,3,1,,2027-02-21,2027-08-01,False,2026-02-02,February,Feb
2027-02-18,18,1,2027,3,1,,2027-02-21,2027-08-01,False,2026-02-02,February,Feb
2027-02-19,19,1,2027,3,1,,2027-02-21,2027-08-01,False,2026-02-02,February,Feb
2027-02-20,20,1,2027,3,1,,2027-02-21,2027-08-01,True,2026-02-02,February,Feb
2027-02-21,21,1,2027,3,1,,2027-02-21,2027-08-01,False,2026-02-02,February,Feb
2027-02-22,22,1,2027,4,1,2027-02-28,2027-02-28,2027-08-01,False,2026-02-02,February,Feb
2027-02-23,23,1,2027,4,1,2027-02-28,2027-02-28,2027-08-01,False,2026-02-02,February,Feb
2027-02-24,24,1,2027,4,1,2027-02-28,2027-02-28,2027-08-01,False,2026-02-02,February,Feb
2027-02-25,25,1,2027,4,1,2027-02-28,2027-02-28,2027-08-01,False,2026-02-02,February,Feb
2027-02-26,26,1,2027,4,1,2027-02-28,2027-02-28,2027-08-01,False,2026-02-02,February,Feb
2027-02-27,27,1,2027,4,1,2027-02-28,2027-02-28,2027-08-01,True,2026-02-02,February,Feb
2027-02-28,28,1,2027,4,1,2027-02-28,2027-02-28,2027-08-01,False,2026-02-02,February,Feb
2027-03-01,29,2,2027,5,1,,2027-03-07,2027-08-01,False,2026-02-02,March,Mar
2027-03-02,30,2,2027,5,1,,2027-03-07,2027-08-01,False,2026-02-02,March,Mar
2027-03-03,31,2,2027,5,1,,2027-03-07,2027-08-01,False,2026-02-02,March,Mar
2027-03-04,32,2,2027,5,1,,2027-03-07,2027-08-01,False,2026-02-02,March,Mar
2027-03-05,33,2,2027,5,1,,2027-03-07,2027-08-01,False,2026-02-02,March,Mar
2027-03-06,34,2,2027,5,1,,2027-03-07,2027-08-01,True,2026-02-02,March,Mar
2027-03-07,35,2,2027,5,1,,2027-03-07,2027-08-01,False,2026-02-02,March,Mar
2027-03-08,36,2,2027,6,1,,2027-03-14,2027-08-01,False,2026-02-02,March,Mar
2027-03-09,37,2,2027,6,1,,2027-03-14,2027-08-01,False,2026-02-02,March,Mar
2027-03-10,38,2,2027,6,1,,2027-03-14,2027-08-01,False,2026-02-02,March,Mar
2027-03-11,39,2,2027,6,1,,2027-03-14,2027-08-01,False,2026-02-02,March,Mar
2027-03-12,40,2,2027,6,1,,2027-03-14,2027-08-01,False,2026-02-02,March,Mar
2027-03-13,41,2,2027,6,1,,2027-03-14,2027-08-01,True,2026-02-02,March,Mar
2027-03-14,42,2,2027,6,1,,2027-03-14,2027-08-01,False,2026-02-02,March,Mar
2027-03-15,43,2,2027,7,1,,2027-03-21,2027-08-01,False,2026-02-02,March,Mar
2027-03-16,44,2,2027,7,1,,2027-03-21,2027-08-01,False,2026-02-02,March,Mar
2027-03-17,45,2,2027,7,1,,2027-03-21,2027-08-01,False,2026-02-02,March,Mar
2027-03-18,46,2,2027,7,1,,2027-03-21,2027-08-01,False,2026-02-02,March,Mar
2027-03-19,47,2,2027,7,1,,2027-03-21,2027-08-01,False,2026-02-02,March,Mar
2027-03-20,48,2,2027,7,1,,2027-03-21,2027-08-01,True,2026-02-02,March,Mar
2027-03-21,49,2,2027,7,1,,2027-03-21,2027-08-01,False,2026-02-02,March,Mar
2027-03-22,50,2,2027,8,1,2027-03-28,2027-03-28,2027-08-01,False,2026-02-02,March,Mar
2027-03-23,51,2,2027,8,1,2027-03-28,2027-03-28,2027-08-01,False,2026-02-02,March,Mar
2027-03-24,52,2,2027,8,1,2027-03-28,2027-03-28,2027-08-01,False,2026-02-02,March,Mar
2027-03-25,53,2,2027,8,1,2027-03-28,2027-03-28,2027-08-01,False,2026-02-02,March,Mar
2027-03-26,54,2,2027,8,1,2027-03-28,2027-03-28,2027-08-01,False,2026-02-02,March,Mar
2027-03-27,55,2,2027,8,1,2027-03-28,2027-03-28,2027-08-01,True,2026-02-02,March,Mar
2027-03-28,56,2,2027,8,1,2027-03-28,2027-03-28,2027-08-01,False,2026-02-02,March,Mar
2027-03-29,57,3,2027,9,1,,2027-04-04,2027-08-01,False,2026-02-02,March,Mar
2027-03-30,58,3,2027,9,1,,2027-04-04,2027-08-01,False,2026-02-02,March,Mar
2027-03-31,59,3,2027,9,1,,2027-04-04,2027-08-01,False,2026-02-02,March,Mar
2027-04-01,60,3,2027,9,1,,2027-04-04,2027-08-01,False,2026-02-02,April,Apr
2027-04-02,61,3,2027,9,1,,2027-04-04,2027-08-01,False,2026-02-02,April,Apr
2027-04-03,62,3,2027,9,1,,2027-04-04,2027-08-01,True,2026-02-02,April,Apr
2027-04-04,63,3,2027,9,1,,2027-04-04,2027-08-01,False,2026-02-02,April,Apr
2027-04-05,64,3,2027,10,1,,2027-04-11,2027-08-01,False,2026-02-02,April,Apr
2027-04-06,65,3,2027,10,1,,2027-04-11,2027-08-01,False,2026-02-02,April,Apr
2027-04-07,66,3,2027,10,1,,2027-04-11,2027-08-01,False,2026-02-02,April,Apr
2027-04-08,67,3,2027,10,1,,2027-04-11,2027-08-01,False,2026-02-02,April,Apr
2027-04-09,68,3,2027,10,1,,2027-04-11,2027-08-01,False,2026-02-02,April,Apr
2027-04-10,69,3,2027,10,1,,2027-04-11,2027-08-01,True,2026-02-02,April,Apr
2027-04-11,70,3,2027,10,1,,2027-04-11,2027-08-01,False,2026-02-02,April,Apr
2027-04-12,71,3,2027,11,1,,2027-04-18,2027-08-01,False,2026-02-02,April,Apr
2027-04-13,72,3,2027,11,1,,2027-04-18,2027-08-01,False,2026-02-02,April,Apr
2027-04-14,73,3,2027,11,1,,2027-04-18,2027-08-01,False,2026-02-02,April,Apr
2027-04-15,74,3,2027,11,1,,2027-04-18,2027-08-01,False,2026-02-02,April,Apr
2027-04-16,75,3,2027,11,1,,2027-04-18,2027-08-01,False,2026-02-02,April,Apr
2027-04-17,76,3,2027,11,1,,2027-04-18,2027-08-01,True,2026-02-02,April,Apr
2027-04-18,77,3,2027,11,1,,2027-04-18,2027-08-01,False,2026-02-02,April,Apr
2027-04-19,78,3,2027,12,1,,2027-04-25,2027-08-01,False,2026-02-02,April,Apr
2027-04-20,79,3,2027,12,1,,2027-04-25,2027-08-01,False,2026-02-02,April,Apr
2027-04-21,80,3,2027,12,1,,2027-04-25,2027-08-01,False,2026-02-02,April,Apr
2027-04-22,81,3,2027,12,1,,2027-04-25,2027-08-01,False,2026-02-02,April,Apr
2027-04-23,82,3,2027,12,1,,2027-04-25,2027-08-01,False,2026-02-02,April,Apr
2027-04-24,83,3,2027,12,1,,2027-04-25,2027-08-01,True,2026-02-02,April,Apr
2027-04-25,84,3,2027,12,1,,2027-04-25,2027-08-01,False,2026-02-02,April,Apr
2027-04-26,85,3,2027,13,1,2027-05-02,2027-05-02,2027-08-01,False,2026-02-02,April,Apr
2027-04-27,86,3,2027,13,1,2027-05-02,2027-05-02,2027-08-01,False,2026-02-02,April,Apr
2027-04-28,87,3,2027,13,1,2027-05-02,2027-05-02,2027-08-01,False,2026-02-02,April,Apr
2027-04-29,88,3,2027,13,1,2027-05-02,2027-05-02,2027-08-01,False,2026-02-02,April,Apr
2027-04-30,89,3,2027,13,1,2027-05-02,2027-05-02,2027-08-01,False,2026-02-02,April,Apr
2027-05-01,90,3,2027,13,1,2027-05-02,2027-05-02,2027-08-01,True,2026-02-02,May,May
2027-05-02,91,3,2027,13,1,2027-05-02,2027-05-02,2027-08-01,False,2026-02-02,May,May
2027-05-03,92,4,2027,14,1,,2027-05-09,2027-08-01,False,2026-02-02,May,May
2027-05-04,93,4,2027,14,1,,2027-05-09,2027-08-01,False,2026-02-02,May,May
2027-05-05,94,4,2027,14,1,,2027-05-09,2027-08-01,False,2026-02-02,May,May
2027-05-06,95,4,2027,14,1,,2027-05-09,2027-08-01,False,2026-02-02,May,May
2027-05-07,96,4,2027,14,1,,2027-05-09,2027-08-01,False,2026-02-02,May,May
2027-05-08,97,4,2027,14,1,,2027-05-09,2027-08-01,True,2026-02-02,May,May
2027-05-09,98,4,2027,14,1,,2027-05-09,2027-08-01,False,2026-02-02,May,May
2027-05-10,99,4,2027,15,1,,2027-05-16,2027-08-01,False,2026-02-02,May,May
2027-05-11,100,4,2027,15,1,,2027-05-16,2027-08-01,False,2026-02-02,May,May
2027-05-12,101,4,2027,15,1,,2027-05-16,2027-08-01,False,2026-02-02,May,May
2027-05-13,102,4,2027,15,1,,2027-05-16,2027-08-01,False,2026-02-02,May,May
2027-05-14,103,4,2027,15,1,,2027-05-16,2027-08-01,False,2026-02-02,May,May
2027-05-15,104,4,2027,15,1,,2027-05-16,2027-08-01,True,2026-02-02,May,May
2027-05-16,105,4,2027,15,1,,2027-05-16,2027-08-01,False,2026-02-02,May,May
2027-05-17,106,4,2027,16,1,,2027-05-23,2027-08-01,False,2026-02-02,May,May
2027-05-18,107,4,2027,16,1,,2027-05-23,2027-08-01,False,2026-02-02,May,May
2027-05-19,108,4,2027,16,1,,2027-05-23,2027-08-01,False,2026-02-02,May,May
2027-05-20,109,4,2027,16,1,,2027-05-23,2027-08-01,False,2026-02-02,May,May
2027-05-21,110,4,2027,16,1,,2027-05-23,2027-08-01,False,2026-02-02,May,May
2027-05-22,111,4,2027,16,1,,2027-05-23,2027-08-01,True,2026-02-02,May,May
2027-05-23,112,4,2027,16,1,,2027-05-23,2027-08-01,False,2026-02-02,May,May
2027-05-24,113,4,2027,17,1,2027-05-30,2027-05-30,2027-08-01,False,2026-02-02,May,May
2027-05-25,114,4,2027,17,1,2027-05-30,2027-05-30,2027-08-01,False,2026-02-02,May,May
2027-05-26,115,4,2027,17,1,2027-05-30,2027-05-30,2027-08-01,False,2026-02-02,May,May
2027-05-27,116,4,2027,17,1,2027-05-30,2027-05-30,2027-08-01,False,2026-02-02,May,May
2027-05-28,117,4,2027,17,1,2027-05-30,2027-05-30,2027-08-01,False,2026-02-02,May,May
2027-05-29,118,4,2027,17,1,2027-05-30,2027-05-30,2027-08-01,True,2026-02-02,May,May
2027-05-30,119,4,2027,17,1,2027-05-30,2027-05-30,2027-08-01,False,2026-02-02,May,May
2027-05-31,120,5,2027,18,1,,2027-06-06,2027-08-01,False,2026-02-02,May,May
2027-06-01,121,5,2027,18,1,,2027-06-06,2027-08-01,False,2026-02-02,June,Jun
2027-06-02,122,5,2027,18,1,,2027-06-06,2027-08-01,False,2026-02-02,June,Jun
2027-06-03,123,5,2027,18,1,,2027-06-06,2027-08-01,False,2026-02-02,June,Jun
2027-06-04,124,5,2027,18,1,,2027-06-06,2027-08-01,False,2026-02-02,June,Jun
2027-06-05,125,5,2027,18,1,,2027-06-06,2027-08-01,True,2026-02-02,June,Jun
2027-06-06,126,5,2027,18,1,,2027-06-06,2027-08-01,False,2026-02-02,June,Jun
2027-06-07,127,5,2027,19,1,,2027-06-13,2027-08-01,False,2026-02-02,June,Jun
2027-06-08,128,5,2027,19,1,,2027-06-13,2027-08-01,False,2026-02-02,June,Jun
2027-06-09,129,5,2027,19,1,,2027-06-13,2027-08-01,False,2026-02-02,June,Jun
2027-06-10,130,5,2027,19,1,,2027-06-13,2027-08-01,False,2026-02-02,June,Jun
2027-06-11,131,5,2027,19,1,,2027-06-13,2027-08-01,False,2026-02-02,June,Jun
2027-06-12,132,5,2027,19,1,,2027-06-13,2027-08-01,True,2026-02-02,June,Jun
2027-06-13,133,5,2027,19,1,,2027-06-13,2027-08-01,False,2026-02-02,June,Jun
2027-06-14,134,5,2027,20,1,,2027-06-20,2027-08-01,False,2026-02-02,June,Jun
2027-06-15,135,5,2027,20,1,,2027-06-20,2027-08-01,False,2026-02-02,June,Jun
2027-06-16,136,5,2027,20,1,,2027-06-20,2027-08-01,False,2026-02-02,June,Jun
2027-06-17,137,5,2027,20,1,,2027-06-20,2027-08-01,False,2026-02-02,June,Jun
2027-06-18,138,5,2027,20,1,,2027-06-20,2027-08-01,False,2026-02-02,June,Jun
2027-06-19,139,5,2027,20,1,,2027-06-20,2027-08-01,True,2026-02-02,June,Jun
2027-06-20,140,5,2027,20,1,,2027-06-20,2027-08-01,False,2026-02-02,June,Jun
2027-06-21,141,5,2027,21,1,2027-06-27,2027-06-27,2027-08-01,False,2026-02-02,June,Jun
2027-06-22,142,5,2027,21,1,2027-06-27,2027-06-27,2027-08-01,False,2026-02-02,June,Jun
2027-06-23,143,5,2027,21,1,2027-06-27,2027-06-27,2027-08-01,False,2026-02-02,June,Jun
2027-06-24,144,5,2027,21,1,2027-06-27,2027-06-27,2027-08-01,False,2026-02-02,June,Jun
2027-06-25,145,5,2027,21,1,2027-06-27,2027-06-27,2027-08-01,False,2026-02-02,June,Jun
2027-06-26,146,5,2027,21,1,2027-06-27,2027-06-27,2027-08-01,True,2026-02-02,June,Jun
2027-06-27,147,5,2027,21,1,2027-06-27,2027-06-27,2027-08-01,False,2026-02-02,June,Jun
2027-06-28,148,6,2027,22,1,,2027-07-04,2027-08-01,False,2026-02-02,June,Jun
2027-06-29,149,6,2027,22,1,,2027-07-04,2027-08-01,False,2026-02-02,June,Jun
2027-06-30,150,6,2027,22,1,,2027-07-04,2027-08-01,False,2026-02-02,June,Jun
2027-07-01,151,6,2027,22,1,,2027-07-04,2027-08-01,False,2026-02-02,July,Jul
2027-07-02,152,6,2027,22,1,,2027-07-04,2027-08-01,False,2026-02-02,July,Jul
2027-07-03,153,6,2027,22,1,,2027-07-04,2027-08-01,True,2026-02-02,July,Jul
2027-07-04,154,6,2027,22,1,,2027-07-04,2027-08-01,False,2026-02-02,July,Jul
2027-07-05,155,6,2027,23,1,,2027-07-11,2027-08-01,False,2026-02-02,July,Jul
2027-07-06,156,6,2027,23,1,,2027-07-11,2027-08-01,False,2026-02-02,July,Jul
2027-07-07,157,6,2027,23,1,,2027-07-11,2027-08-01,False,2026-02-02,July,Jul
2027-07-08,158,6,2027,23,1,,2027-07-11,2027-08-01,False,2026-02-02,July,Jul
2027-07-09,159,6,2027,23,1,,2027-07-11,2027-08-01,False,2026-02-02,July,Jul
2027-07-10,160,6,2027,23,1,,2027-07-11,2027-08-01,True,2026-02-02,July,Jul
2027-07-11,161,6,2027,23,1,,2027-07-11,2027-08-01,False,2026-02-02,July,Jul
2027-07-12,162,6,2027,24,1,,2027-07-18,2027-08-01,False,2026-02-02,July,Jul
2027-07-13,163,6,2027,24,1,,2027-07-18,2027-08-01,False,2026-02-02,July,Jul
2027-07-14,164,6,2027,24,1,,2027-07-18,2027-08-01,False,2026-02-02,July,Jul
2027-07-15,165,6,2027,24,1,,2027-07-18,2027-08-01,False,2026-02-02,July,Jul
2027-07-16,166,6,2027,24,1,,2027-07-18,2027-08-01,False,2026-02-02,July,Jul
2027-07-17,167,6,2027,24,1,,2027-07-18,2027-08-01,True,2026-02-02,July,Jul
2027-07-18,168,6,2027,24,1,,2027-07-18,2027-08-01,False,2026-02-02,July,Jul
2027-07-19,169,6,2027,25,1,,2027-07-25,2027-08-01,False,2026-02-02,July,Jul
2027-07-20,170,6,2027,25,1,,2027-07-25,2027-08-01,False,2026-02-02,July,Jul
2027-07-21,171,6,2027,25,1,,2027-07-25,2027-08-01,False,2026-02-02,July,Jul
2027-07-22,172,6,2027,25,1,,2027-07-25,2027-08-01,False,2026-02-02,July,Jul
2027-07-23,173,6,2027,25,1,,2027-07-25,2027-08-01,False,2026-02-02,July,Jul
2027-07-24,174,6,2027,25,1,,2027-07-25,2027-08-01,True,2026-02-02,July,Jul
2027-07-25,175,6,2027,25,1,,2027-07-25,2027-08-01,False,2026-02-02,July,Jul
2027-07-26,176,6,2027,26,1,2027-08-01,2027-08-01,2027-08-01,False,2026-02-02,July,Jul
2027-07-27,177,6,2027,26,1,2027-08-01,2027-08-01,2027-08-01,False,2026-02-02,July,Jul
2027-07-28,178,6,2027,26,1,2027-08-01,2027-08-01,2027-08-01,False,2026-02-02,July,Jul
2027-07-29,179,6,2027,26,1,2027-08-01,2027-08-01,2027-08-01,False,2026-02-02,July,Jul
2027-07-30,180,6,2027,26,1,2027-08-01,2027-08-01,2027-08-01,False,2026-02-02,July,Jul
2027-07-31,181,6,2027,26,1,2027-08-01,2027-08-01,2027-08-01,True,2026-02-02,July,Jul
2027-08-01,182,6,2027,26,1,2027-08-01,2027-08-01,2027-08-01,False,2026-02-02,August,Aug
2027-08-02,183,7,2027,27,2,,2027-08-08,2028-01-30,False,2026-02-02,August,Aug
2027-08-03,184,7,2027,27,2,,2027-08-08,2028-01-30,False,2026-02-02,August,Aug
2027-08-04,185,7,2027,27,2,,2027-08-08,2028-01-30,False,2026-02-02,August,Aug
2027-08-05,186,7,2027,27,2,,2027-08-08,2028-01-30,False,2026-02-02,August,Aug
2027-08-06,187,7,2027,27,2,,2027-08-08,2028-01-30,False,2026-02-02,August,Aug
2027-08-07,188,7,2027,27,2,,2027-08-08,2028-01-30,True,2026-02-02,August,Aug
2027-08-08,189,7,2027,27,2,,2027-08-08,2028-01-30,False,2026-02-02,August,Aug
2027-08-09,190,7,2027,28,2,,2027-08-15,2028-01-30,False,2026-02-02,August,Aug
2027-08-10,191,7,2027,28,2,,2027-08-15,2028-01-30,False,2026-02-02,August,Aug
2027-08-11,192,7,2027,28,2,,2027-08-15,2028-01-30,False,2026-02-02,August,Aug
2027-08-12,193,7,2027,28,2,,2027-08-15,2028-01-30,False,2026-02-02,August,Aug
2027-08-13,194,7,2027,28,2,,2027-08-15,2028-01-30,False,2026-02-02,August,Aug
2027-08-14,195,7,2027,28,2,,2027-08-15,2028-01-30,True,2026-02-02,August,Aug
2027-08-15,196,7,2027,28,2,,2027-08-15,2028-01-30,False,2026-02-02,August,Aug
2027-08-16,197,7,2027,29,2,,2027-08-22,2028-01-30,False,2026-02-02,August,Aug
2027-08-17,198,7,2027,29,2,,2027-08-22,2028-01-30,False,2026-02-02,August,Aug
2027-08-18,199,7,2027,29,2,,2027-08-22,2028-01-30,False,2026-02-02,August,Aug
2027-08-19,200,7,2027,29,2,,2027-08-22,2028-01-30,False,2026-02-02,August,Aug
2027-08-20,201,7,2027,29,2,,2027-08-22,2028-01-30,False,2026-02-02,August,Aug
2027-08-21,202,7,2027,29,2,,2027-08-22,2028-01-30,True,2026-02-02,August,Aug
2027-08-22,203,7,2027,29,2,,2027-08-22,2028-01-30,False,2026-02-02,August,Aug
2027-08-23,204,7,2027,30,2,2027-08-29,2027-08-29,2028-01-30,False,2026-02-02,August,Aug
2027-08-24,205,7,2027,30,2,2027-08-29,2027-08-29,2028-01-30,False,2026-02-02,August,Aug
2027-08-25,206,7,2027,30,2,2027-08-29,2027-08-29,2028-01-30,False,2026-02-02,August,Aug
2027-08-26,207,7,2027,30,2,2027-08-29,2027-08-29,2028-01-30,False,2026-02-02,August,Aug
2027-08-27,208,7,2027,30,2,2027-08-29,2027-08-29,2028-01-30,False,2026-02-02,August,Aug
2027-08-28,209,7,2027,30,2,2027-08-29,2027-08-29,2028-01-30,True,2026-02-02,August,Aug
2027-08-29,210,7,2027,30,2,2027-08-29,2027-08-29,2028-01-30,False,2026-02-02,August,Aug
2027-08-30,211,8,2027,31,2,,2027-09-05,2028-01-30,False,2026-02-02,August,Aug
2027-08-31,212,8,2027,31,2,,2027-09-05,2028-01-30,False,2026-02-02,August,Aug
2027-09-01,213,8,2027,31,2,,2027-09-05,2028-01-30,False,2026-02-02,September,Sep
2027-09-02,214,8,2027,31,2,,2027-09-05,2028-01-30,False,2026-02-02,September,Sep
2027-09-03,215,8,2027,31,2,,2027-09-05,2028-01-30,False,2026-02-02,September,Sep
2027-09-04,216,8,2027,31,2,,2027-09-05,2028-01-30,True,2026-02-02,September,Sep
2027-09-05,217,8,2027,31,2,,2027-09-05,2028-01-30,False,2026-02-02,September,Sep
2027-09-06,218,8,2027,32,2,,2027-09-12,2028-01-30,False,2026-02-02,September,Sep
2027-09-07,219,8,2027,32,2,,2027-09-12,2028-01-30,False,2026-02-02,September,Sep
2027-09-08,220,8,2027,32,2,,2027-09-12,2028-01-30,False,2026-02-02,September,Sep
2027-09-09,221,8,2027,32,2,,2027-09-12,2028-01-30,False,2026-02-02,September,Sep
2027-09-10,222,8,2027,32,2,,2027-09-12,2028-01-30,False,2026-02-02,September,Sep
2027-09-11,223,8,2027,32,2,,2027-09-12,2028-01-30,True,2026-02-02,September,Sep
2027-09-12,224,8,2027,32,2,,2027-09-12,2028-01-30,False,2026-02-02,September,Sep
2027-09-13,225,8,2027,33,2,,2027-09-19,2028-01-30,False,2026-02-02,September,Sep
2027-09-14,226,8,2027,33,2,,2027-09-19,2028-01-30,False,2026-02-02,September,Sep
2027-09-15,227,8,2027,33,2,,2027-09-19,2028-01-30,False,2026-02-02,September,Sep
2027-09-16,228,8,2027,33,2,,2027-09-19,2028-01-30,False,2026-02-02,September,Sep
2027-09-17,229,8,2027,33,2,,2027-09-19,2028-01-30,False,2026-02-02,September,Sep
2027-09-18,230,8,2027,33,2,,2027-09-19,2028-01-30,True,2026-02-02,September,Sep
2027-09-19,231,8,2027,33,2,,2027-09-19,2028-01-30,False,2026-02-02,September,Sep
2027-09-20,232,8,2027,34,2,2027-09-26,2027-09-26,2028-01-30,False,2026-02-02,September,Sep
2027-09-21,233,8,2027,34,2,2027-09-26,2027-09-26,2028-01-30,False,2026-02-02,September,Sep
2027-09-22,234,8,2027,34,2,2027-09-26,2027-09-26,2028-01-30,False,2026-02-02,September,Sep
2027-09-23,235,8,2027,34,2,2027-09-26,2027-09-26,2028-01-30,False,2026-02-02,September,Sep
2027-09-24,236,8,2027,34,2,2027-09-26,2027-09-26,2028-01-30,False,2026-02-02,September,Sep
2027-09-25,237,8,2027,34,2,2027-09-26,2027-09-26,2028-01-30,True,2026-02-02,September,Sep
2027-09-26,238,8,2027,34,2,2027-09-26,2027-09-26,2028-01-30,False,2026-02-02,September,Sep
2027-09-27,239,9,2027,35,2,,2027-10-03,2028-01-30,False,2026-02-02,September,Sep
2027-09-28,240,9,2027,35,2,,2027-10-03,2028-01-30,False,2026-02-02,September,Sep
2027-09-29,241,9,2027,35,2,,2027-10-03,2028-01-30,False,2026-02-02,September,Sep
2027-09-30,242,9,2027,35,2,,2027-10-03,2028-01-30,False,2026-02-02,September,Sep
2027-10-01,243,9,2027,35,2,,2027-10-03,2028-01-30,False,2026-02-02,October,Oct
2027-10-02,244,9,2027,35,2,,2027-10-03,2028-01-30,True,2026-02-02,October,Oct
2027-10-03,245,9,2027,35,2,,2027-10-03,2028-01-30,False,2026-02-02,October,Oct
2027-10-04,246,9,2027,36,2,,2027-10-10,2028-01-30,False,2026-02-02,October,Oct
2027-10-05,247,9,2027,36,2,,2027-10-10,2028-01-30,False,2026-02-02,October,Oct
2027-10-06,248,9,2027,36,2,,2027-10-10,2028-01-30,False,2026-02-02,October,Oct
2027-10-07,249,9,2027,36,2,,2027-10-10,2028-01-30,False,2026-02-02,October,Oct
2027-10-08,250,9,2027,36,2,,2027-10-10,2028-01-30,False,2026-02-02,October,Oct
2027-10-09,251,9,2027,36,2,,2027-10-10,2028-01-30,True,2026-02-02,October,Oct
2027-10-10,252,9,2027,36,2,,2027-10-10,2028-01-30,False,2026-02-02,October,Oct
2027-10-11,253,9,2027,37,2,,2027-10-17,2028-01-30,False,2026-02-02,October,Oct
2027-10-12,254,9,2027,37,2,,2027-10-17,2028-01-30,False,2026-02-02,October,Oct
2027-10-13,255,9,2027,37,2,,2027-10-17,2028-01-30,False,2026-02-02,October,Oct
2027-10-14,256,9,2027,37,2,,2027-10-17,2028-01-30,False,2026-02-02,October,Oct
2027-10-15,257,9,2027,37,2,,2027-10-17,2028-01-30,False,2026-02-02,October,Oct
2027-10-16,258,9,2027,37,2,,2027-10-17,2028-01-30,True,2026-02-02,October,Oct
2027-10-17,259,9,2027,37,2,,2027-10-17,2028-01-30,False,2026-02-02,October,Oct
2027-10-18,260,9,2027,38,2,,2027-10-24,2028-01-30,False,2026-02-02,October,Oct
2027-10-19,261,9,2027,38,2,,2027-10-24,2028-01-30,False,2026-02-02,October,Oct
2027-10-20,262,9,2027,38,2,,2027-10-24,2028-01-30,False,2026-02-02,October,Oct
2027-10-21,263,9,2027,38,2,,2027-10-24,2028-01-30,False,2026-02-02,October,Oct
2027-10-22,264,9,2027,38,2,,2027-10-24,2028-01-30,False,2026-02-02,October,Oct
2027-10-23,265,9,2027,38,2,,2027-10-24,2028-01-30,True,2026-02-02,October,Oct
2027-10-24,266,9,2027,38,2,,2027-10-24,2028-01-30,False,2026-02-02,October,Oct
2027-10-25,267,9,2027,39,2,2027-10-31,2027-10-31,2028-01-30,False,2026-02-02,October,Oct
2027-10-26,268,9,2027,39,2,2027-10-31,2027-10-31,2028-01-30,False,2026-02-02,October,Oct
2027-10-27,269,9,2027,39,2,2027-10-31,2027-10-31,2028-01-30,False,2026-02-02,October,Oct
2027-10-28,270,9,2027,39,2,2027-10-31,2027-10-31,2028-01-30,False,2026-02-02,October,Oct
2027-10-29,271,9,2027,39,2,2027-10-31,2027-10-31,2028-01-30,False,2026-02-02,October,Oct
2027-10-30,272,9,2027,39,2,2027-10-31,2027-10-31,2028-01-30,True,2026-02-02,October,Oct
2027-10-31,273,9,2027,39,2,2027-10-31,2027-10-31,2028-01-30,False,2026-02-02,October,Oct
2027-11-01,274,10,2027,40,2,,2027-11-07,2028-01-30,False,2026-02-02,November,Nov
2027-11-02,275,10,2027,40,2,,2027-11-07,2028-01-30,False,2026-02-02,November,Nov
2027-11-03,276,10,2027,40,2,,2027-11-07,2028-01-30,False,2026-02-02,November,Nov
2027-11-04,277,10,2027,40,2,,2027-11-07,2028-01-30,False,2026-02-02,November,Nov
2027-11-05,278,10,2027,40,2,,2027-11-07,2028-01-30,False,2026-02-02,November,Nov
2027-11-06,279,10,2027,40,2,,2027-11-07,2028-01-30,True,2026-02-02,November,Nov
2027-11-07,280,10,2027,40,2,,2027-11-07,2028-01-30,False,2026-02-02,November,Nov
2027-11-08,281,10,2027,41,2,,2027-11-14,2028-01-30,False,2026-02-02,November,Nov
2027-11-09,282,10,2027,41,2,,2027-11-14,2028-01-30,False,2026-02-02,November,Nov
2027-11-10,283,10,2027,41,2,,2027-11-14,2028-01-30,False,2026-02-02,November,Nov
2027-11-11,284,10,2027,41,2,,2027-11-14,2028-01-30,False,2026-02-02,November,Nov
2027-11-12,285,10,2027,41,2,,2027-11-14,2028-01-30,False,2026-02-02,November,Nov
2027-11-13,286,10,2027,41,2,,2027-11-14,2028-01-30,True,2026-02-02,November,Nov
2027-11-14,287,10,2027,41,2,,2027-11-14,2028-01-30,False,2026-02-02,November,Nov
2027-11-15,288,10,2027,42,2,,2027-11-21,2028-01-30,False,2026-02-02,November,Nov
2027-11-16,289,10,2027,42,2,,2027-11-21,2028-01-30,False,2026-02-02,November,Nov
2027-11-17,290,10,2027,42,2,,2027-11-21,2028-01-30,False,2026-02-02,November,Nov
2027-11-18,291,10,2027,42,2,,2027-11-21,2028-01-30,False,2026-02-02,November,Nov
2027-11-19,292,10,2027,42,2,,2027-11-21,2028-01-30,False,2026-02-02,November,Nov
2027-11-20,293,10,2027,42,2,,2027-11-21,2028-01-30,True,2026-02-02,November,Nov
2027-11-21,294,10,2027,42,2,,2027-11-21,2028-01-30,False,2026-02-02,November,Nov
2027-11-22,295,10,2027,43,2,2027-11-28,2027-11-28,2028-01-30,False,2026-02-02,November,Nov
2027-11-23,296,10,2027,43,2,2027-11-28,2027-11-28,2028-01-30,False,2026-02-02,November,Nov
2027-11-24,297,10,2027,43,2,2027-11-28,2027-11-28,2028-01-30,False,2026-02-02,November,Nov
2027-11-25,298,10,2027,43,2,2027-11-28,2027-11-28,2028-01-30,False,2026-02-02,November,Nov
2027-11-26,299,10,2027,43,2,2027-11-28,2027-11-28,2028-01-30,False,2026-02-02,November,Nov
2027-11-27,300,10,2027,43,2,2027-11-28,2027-11-28,2028-01-30,True,2026-02-02,November,Nov
2027-11-28,301,10,2027,43,2,2027-11-28,2027-11-28,2028-01-30,False,2026-02-02,November,Nov
2027-11-29,302,11,2027,44,2,,2027-12-05,2028-01-30,False,2026-02-02,November,Nov
2027-11-30,303,11,2027,44,2,,2027-12-05,2028-01-30,False,2026-02-02,November,Nov
2027-12-01,304,11,2027,44,2,,2027-12-05,2028-01-30,False,2026-02-02,December,Dec
2027-12-02,305,11,2027,44,2,,2027-12-05,2028-01-30,False,2026-02-02,December,Dec
2027-12-03,306,11,2027,44,2,,2027-12-05,2028-01-30,False,2026-02-02,December,Dec
2027-12-04,307,11,2027,44,2,,2027-12-05,2028-01-30,True,2026-02-02,December,Dec
2027-12-05,308,11,2027,44,2,,2027-12-05,2028-01-30,False,2026-02-02,December,Dec
2027-12-06,309,11,2027,45,2,,2027-12-12,2028-01-30,False,2026-02-02,December,Dec
2027-12-07,310,11,2027,45,2,,2027-12-12,2028-01-30,False,2026-02-02,December,Dec
2027-12-08,311,11,2027,45,2,,2027-12-12,2028-01-30,False,2026-02-02,December,Dec
2027-12-09,312,11,2027,45,2,,2027-12-12,2028-01-30,False,2026-02-02,December,Dec
2027-12-10,313,11,2027,45,2,,2027-12-12,2028-01-30,False,2026-02-02,December,Dec
2027-12-11,314,11,2027,45,2,,2027-12-12,2028-01-30,True,2026-02-02,December,Dec
2027-12-12,315,11,2027,45,2,,2027-12-12,2028-01-30,False,2026-02-02,December,Dec
2027-12-13,316,11,2027,46,2,,2027-12-19,2028-01-30,False,2026-02-02,December,Dec
2027-12-14,317,11,2027,46,2,,2027-12-19,2028-01-30,False,2026-02-02,December,Dec
2027-12-15,318,11,2027,46,2,,2027-12-19,2028-01-30,False,2026-02-02,December,Dec
2027-12-16,319,11,2027,46,2,,2027-12-19,2028-01-30,False,2026-02-02,December,Dec
2027-12-17,320,11,2027,46,2,,2027-12-19,2028-01-30,False,2026-02-02,December,Dec
2027-12-18,321,11,2027,46,2,,2027-12-19,2028-01-30,True,2026-02-02,December,Dec
2027-12-19,322,11,2027,46,2,,2027-12-19,2028-01-30,False,2026-02-02,December,Dec
2027-12-20,323,11,2027,47,2,2027-12-26,2027-12-26,2028-01-30,False,2026-02-02,December,Dec
2027-12-21,324,11,2027,47,2,2027-12-26,2027-12-26,2028-01-30,False,2026-02-02,December,Dec
2027-12-22,325,11,2027,47,2,2027-12-26,2027-12-26,2028-01-30,False,2026-02-02,December,Dec
2027-12-23,326,11,2027,47,2,2027-12-26,2027-12-26,2028-01-30,False,2026-02-02,December,Dec
2027-12-24,327,11,2027,47,2,2027-12-26,2027-12-26,2028-01-30,False,2026-02-02,December,Dec
2027-12-25,328,11,2027,47,2,2027-12-26,2027-12-26,2028-01-30,True,2026-02-02,December,Dec
2027-12-26,329,11,2027,47,2,2027-12-26,2027-12-26,2028-01-30,False,2026-02-02,December,Dec
2027-12-27,330,12,2027,48,2,,2028-01-02,2028-01-30,False,2026-02-02,December,Dec
2027-12-28,331,12,2027,48,2,,2028-01-02,2028-01-30,False,2026-02-02,December,Dec
2027-12-29,332,12,2027,48,2,,2028-01-02,2028-01-30,False,2026-02-02,December,Dec
2027-12-30,333,12,2027,48,2,,2028-01-02,2028-01-30,False,2026-02-02,December,Dec
2027-12-31,334,12,2027,48,2,,2028-01-02,2028-01-30,False,2026-02-02,December,Dec
2028-01-01,335,12,2027,48,2,,2028-01-02,2028-01-30,True,2026-02-02,January,Jan
2028-01-02,336,12,2027,48,2,,2028-01-02,2028-01-30,False,2026-02-02,January,Jan
2028-01-03,337,12,2027,49,2,,2028-01-09,2028-01-30,False,2026-02-02,January,Jan
2028-01-04,338,12,2027,49,2,,2028-01-09,2028-01-30,False,2026-02-02,January,Jan
2028-01-05,339,12,2027,49,2,,2028-01-09,2028-01-30,False,2026-02-02,January,Jan
2028-01-06,340,12,2027,49,2,,2028-01-09,2028-01-30,False,2026-02-02,January,Jan
2028-01-07,341,12,2027,49,2,,2028-01-09,2028-01-30,False,2026-02-02,January,Jan
2028-01-08,342,12,2027,49,2,,2028-01-09,2028-01-30,True,2026-02-02,January,Jan
2028-01-09,343,12,2027,49,2,,2028-01-09,2028-01-30,False,2026-02-02,January,Jan
2028-01-10,344,12,2027,50,2,,2028-01-16,2028-01-30,False,2026-02-02,January,Jan
2028-01-11,345,12,2027,50,2,,2028-01-16,2028-01-30,False,2026-02-02,January,Jan
2028-01-12,346,12,2027,50,2,,2028-01-16,2028-01-30,False,2026-02-02,January,Jan
2028-01-13,347,12,2027,50,2,,2028-01-16,2028-01-30,False,2026-02-02,January,Jan
2028-01-14,348,12,2027,50,2,,2028-01-16,2028-01-30,False,2026-02-02,January,Jan
2028-01-15,349,12,2027,50,2,,2028-01-16,2028-01-30,True,2026-02-02,January,Jan
2028-01-16,350,12,2027,50,2,,2028-01-16,2028-01-30,False,2026-02-02,January,Jan
2028-01-17,351,12,2027,51,2,,2028-01-23,2028-01-30,False,2026-02-02,January,Jan
2028-01-18,352,12,2027,51,2,,2028-01-23,2028-01-30,False,2026-02-02,January,Jan
2028-01-19,353,12,2027,51,2,,2028-01-23,2028-01-30,False,2026-02-02,January,Jan
2028-01-20,354,12,2027,51,2,,2028-01-23,2028-01-30,False,2026-02-02,January,Jan
2028-01-21,355,12,2027,51,2,,2028-01-23,2028-01-30,False,2026-02-02,January,Jan
2028-01-22,356,12,2027,51,2,,2028-01-23,2028-01-30,True,2026-02-02,January,Jan
2028-01-23,357,12,2027,51,2,,2028-01-23,2028-01-30,False,2026-02-02,January,Jan
2028-01-24,358,12,2027,52,2,2028-01-30,2028-01-30,2028-01-30,False,2026-02-02,January,Jan
2028-01-25,359,12,2027,52,2,2028-01-30,2028-01-30,2028-01-30,False,2026-02-02,January,Jan
2028-01-26,360,12,2027,52,2,2028-01-30,2028-01-30,2028-01-30,False,2026-02-02,January,Jan
2028-01-27,361,12,2027,52,2,2028-01-30,2028-01-30,2028-01-30,False,2026-02-02,January,Jan
2028-01-28,362,12,2027,52,2,2028-01-30,2028-01-30,2028-01-30,False,2026-02-02,January,Jan
2028-01-29,363,12,2027,52,2,2028-01-30,2028-01-30,2028-01-30,True,2026-02-02,January,Jan
2028-01-30,364,12,2027,52,2,2028-01-30,2028-01-30,2028-01-30,False,2026-02-02,January,Jan
2028-02-07,1,1,2028,1,1,,2028-02-13,2028-08-06,False,2027-02-01,February,Feb
2028-02-08,2,1,2028,1,1,,2028-02-13,2028-08-06,False,2027-02-01,February,Feb
2028-02-09,3,1,2028,1,1,,2028-02-13,2028-08-06,False,2027-02-01,February,Feb
2028-02-10,4,1,2028,1,1,,2028-02-13,2028-08-06,False,2027-02-01,February,Feb
2028-02-11,5,1,2028,1,1,,2028-02-13,2028-08-06,False,2027-02-01,February,Feb
2028-02-12,6,1,2028,1,1,,2028-02-13,2028-08-06,True,2027-02-01,February,Feb
2028-02-13,7,1,2028,1,1,,2028-02-13,2028-08-06,False,2027-02-01,February,Feb
2028-02-14,8,1,2028,2,1,,2028-02-20,2028-08-06,False,2027-02-01,February,Feb
2028-02-15,9,1,2028,2,1,,2028-02-20,2028-08-06,False,2027-02-01,February,Feb
2028-02-16,10,1,2028,2,1,,2028-02-20,2028-08-06,False,2027-02-01,February,Feb
2028-02-17,11,1,2028,2,1,,2028-02-20,2028-08-06,False,2027-02-01,February,Feb
2028-02-18,12,1,2028,2,1,,2028-02-20,2028-08-06,False,2027-02-01,February,Feb
2028-02-19,13,1,2028,2,1,,2028-02-20,2028-08-06,True,2027-02-01,February,Feb
2028-02-20,14,1,2028,2,1,,2028-02-20,2028-08-06,False,2027-02-01,February,Feb
2028-02-21,15,1,2028,3,1,,2028-02-27,2028-08-06,False,2027-02-01,February,Feb
2028-02-22,16,1,2028,3,1,,2028-02-27,2028-08-06,False,2027-02-01,February,Feb
2028-02-23,17,1,2028,3,1,,2028-02-27,2028-08-06,False,2027-02-01,February,Feb
2028-02-24,18,1,2028,3,1,,2028-02-27,2028-08-06,False,2027-02-01,February,Feb
2028-02-25,19,1,2028,3,1,,2028-02-27,2028-08-06,False,2027-02-01,February,Feb
2028-02-26,20,1,2028,3,1,,2028-02-27,2028-08-06,True,2027-02-01,February,Feb
2028-02-27,21,1,2028,3,1,,2028-02-27,2028-08-06,False,2027-02-01,February,Feb
2028-02-28,22,1,2028,4,1,2028-03-05,2028-03-05,2028-08-06,False,2027-02-01,February,Feb
2028-02-29,23,1,2028,4,1,2028-03-05,2028-03-05,2028-08-06,False,2027-02-01,February,Feb
2028-03-01,24,1,2028,4,1,2028-03-05,2028-03-05,2028-08-06,False,2027-02-01,March,Mar
2028-03-02,25,1,2028,4,1,2028-03-05,2028-03-05,2028-08-06,False,2027-02-01,March,Mar
2028-03-03,26,1,2028,4,1,2028-03-05,2028-03-05,2028-08-06,False,2027-02-01,March,Mar
2028-03-04,27,1,2028,4,1,2028-03-05,2028-03-05,2028-08-06,True,2027-02-01,March,Mar
2028-03-05,28,1,2028,4,1,2028-03-05,2028-03-05,2028-08-06,False,2027-02-01,March,Mar
2028-03-06,29,2,2028,5,1,,2028-03-12,2028-08-06,False,2027-02-01,March,Mar
2028-03-07,30,2,2028,5,1,,2028-03-12,2028-08-06,False,2027-02-01,March,Mar
2028-03-08,31,2,2028,5,1,,2028-03-12,2028-08-06,False,2027-02-01,March,Mar
2028-03-09,32,2,2028,5,1,,2028-03-12,2028-08-06,False,2027-02-01,March,Mar
2028-03-10,33,2,2028,5,1,,2028-03-12,2028-08-06,False,2027-02-01,March,Mar
2028-03-11,34,2,2028,5,1,,2028-03-12,2028-08-06,True,2027-02-01,March,Mar
2028-03-12,35,2,2028,5,1,,2028-03-12,2028-08-06,False,2027-02-01,March,Mar
2028-03-13,36,2,2028,6,1,,2028-03-19,2028-08-06,False,2027-02-01,March,Mar
2028-03-14,37,2,2028,6,1,,2028-03-19,2028-08-06,False,2027-02-01,March,Mar
2028-03-15,38,2,2028,6,1,,2028-03-19,2028-08-06,False,2027-02-01,March,Mar
2028-03-16,39,2,2028,6,1,,2028-03-19,2028-08-06,False,2027-02-01,March,Mar
2028-03-17,40,2,2028,6,1,,2028-03-19,2028-08-06,False,2027-02-01,March,Mar
2028-03-18,41,2,2028,6,1,,2028-03-19,2028-08-06,True,2027-02-01,March,Mar
2028-03-19,42,2,2028,6,1,,2028-03-19,2028-08-06,False,2027-02-01,March,Mar
2028-03-20,43,2,2028,7,1,,2028-03-26,2028-08-06,False,2027-02-01,March,Mar
2028-03-21,44,2,2028,7,1,,2028-03-26,2028-08-06,False,2027-02-01,March,Mar
2028-03-22,45,2,2028,7,1,,2028-03-26,2028-08-06,False,2027-02-01,March,Mar
2028-03-23,46,2,2028,7,1,,2028-03-26,2028-08-06,False,2027-02-01,March,Mar
2028-03-24,47,2,2028,7,1,,2028-03-26,2028-08-06,False,2027-02-01,March,Mar
2028-03-25,48,2,2028,7,1,,2028-03-26,2028-08-06,True,2027-02-01,March,Mar
2028-03-26,49,2,2028,7,1,,2028-03-26,2028-08-06,False,2027-02-01,March,Mar
2028-03-27,50,2,2028,8,1,2028-04-02,2028-04-02,2028-08-06,False,2027-02-01,March,Mar
2028-03-28,51,2,2028,8,1,2028-04-02,2028-04-02,2028-08-06,False,2027-02-01,March,Mar
2028-03-29,52,2,2028,8,1,2028-04-02,2028-04-02,2028-08-06,False,2027-02-01,March,Mar
2028-03-30,53,2,2028,8,1,2028-04-02,2028-04-02,2028-08-06,False,2027-02-01,March,Mar
2028-03-31,54,2,2028,8,1,2028-04-02,2028-04-02,2028-08-06,False,2027-02-01,March,Mar
2028-04-01,55,2,2028,8,1,2028-04-02,2028-04-02,2028-08-06,True,2027-02-01,April,Apr
2028-04-02,56,2,2028,8,1,2028-04-02,2028-04-02,2028-08-06,False,2027-02-01,April,Apr
2028-04-03,57,3,2028,9,1,,2028-04-09,2028-08-06,False,2027-02-01,April,Apr
2028-04-04,58,3,2028,9,1,,2028-04-09,2028-08-06,False,2027-02-01,April,Apr
2028-04-05,59,3,2028,9,1,,2028-04-09,2028-08-06,False,2027-02-01,April,Apr
2028-04-06,60,3,2028,9,1,,2028-04-09,2028-08-06,False,2027-02-01,April,Apr
2028-04-07,61,3,2028,9,1,,2028-04-09,2028-08-06,False,2027-02-01,April,Apr
2028-04-08,62,3,2028,9,1,,2028-04-09,2028-08-06,True,2027-02-01,April,Apr
2028-04-09,63,3,2028,9,1,,2028-04-09,2028-08-06,False,2027-02-01,April,Apr
2028-04-10,64,3,2028,10,1,,2028-04-16,2028-08-06,False,2027-02-01,April,Apr
2028-04-11,65,3,2028,10,1,,2028-04-16,2028-08-06,False,2027-02-01,April,Apr
2028-04-12,66,3,2028,10,1,,2028-04-16,2028-08-06,False,2027-02-01,April,Apr
2028-04-13,67,3,2028,10,1,,2028-04-16,2028-08-06,False,2027-02-01,April,Apr
2028-04-14,68,3,2028,10,1,,2028-04-16,2028-08-06,False,2027-02-01,April,Apr
2028-04-15,69,3,2028,10,1,,2028-04-16,2028-08-06,True,2027-02-01,April,Apr
2028-04-16,70,3,2028,10,1,,2028-04-16,2028-08-06,False,2027-02-01,April,Apr
2028-04-17,71,3,2028,11,1,,2028-04-23,2028-08-06,False,2027-02-01,April,Apr
2028-04-18,72,3,2028,11,1,,2028-04-23,2028-08-06,False,2027-02-01,April,Apr
2028-04-19,73,3,2028,11,1,,2028-04-23,2028-08-06,False,2027-02-01,April,Apr
2028-04-20,74,3,2028,11,1,,2028-04-23,2028-08-06,False,2027-02-01,April,Apr
2028-04-21,75,3,2028,11,1,,2028-04-23,2028-08-06,False,2027-02-01,April,Apr
2028-04-22,76,3,2028,11,1,,2028-04-23,2028-08-06,True,2027-02-01,April,Apr
2028-04-23,77,3,2028,11,1,,2028-04-23,2028-08-06,False,2027-02-01,April,Apr
2028-04-24,78,3,2028,12,1,,2028-04-30,2028-08-06,False,2027-02-01,April,Apr
2028-04-25,79,3,2028,12,1,,2028-04-30,2028-08-06,False,2027-02-01,April,Apr
2028-04-26,80,3,2028,12,1,,2028-04-30,2028-08-06,False,2027-02-01,April,Apr
2028-04-27,81,3,2028,12,1,,2028-04-30,2028-08-06,False,2027-02-01,April,Apr
2028-04-28,82,3,2028,12,1,,2028-04-30,2028-08-06,False,2027-02-01,April,Apr
2028-04-29,83,3,2028,12,1,,2028-04-30,2028-08-06,True,2027-02-01,April,Apr
2028-04-30,84,3,2028,12,1,,2028-04-30,2028-08-06,False,2027-02-01,April,Apr
2028-05-01,85,3,2028,13,1,2028-05-07,2028-05-07,2028-08-06,False,2027-02-01,May,May
2028-05-02,86,3,2028,13,1,2028-05-07,2028-05-07,2028-08-06,False,2027-02-01,May,May
2028-05-03,87,3,2028,13,1,2028-05-07,2028-05-07,2028-08-06,False,2027-02-01,May,May
2028-05-04,88,3,2028,13,1,2028-05-07,2028-05-07,2028-08-06,False,2027-02-01,May,May
2028-05-05,89,3,2028,13,1,2028-05-07,2028-05-07,2028-08-06,False,2027-02-01,May,May
2028-05-06,90,3,2028,13,1,2028-05-07,2028-05-07,2028-08-06,True,2027-02-01,May,May
2028-05-07,91,3,2028,13,1,2028-05-07,2028-05-07,2028-08-06,False,2027-02-01,May,May
2028-05-08,92,4,2028,14,1,,2028-05-14,2028-08-06,False,2027-02-01,May,May
2028-05-09,93,4,2028,14,1,,2028-05-14,2028-08-06,False,2027-02-01,May,May
2028-05-10,94,4,2028,14,1,,2028-05-14,2028-08-06,False,2027-02-01,May,May
2028-05-11,95,4,2028,14,1,,2028-05-14,2028-08-06,False,2027-02-01,May,May
2028-05-12,96,4,2028,14,1,,2028-05-14,2028-08-06,False,2027-02-01,May,May
2028-05-13,97,4,2028,14,1,,2028-05-14,2028-08-06,True,2027-02-01,May,May
2028-05-14,98,4,2028,14,1,,2028-05-14,2028-08-06,False,2027-02-01,May,May
2028-05-15,99,4,2028,15,1,,2028-05-21,2028-08-06,False,2027-02-01,May,May
2028-05-16,100,4,2028,15,1,,2028-05-21,2028-08-06,False,2027-02-01,May,May
2028-05-17,101,4,2028,15,1,,2028-05-21,2028-08-06,False,2027-02-01,May,May
2028-05-18,102,4,2028,15,1,,2028-05-21,2028-08-06,False,2027-02-01,May,May
2028-05-19,103,4,2028,15,1,,2028-05-21,2028-08-06,False,2027-02-01,May,May
2028-05-20,104,4,2028,15,1,,2028-05-21,2028-08-06,True,2027-02-01,May,May
2028-05-21,105,4,2028,15,1,,2028-05-21,2028-08-06,False,2027-02-01,May,May
2028-05-22,106,4,2028,16,1,,2028-05-28,2028-08-06,False,2027-02-01,May,May
2028-05-23,107,4,2028,16,1,,2028-05-28,2028-08-06,False,2027-02-01,May,May
2028-05-24,108,4,2028,16,1,,2028-05-28,2028-08-06,False,2027-02-01,May,May
2028-05-25,109,4,2028,16,1,,2028-05-28,2028-08-06,False,2027-02-01,May,May
2028-05-26,110,4,2028,16,1,,2028-05-28,2028-08-06,False,2027-02-01,May,May
2028-05-27,111,4,2028,16,1,,2028-05-28,2028-08-06,True,2027-02-01,May,May
2028-05-28,112,4,2028,16,1,,2028-05-28,2028-08-06,False,2027-02-01,May,May
2028-05-29,113,4,2028,17,1,2028-06-04,2028-06-04,2028-08-06,False,2027-02-01,May,May
2028-05-30,114,4,2028,17,1,2028-06-04,2028-06-04,2028-08-06,False,2027-02-01,May,May
2028-05-31,115,4,2028,17,1,2028-06-04,2028-06-04,2028-08-06,False,2027-02-01,May,May
2028-06-01,116,4,2028,17,1,2028-06-04,2028-06-04,2028-08-06,False,2027-02-01,June,Jun
2028-06-02,117,4,2028,17,1,2028-06-04,2028-06-04,2028-08-06,False,2027-02-01,June,Jun
2028-06-03,118,4,2028,17,1,2028-06-04,2028-06-04,2028-08-06,True,2027-02-01,June,Jun
2028-06-04,119,4,2028,17,1,2028-06-04,2028-06-04,2028-08-06,False,2027-02-01,June,Jun
2028-06-05,120,5,2028,18,1,,2028-06-11,2028-08-06,False,2027-02-01,June,Jun
2028-06-06,121,5,2028,18,1,,2028-06-11,2028-08-06,False,2027-02-01,June,Jun
2028-06-07,122,5,2028,18,1,,2028-06-11,2028-08-06,False,2027-02-01,June,Jun
2028-06-08,123,5,2028,18,1,,2028-06-11,2028-08-06,False,2027-02-01,June,Jun
2028-06-09,124,5,2028,18,1,,2028-06-11,2028-08-06,False,2027-02-01,June,Jun
2028-06-10,125,5,2028,18,1,,2028-06-11,2028-08-06,True,2027-02-01,June,Jun
2028-06-11,126,5,2028,18,1,,2028-06-11,2028-08-06,False,2027-02-01,June,Jun
2028-06-12,127,5,2028,19,1,,2028-06-18,2028-08-06,False,2027-02-01,June,Jun
2028-06-13,128,5,2028,19,1,,2028-06-18,2028-08-06,False,2027-02-01,June,Jun
2028-06-14,129,5,2028,19,1,,2028-06-18,2028-08-06,False,2027-02-01,June,Jun
2028-06-15,130,5,2028,19,1,,2028-06-18,2028-08-06,False,2027-02-01,June,Jun
2028-06-16,131,5,2028,19,1,,2028-06-18,2028-08-06,False,2027-02-01,June,Jun
2028-06-17,132,5,2028,19,1,,2028-06-18,2028-08-06,True,2027-02-01,June,Jun
2028-06-18,133,5,2028,19,1,,2028-06-18,2028-08-06,False,2027-02-01,June,Jun
2028-06-19,134,5,2028,20,1,,2028-06-25,2028-08-06,False,2027-02-01,June,Jun
2028-06-20,135,5,2028,20,1,,2028-06-25,2028-08-06,False,2027-02-01,June,Jun
2028-06-21,136,5,2028,20,1,,2028-06-25,2028-08-06,False,2027-02-01,June,Jun
2028-06-22,137,5,2028,20,1,,2028-06-25,2028-08-06,False,2027-02-01,June,Jun
2028-06-23,138,5,2028,20,1,,2028-06-25,2028-08-06,False,2027-02-01,June,Jun
2028-06-24,139,5,2028,20,1,,2028-06-25,2028-08-06,True,2027-02-01,June,Jun
2028-06-25,140,5,2028,20,1,,2028-06-25,2028-08-06,False,2027-02-01,June,Jun
2028-06-26,141,5,2028,21,1,2028-07-02,2028-07-02,2028-08-06,False,2027-02-01,June,Jun
2028-06-27,142,5,2028,21,1,2028-07-02,2028-07-02,2028-08-06,False,2027-02-01,June,Jun
2028-06-28,143,5,2028,21,1,2028-07-02,2028-07-02,2028-08-06,False,2027-02-01,June,Jun
2028-06-29,144,5,2028,21,1,2028-07-02,2028-07-02,2028-08-06,False,2027-02-01,June,Jun
2028-06-30,145,5,2028,21,1,2028-07-02,2028-07-02,2028-08-06,False,2027-02-01,June,Jun
2028-07-01,146,5,2028,21,1,2028-07-02,2028-07-02,2028-08-06,True,2027-02-01,July,Jul
2028-07-02,147,5,2028,21,1,2028-07-02,2028-07-02,2028-08-06,False,2027-02-01,July,Jul
2028-07-03,148,6,2028,22,1,,2028-07-09,2028-08-06,False,2027-02-01,July,Jul
2028-07-04,149,6,2028,22,1,,2028-07-09,2028-08-06,False,2027-02-01,July,Jul
2028-07-05,150,6,2028,22,1,,2028-07-09,2028-08-06,False,2027-02-01,July,Jul
2028-07-06,151,6,2028,22,1,,2028-07-09,2028-08-06,False,2027-02-01,July,Jul
2028-07-07,152,6,2028,22,1,,2028-07-09,2028-08-06,False,2027-02-01,July,Jul
2028-07-08,153,6,2028,22,1,,2028-07-09,2028-08-06,True,2027-02-01,July,Jul
2028-07-09,154,6,2028,22,1,,2028-07-09,2028-08-06,False,2027-02-01,July,Jul
2028-07-10,155,6,2028,23,1,,2028-07-16,2028-08-06,False,2027-02-01,July,Jul
2028-07-11,156,6,2028,23,1,,2028-07-16,2028-08-06,False,2027-02-01,July,Jul
2028-07-12,157,6,2028,23,1,,2028-07-16,2028-08-06,False,2027-02-01,July,Jul
2028-07-13,158,6,2028,23,1,,2028-07-16,2028-08-06,False,2027-02-01,July,Jul
2028-07-14,159,6,2028,23,1,,2028-07-16,2028-08-06,False,2027-02-01,July,Jul
2028-07-15,160,6,2028,23,1,,2028-07-16,2028-08-06,True,2027-02-01,July,Jul
2028-07-16,161,6,2028,23,1,,2028-07-16,2028-08-06,False,2027-02-01,July,Jul
2028-07-17,162,6,2028,24,1,,2028-07-23,2028-08-06,False,2027-02-01,July,Jul
2028-07-18,163,6,2028,24,1,,2028-07-23,2028-08-06,False,2027-02-01,July,Jul
2028-07-19,164,6,2028,24,1,,2028-07-23,2028-08-06,False,2027-02-01,July,Jul
2028-07-20,165,6,2028,24,1,,2028-07-23,2028-08-06,False,2027-02-01,July,Jul
2028-07-21,166,6,2028,24,1,,2028-07-23,2028-08-06,False,2027-02-01,July,Jul
2028-07-22,167,6,2028,24,1,,2028-07-23,2028-08-06,True,2027-02-01,July,Jul
2028-07-23,168,6,2028,24,1,,2028-07-23,2028-08-06,False,2027-02-01,July,Jul
2028-07-24,169,6,2028,25,1,,2028-07-30,2028-08-06,False,2027-02-01,July,Jul
2028-07-25,170,6,2028,25,1,,2028-07-30,2028-08-06,False,2027-02-01,July,Jul
2028-07-26,171,6,2028,25,1,,2028-07-30,2028-08-06,False,2027-02-01,July,Jul
2028-07-27,172,6,2028,25,1,,2028-07-30,2028-08-06,False,2027-02-01,July,Jul
2028-07-28,173,6,2028,25,1,,2028-07-30,2028-08-06,False,2027-02-01,July,Jul
2028-07-29,174,6,2028,25,1,,2028-07-30,2028-08-06,True,2027-02-01,July,Jul
2028-07-30,175,6,2028,25,1,,2028-07-30,2028-08-06,False,2027-02-01,July,Jul
2028-07-31,176,6,2028,26,1,2028-08-06,2028-08-06,2028-08-06,False,2027-02-01,July,Jul
2028-08-01,177,6,2028,26,1,2028-08-06,2028-08-06,2028-08-06,False,2027-02-01,August,Aug
2028-08-02,178,6,2028,26,1,2028-08-06,2028-08-06,2028-08-06,False,2027-02-01,August,Aug
2028-08-03,179,6,2028,26,1,2028-08-06,2028-08-06,2028-08-06,False,2027-02-01,August,Aug
2028-08-04,180,6,2028,26,1,2028-08-06,2028-08-06,2028-08-06,False,2027-02-01,August,Aug
2028-08-05,181,6,2028,26,1,2028-08-06,2028-08-06,2028-08-06,True,2027-02-01,August,Aug
2028-08-06,182,6,2028,26,1,2028-08-06,2028-08-06,2028-08-06,False,2027-02-01,August,Aug
2028-08-07,183,7,2028,27,2,,2028-08-13,2029-02-04,False,2027-02-01,August,Aug
2028-08-08,184,7,2028,27,2,,2028-08-13,2029-02-04,False,2027-02-01,August,Aug
2028-08-09,185,7,2028,27,2,,2028-08-13,2029-02-04,False,2027-02-01,August,Aug
2028-08-10,186,7,2028,27,2,,2028-08-13,2029-02-04,False,2027-02-01,August,Aug
2028-08-11,187,7,2028,27,2,,2028-08-13,2029-02-04,False,2027-02-01,August,Aug
2028-08-12,188,7,2028,27,2,,2028-08-13,2029-02-04,True,2027-02-01,August,Aug
2028-08-13,189,7,2028,27,2,,2028-08-13,2029-02-04,False,2027-02-01,August,Aug
2028-08-14,190,7,2028,28,2,,2028-08-20,2029-02-04,False,2027-02-01,August,Aug
2028-08-15,191,7,2028,28,2,,2028-08-20,2029-02-04,False,2027-02-01,August,Aug
2028-08-16,192,7,2028,28,2,,2028-08-20,2029-02-04,False,2027-02-01,August,Aug
2028-08-17,193,7,2028,28,2,,2028-08-20,2029-02-04,False,2027-02-01,August,Aug
2028-08-18,194,7,2028,28,2,,2028-08-20,2029-02-04,False,2027-02-01,August,Aug
2028-08-19,195,7,2028,28,2,,2028-08-20,2029-02-04,True,2027-02-01,August,Aug
2028-08-20,196,7,2028,28,2,,2028-08-20,2029-02-04,False,2027-02-01,August,Aug
2028-08-21,197,7,2028,29,2,,2028-08-27,2029-02-04,False,2027-02-01,August,Aug
2028-08-22,198,7,2028,29,2,,2028-08-27,2029-02-04,False,2027-02-01,August,Aug
2028-08-23,199,7,2028,29,2,,2028-08-27,2029-02-04,False,2027-02-01,August,Aug
2028-08-24,200,7,2028,29,2,,2028-08-27,2029-02-04,False,2027-02-01,August,Aug
2028-08-25,201,7,2028,29,2,,2028-08-27,2029-02-04,False,2027-02-01,August,Aug
2028-08-26,202,7,2028,29,2,,2028-08-27,2029-02-04,True,2027-02-01,August,Aug
2028-08-27,203,7,2028,29,2,,2028-08-27,2029-02-04,False,2027-02-01,August,Aug
2028-08-28,204,7,2028,30,2,2028-09-03,2028-09-03,2029-02-04,False,2027-02-01,August,Aug
2028-08-29,205,7,2028,30,2,2028-09-03,2028-09-03,2029-02-04,False,2027-02-01,August,Aug
2028-08-30,206,7,2028,30,2,2028-09-03,2028-09-03,2029-02-04,False,2027-02-01,August,Aug
2028-08-31,207,7,2028,30,2,2028-09-03,2028-09-03,2029-02-04,False,2027-02-01,August,Aug
2028-09-01,208,7,2028,30,2,2028-09-03,2028-09-03,2029-02-04,False,2027-02-01,September,Sep
2028-09-02,209,7,2028,30,2,2028-09-03,2028-09-03,2029-02-04,True,2027-02-01,September,Sep
2028-09-03,210,7,2028,30,2,2028-09-03,2028-09-03,2029-02-04,False,2027-02-01,September,Sep
2028-09-04,211,8,2028,31,2,,2028-09-10,2029-02-04,False,2027-02-01,September,Sep
2028-09-05,212,8,2028,31,2,,2028-09-10,2029-02-04,False,2027-02-01,September,Sep
2028-09-06,213,8,2028,31,2,,2028-09-10,2029-02-04,False,2027-02-01,September,Sep
2028-09-07,214,8,2028,31,2,,2028-09-10,2029-02-04,False,2027-02-01,September,Sep
2028-09-08,215,8,2028,31,2,,2028-09-10,2029-02-04,False,2027-02-01,September,Sep
2028-09-09,216,8,2028,31,2,,2028-09-10,2029-02-04,True,2027-02-01,September,Sep
2028-09-10,217,8,2028,31,2,,2028-09-10,2029-02-04,False,2027-02-01,September,Sep
2028-09-11,218,8,2028,32,2,,2028-09-17,2029-02-04,False,2027-02-01,September,Sep
2028-09-12,219,8,2028,32,2,,2028-09-17,2029-02-04,False,2027-02-01,September,Sep
2028-09-13,220,8,2028,32,2,,2028-09-17,2029-02-04,False,2027-02-01,September,Sep
2028-09-14,221,8,2028,32,2,,2028-09-17,2029-02-04,False,2027-02-01,September,Sep
2028-09-15,222,8,2028,32,2,,2028-09-17,2029-02-04,False,2027-02-01,September,Sep
2028-09-16,223,8,2028,32,2,,2028-09-17,2029-02-04,True,2027-02-01,September,Sep
2028-09-17,224,8,2028,32,2,,2028-09-17,2029-02-04,False,2027-02-01,September,Sep
2028-09-18,225,8,2028,33,2,,2028-09-24,2029-02-04,False,2027-02-01,September,Sep
2028-09-19,226,8,2028,33,2,,2028-09-24,2029-02-04,False,2027-02-01,September,Sep
2028-09-20,227,8,2028,33,2,,2028-09-24,2029-02-04,False,2027-02-01,September,Sep
2028-09-21,228,8,2028,33,2,,2028-09-24,2029-02-04,False,2027-02-01,September,Sep
2028-09-22,229,8,2028,33,2,,2028-09-24,2029-02-04,False,2027-02-01,September,Sep
2028-09-23,230,8,2028,33,2,,2028-09-24,2029-02-04,True,2027-02-01,September,Sep
2028-09-24,231,8,2028,33,2,,2028-09-24,2029-02-04,False,2027-02-01,September,Sep
2028-09-25,232,8,2028,34,2,2028-10-01,2028-10-01,2029-02-04,False,2027-02-01,September,Sep
2028-09-26,233,8,2028,34,2,2028-10-01,2028-10-01,2029-02-04,False,2027-02-01,September,Sep
2028-09-27,234,8,2028,34,2,2028-10-01,2028-10-01,2029-02-04,False,2027-02-01,September,Sep
2028-09-28,235,8,2028,34,2,2028-10-01,2028-10-01,2029-02-04,False,2027-02-01,September,Sep
2028-09-29,236,8,2028,34,2,2028-10-01,2028-10-01,2029-02-04,False,2027-02-01,September,Sep
2028-09-30,237,8,2028,34,2,2028-10-01,2028-10-01,2029-02-04,True,2027-02-01,September,Sep
2028-10-01,238,8,2028,34,2,2028-10-01,2028-10-01,2029-02-04,False,2027-02-01,October,Oct
2028-10-02,239,9,2028,35,2,,2028-10-08,2029-02-04,False,2027-02-01,October,Oct
2028-10-03,240,9,2028,35,2,,2028-10-08,2029-02-04,False,2027-02-01,October,Oct
2028-10-04,241,9,2028,35,2,,2028-10-08,2029-02-04,False,2027-02-01,October,Oct
2028-10-05,242,9,2028,35,2,,2028-10-08,2029-02-04,False,2027-02-01,October,Oct
2028-10-06,243,9,2028,35,2,,2028-10-08,2029-02-04,False,2027-02-01,October,Oct
2028-10-07,244,9,2028,35,2,,2028-10-08,2029-02-04,True,2027-02-01,October,Oct
2028-10-08,245,9,2028,35,2,,2028-10-08,2029-02-04,False,2027-02-01,October,Oct
2028-10-09,246,9,2028,36,2,,2028-10-15,2029-02-04,False,2027-02-01,October,Oct
2028-10-10,247,9,2028,36,2,,2028-10-15,2029-02-04,False,2027-02-01,October,Oct
2028-10-11,248,9,2028,36,2,,2028-10-15,2029-02-04,False,2027-02-01,October,Oct
2028-10-12,249,9,2028,36,2,,2028-10-15,2029-02-04,False,2027-02-01,October,Oct
2028-10-13,250,9,2028,36,2,,2028-10-15,2029-02-04,False,2027-02-01,October,Oct
2028-10-14,251,9,2028,36,2,,2028-10-15,2029-02-04,True,2027-02-01,October,Oct
2028-10-15,252,9,2028,36,2,,2028-10-15,2029-02-04,False,2027-02-01,October,Oct
2028-10-16,253,9,2028,37,2,,2028-10-22,2029-02-04,False,2027-02-01,October,Oct
2028-10-17,254,9,2028,37,2,,2028-10-22,2029-02-04,False,2027-02-01,October,Oct
2028-10-18,255,9,2028,37,2,,2028-10-22,2029-02-04,False,2027-02-01,October,Oct
2028-10-19,256,9,2028,37,2,,2028-10-22,2029-02-04,False,2027-02-01,October,Oct
2028-10-20,257,9,2028,37,2,,2028-10-22,2029-02-04,False,2027-02-01,October,Oct
2028-10-21,258,9,2028,37,2,,2028-10-22,2029-02-04,True,2027-02-01,October,Oct
2028-10-22,259,9,2028,37,2,,2028-10-22,2029-02-04,False,2027-02-01,October,Oct
2028-10-23,260,9,2028,38,2,,2028-10-29,2029-02-04,False,2027-02-01,October,Oct
2028-10-24,261,9,2028,38,2,,2028-10-29,2029-02-04,False,2027-02-01,October,Oct
2028-10-25,262,9,2028,38,2,,2028-10-29,2029-02-04,False,2027-02-01,October,Oct
2028-10-26,263,9,2028,38,2,,2028-10-29,2029-02-04,False,2027-02-01,October,Oct
2028-10-27,264,9,2028,38,2,,2028-10-29,2029-02-04,False,2027-02-01,October,Oct
2028-10-28,265,9,2028,38,2,,2028-10-29,2029-02-04,True,2027-02-01,October,Oct
2028-10-29,266,9,2028,38,2,,2028-10-29,2029-02-04,False,2027-02-01,October,Oct
2028-10-30,267,9,2028,39,2,2028-11-05,2028-11-05,2029-02-04,False,2027-02-01,October,Oct
2028-10-31,268,9,2028,39,2,2028-11-05,2028-11-05,2029-02-04,False,2027-02-01,October,Oct
2028-11-01,269,9,2028,39,2,2028-11-05,2028-11-05,2029-02-04,False,2027-02-01,November,Nov
2028-11-02,270,9,2028,39,2,2028-11-05,2028-11-05,2029-02-04,False,2027-02-01,November,Nov
2028-11-03,271,9,2028,39,2,2028-11-05,2028-11-05,2029-02-04,False,2027-02-01,November,Nov
2028-11-04,272,9,2028,39,2,2028-11-05,2028-11-05,2029-02-04,True,2027-02-01,November,Nov
2028-11-05,273,9,2028,39,2,2028-11-05,2028-11-05,2029-02-04,False,2027-02-01,November,Nov
2028-11-06,274,10,2028,40,2,,2028-11-12,2029-02-04,False,2027-02-01,November,Nov
2028-11-07,275,10,2028,40,2,,2028-11-12,2029-02-04,False,2027-02-01,November,Nov
2028-11-08,276,10,2028,40,2,,2028-11-12,2029-02-04,False,2027-02-01,November,Nov
2028-11-09,277,10,2028,40,2,,2028-11-12,2029-02-04,False,2027-02-01,November,Nov
2028-11-10,278,10,2028,40,2,,2028-11-12,2029-02-04,False,2027-02-01,November,Nov
2028-11-11,279,10,2028,40,2,,2028-11-12,2029-02-04,True,2027-02-01,November,Nov
2028-11-12,280,10,2028,40,2,,2028-11-12,2029-02-04,False,2027-02-01,November,Nov
2028-11-13,281,10,2028,41,2,,2028-11-19,2029-02-04,False,2027-02-01,November,Nov
2028-11-14,282,10,2028,41,2,,2028-11-19,2029-02-04,False,2027-02-01,November,Nov
2028-11-15,283,10,2028,41,2,,2028-11-19,2029-02-04,False,2027-02-01,November,Nov
2028-11-16,284,10,2028,41,2,,2028-11-19,2029-02-04,False,2027-02-01,November,Nov
2028-11-17,285,10,2028,41,2,,2028-11-19,2029-02-04,False,2027-02-01,November,Nov
2028-11-18,286,10,2028,41,2,,2028-11-19,2029-02-04,True,2027-02-01,November,Nov
2028-11-19,287,10,2028,41,2,,2028-11-19,2029-02-04,False,2027-02-01,November,Nov
2028-11-20,288,10,2028,42,2,,2028-11-26,2029-02-04,False,2027-02-01,November,Nov
2028-11-21,289,10,2028,42,2,,2028-11-26,2029-02-04,False,2027-02-01,November,Nov
2028-11-22,290,10,2028,42,2,,2028-11-26,2029-02-04,False,2027-02-01,November,Nov
2028-11-23,291,10,2028,42,2,,2028-11-26,2029-02-04,False,2027-02-01,November,Nov
2028-11-24,292,10,2028,42,2,,2028-11-26,2029-02-04,False,2027-02-01,November,Nov
2028-11-25,293,10,2028,42,2,,2028-11-26,2029-02-04,True,2027-02-01,November,Nov
2028-11-26,294,10,2028,42,2,,2028-11-26,2029-02-04,False,2027-02-01,November,Nov
2028-11-27,295,10,2028,43,2,2028-12-03,2028-12-03,2029-02-04,False,2027-02-01,November,Nov
2028-11-28,296,10,2028,43,2,2028-12-03,2028-12-03,2029-02-04,False,2027-02-01,November,Nov
2028-11-29,297,10,2028,43,2,2028-12-03,2028-12-03,2029-02-04,False,2027-02-01,November,Nov
2028-11-30,298,10,2028,43,2,2028-12-03,2028-12-03,2029-02-04,False,2027-02-01,November,Nov
2028-12-01,299,10,2028,43,2,2028-12-03,2028-12-03,2029-02-04,False,2027-02-01,December,Dec
2028-12-02,300,10,2028,43,2,2028-12-03,2028-12-03,2029-02-04,True,2027-02-01,December,Dec
2028-12-03,301,10,2028,43,2,2028-12-03,2028-12-03,2029-02-04,False,2027-02-01,December,Dec
2028-12-04,302,11,2028,44,2,,2028-12-10,2029-02-04,False,2027-02-01,December,Dec
2028-12-05,303,11,2028,44,2,,2028-12-10,2029-02-04,False,2027-02-01,December,Dec
2028-12-06,304,11,2028,44,2,,2028-12-10,2029-02-04,False,2027-02-01,December,Dec
2028-12-07,305,11,2028,44,2,,2028-12-10,2029-02-04,False,2027-02-01,December,Dec
2028-12-08,306,11,2028,44,2,,2028-12-10,2029-02-04,False,2027-02-01,December,Dec
2028-12-09,307,11,2028,44,2,,2028-12-10,2029-02-04,True,2027-02-01,December,Dec
2028-12-10,308,11,2028,44,2,,2028-12-10,2029-02-04,False,2027-02-01,December,Dec
2028-12-11,309,11,2028,45,2,,2028-12-17,2029-02-04,False,2027-02-01,December,Dec
2028-12-12,310,11,2028,45,2,,2028-12-17,2029-02-04,False,2027-02-01,December,Dec
2028-12-13,311,11,2028,45,2,,2028-12-17,2029-02-04,False,2027-02-01,December,Dec
2028-12-14,312,11,2028,45,2,,2028-12-17,2029-02-04,False,2027-02-01,December,Dec
2028-12-15,313,11,2028,45,2,,2028-12-17,2029-02-04,False,2027-02-01,December,Dec
2028-12-16,314,11,2028,45,2,,2028-12-17,2029-02-04,True,2027-02-01,December,Dec
2028-12-17,315,11,2028,45,2,,2028-12-17,2029-02-04,False,2027-02-01,December,Dec
2028-12-18,316,11,2028,46,2,,2028-12-24,2029-02-04,False,2027-02-01,December,Dec
2028-12-19,317,11,2028,46,2,,2028-12-24,2029-02-04,False,2027-02-01,December,Dec
2028-12-20,318,11,2028,46,2,,2028-12-24,2029-02-04,False,2027-02-01,December,Dec
2028-12-21,319,11,2028,46,2,,2028-12-24,2029-02-04,False,2027-02-01,December,Dec
2028-12-22,320,11,2028,46,2,,2028-12-24,2029-02-04,False,2027-02-01,December,Dec
2028-12-23,321,11,2028,46,2,,2028-12-24,2029-02-04,True,2027-02-01,December,Dec
2028-12-24,322,11,2028,46,2,,2028-12-24,2029-02-04,False,2027-02-01,December,Dec
2028-12-25,323,11,2028,47,2,2028-12-31,2028-12-31,2029-02-04,False,2027-02-01,December,Dec
2028-12-26,324,11,2028,47,2,2028-12-31,2028-12-31,2029-02-04,False,2027-02-01,December,Dec
2028-12-27,325,11,2028,47,2,2028-12-31,2028-12-31,2029-02-04,False,2027-02-01,December,Dec
2028-12-28,326,11,2028,47,2,2028-12-31,2028-12-31,2029-02-04,False,2027-02-01,December,Dec
2028-12-29,327,11,2028,47,2,2028-12-31,2028-12-31,2029-02-04,False,2027-02-01,December,Dec
2028-12-30,328,11,2028,47,2,2028-12-31,2028-12-31,2029-02-04,True,2027-02-01,December,Dec
2028-12-31,329,11,2028,47,2,2028-12-31,2028-12-31,2029-02-04,False,2027-02-01,December,Dec
2029-01-01,330,12,2028,48,2,,2029-01-07,2029-02-04,False,2027-02-01,January,Jan
2029-01-02,331,12,2028,48,2,,2029-01-07,2029-02-04,False,2027-02-01,January,Jan
2029-01-03,332,12,2028,48,2,,2029-01-07,2029-02-04,False,2027-02-01,January,Jan
2029-01-04,333,12,2028,48,2,,2029-01-07,2029-02-04,False,2027-02-01,January,Jan
2029-01-05,334,12,2028,48,2,,2029-01-07,2029-02-04,False,2027-02-01,January,Jan
2029-01-06,335,12,2028,48,2,,2029-01-07,2029-02-04,True,2027-02-01,January,Jan
2029-01-07,336,12,2028,48,2,,2029-01-07,2029-02-04,False,2027-02-01,January,Jan
2029-01-08,337,12,2028,49,2,,2029-01-14,2029-02-04,False,2027-02-01,January,Jan
2029-01-09,338,12,2028,49,2,,2029-01-14,2029-02-04,False,2027-02-01,January,Jan
2029-01-10,339,12,2028,49,2,,2029-01-14,2029-02-04,False,2027-02-01,January,Jan
2029-01-11,340,12,2028,49,2,,2029-01-14,2029-02-04,False,2027-02-01,January,Jan
2029-01-12,341,12,2028,49,2,,2029-01-14,2029-02-04,False,2027-02-01,January,Jan
2029-01-13,342,12,2028,49,2,,2029-01-14,2029-02-04,True,2027-02-01,January,Jan
2029-01-14,343,12,2028,49,2,,2029-01-14,2029-02-04,False,2027-02-01,January,Jan
2029-01-15,344,12,2028,50,2,,2029-01-21,2029-02-04,False,2027-02-01,January,Jan
2029-01-16,345,12,2028,50,2,,2029-01-21,2029-02-04,False,2027-02-01,January,Jan
2029-01-17,346,12,2028,50,2,,2029-01-21,2029-02-04,False,2027-02-01,January,Jan
2029-01-18,347,12,2028,50,2,,2029-01-21,2029-02-04,False,2027-02-01,January,Jan
2029-01-19,348,12,2028,50,2,,2029-01-21,2029-02-04,False,2027-02-01,January,Jan
2029-01-20,349,12,2028,50,2,,2029-01-21,2029-02-04,True,2027-02-01,January,Jan
2029-01-21,350,12,2028,50,2,,2029-01-21,2029-02-04,False,2027-02-01,January,Jan
2029-01-22,351,12,2028,51,2,,2029-01-28,2029-02-04,False,2027-02-01,January,Jan
2029-01-23,352,12,2028,51,2,,2029-01-28,2029-02-04,False,2027-02-01,January,Jan
2029-01-24,353,12,2028,51,2,,2029-01-28,2029-02-04,False,2027-02-01,January,Jan
2029-01-25,354,12,2028,51,2,,2029-01-28,2029-02-04,False,2027-02-01,January,Jan
2029-01-26,355,12,2028,51,2,,2029-01-28,2029-02-04,False,2027-02-01,January,Jan
2029-01-27,356,12,2028,51,2,,2029-01-28,2029-02-04,True,2027-02-01,January,Jan
2029-01-28,357,12,2028,51,2,,2029-01-28,2029-02-04,False,2027-02-01,January,Jan
2029-01-29,358,12,2028,52,2,2029-02-04,2029-02-04,2029-02-04,False,2027-02-01,January,Jan
2029-01-30,359,12,2028,52,2,2029-02-04,2029-02-04,2029-02-04,False,2027-02-01,January,Jan
2029-01-31,360,12,2028,52,2,2029-02-04,2029-02-04,2029-02-04,False,2027-02-01,January,Jan
2029-02-01,361,12,2028,52,2,2029-02-04,2029-02-04,2029-02-04,False,2027-02-01,February,Feb
2029-02-02,362,12,2028,52,2,2029-02-04,2029-02-04,2029-02-04,False,2027-02-01,February,Feb
2029-02-03,363,12,2028,52,2,2029-02-04,2029-02-04,2029-02-04,True,2027-02-01,February,Feb
2029-02-04,364,12,2028,52,2,2029-02-04,2029-02-04,2029-02-04,False,2027-02-01,February,Feb
2029-02-05,1,1,2029,1,1,,2029-02-11,2029-08-05,False,2028-02-07,February,Feb
2029-02-06,2,1,2029,1,1,,2029-02-11,2029-08-05,False,2028-02-07,February,Feb
2029-02-07,3,1,2029,1,1,,2029-02-11,2029-08-05,False,2028-02-07,February,Feb
2029-02-08,4,1,2029,1,1,,2029-02-11,2029-08-05,False,2028-02-07,February,Feb
2029-02-09,5,1,2029,1,1,,2029-02-11,2029-08-05,False,2028-02-07,February,Feb
2029-02-10,6,1,2029,1,1,,2029-02-11,2029-08-05,True,2028-02-07,February,Feb
2029-02-11,7,1,2029,1,1,,2029-02-11,2029-08-05,False,2028-02-07,February,Feb
2029-02-12,8,1,2029,2,1,,2029-02-18,2029-08-05,False,2028-02-07,February,Feb
2029-02-13,9,1,2029,2,1,,2029-02-18,2029-08-05,False,2028-02-07,February,Feb
2029-02-14,10,1,2029,2,1,,2029-02-18,2029-08-05,False,2028-02-07,February,Feb
2029-02-15,11,1,2029,2,1,,2029-02-18,2029-08-05,False,2028-02-07,February,Feb
2029-02-16,12,1,2029,2,1,,2029-02-18,2029-08-05,False,2028-02-07,February,Feb
2029-02-17,13,1,2029,2,1,,2029-02-18,2029-08-05,True,2028-02-07,February,Feb
2029-02-18,14,1,2029,2,1,,2029-02-18,2029-08-05,False,2028-02-07,February,Feb
2029-02-19,15,1,2029,3,1,,2029-02-25,2029-08-05,False,2028-02-07,February,Feb
2029-02-20,16,1,2029,3,1,,2029-02-25,2029-08-05,False,2028-02-07,February,Feb
2029-02-21,17,1,2029,3,1,,2029-02-25,2029-08-05,False,2028-02-07,February,Feb
2029-02-22,18,1,2029,3,1,,2029-02-25,2029-08-05,False,2028-02-07,February,Feb
2029-02-23,19,1,2029,3,1,,2029-02-25,2029-08-05,False,2028-02-07,February,Feb
2029-02-24,20,1,2029,3,1,,2029-02-25,2029-08-05,True,2028-02-07,February,Feb
2029-02-25,21,1,2029,3,1,,2029-02-25,2029-08-05,False,2028-02-07,February,Feb
2029-02-26,22,1,2029,4,1,2029-03-04,2029-03-04,2029-08-05,False,2028-02-07,February,Feb
2029-02-27,23,1,2029,4,1,2029-03-04,2029-03-04,2029-08-05,False,2028-02-07,February,Feb
2029-02-28,24,1,2029,4,1,2029-03-04,2029-03-04,2029-08-05,False,2028-02-07,February,Feb
2029-03-01,25,1,2029,4,1,2029-03-04,2029-03-04,2029-08-05,False,2028-02-07,March,Mar
2029-03-02,26,1,2029,4,1,2029-03-04,2029-03-04,2029-08-05,False,2028-02-07,March,Mar
2029-03-03,27,1,2029,4,1,2029-03-04,2029-03-04,2029-08-05,True,2028-02-07,March,Mar
2029-03-04,28,1,2029,4,1,2029-03-04,2029-03-04,2029-08-05,False,2028-02-07,March,Mar
2029-03-05,29,2,2029,5,1,,2029-03-11,2029-08-05,False,2028-02-07,March,Mar
2029-03-06,30,2,2029,5,1,,2029-03-11,2029-08-05,False,2028-02-07,March,Mar
2029-03-07,31,2,2029,5,1,,2029-03-11,2029-08-05,False,2028-02-07,March,Mar
2029-03-08,32,2,2029,5,1,,2029-03-11,2029-08-05,False,2028-02-07,March,Mar
2029-03-09,33,2,2029,5,1,,2029-03-11,2029-08-05,False,2028-02-07,March,Mar
2029-03-10,34,2,2029,5,1,,2029-03-11,2029-08-05,True,2028-02-07,March,Mar
2029-03-11,35,2,2029,5,1,,2029-03-11,2029-08-05,False,2028-02-07,March,Mar
2029-03-12,36,2,2029,6,1,,2029-03-18,2029-08-05,False,2028-02-07,March,Mar
2029-03-13,37,2,2029,6,1,,2029-03-18,2029-08-05,False,2028-02-07,March,Mar
2029-03-14,38,2,2029,6,1,,2029-03-18,2029-08-05,False,2028-02-07,March,Mar
2029-03-15,39,2,2029,6,1,,2029-03-18,2029-08-05,False,2028-02-07,March,Mar
2029-03-16,40,2,2029,6,1,,2029-03-18,2029-08-05,False,2028-02-07,March,Mar
2029-03-17,41,2,2029,6,1,,2029-03-18,2029-08-05,True,2028-02-07,March,Mar
2029-03-18,42,2,2029,6,1,,2029-03-18,2029-08-05,False,2028-02-07,March,Mar
2029-03-19,43,2,2029,7,1,,2029-03-25,2029-08-05,False,2028-02-07,March,Mar
2029-03-20,44,2,2029,7,1,,2029-03-25,2029-08-05,False,2028-02-07,March,Mar
2029-03-21,45,2,2029,7,1,,2029-03-25,2029-08-05,False,2028-02-07,March,Mar
2029-03-22,46,2,2029,7,1,,2029-03-25,2029-08-05,False,2028-02-07,March,Mar
2029-03-23,47,2,2029,7,1,,2029-03-25,2029-08-05,False,2028-02-07,March,Mar
2029-03-24,48,2,2029,7,1,,2029-03-25,2029-08-05,True,2028-02-07,March,Mar
2029-03-25,49,2,2029,7,1,,2029-03-25,2029-08-05,False,2028-02-07,March,Mar
2029-03-26,50,2,2029,8,1,2029-04-01,2029-04-01,2029-08-05,False,2028-02-07,March,Mar
2029-03-27,51,2,2029,8,1,2029-04-01,2029-04-01,2029-08-05,False,2028-02-07,March,Mar
2029-03-28,52,2,2029,8,1,2029-04-01,2029-04-01,2029-08-05,False,2028-02-07,March,Mar
2029-03-29,53,2,2029,8,1,2029-04-01,2029-04-01,2029-08-05,False,2028-02-07,March,Mar
2029-03-30,54,2,2029,8,1,2029-04-01,2029-04-01,2029-08-05,False,2028-02-07,March,Mar
2029-03-31,55,2,2029,8,1,2029-04-01,2029-04-01,2029-08-05,True,2028-02-07,March,Mar
2029-04-01,56,2,2029,8,1,2029-04-01,2029-04-01,2029-08-05,False,2028-02-07,April,Apr
2029-04-02,57,3,2029,9,1,,2029-04-08,2029-08-05,False,2028-02-07,April,Apr
2029-04-03,58,3,2029,9,1,,2029-04-08,2029-08-05,False,2028-02-07,April,Apr
2029-04-04,59,3,2029,9,1,,2029-04-08,2029-08-05,False,2028-02-07,April,Apr
2029-04-05,60,3,2029,9,1,,2029-04-08,2029-08-05,False,2028-02-07,April,Apr
2029-04-06,61,3,2029,9,1,,2029-04-08,2029-08-05,False,2028-02-07,April,Apr
2029-04-07,62,3,2029,9,1,,2029-04-08,2029-08-05,True,2028-02-07,April,Apr
2029-04-08,63,3,2029,9,1,,2029-04-08,2029-08-05,False,2028-02-07,April,Apr
2029-04-09,64,3,2029,10,1,,2029-04-15,2029-08-05,False,2028-02-07,April,Apr
2029-04-10,65,3,2029,10,1,,2029-04-15,2029-08-05,False,2028-02-07,April,Apr
2029-04-11,66,3,2029,10,1,,2029-04-15,2029-08-05,False,2028-02-07,April,Apr
2029-04-12,67,3,2029,10,1,,2029-04-15,2029-08-05,False,2028-02-07,April,Apr
2029-04-13,68,3,2029,10,1,,2029-04-15,2029-08-05,False,2028-02-07,April,Apr
2029-04-14,69,3,2029,10,1,,2029-04-15,2029-08-05,True,2028-02-07,April,Apr
2029-04-15,70,3,2029,10,1,,2029-04-15,2029-08-05,False,2028-02-07,April,Apr
2029-04-16,71,3,2029,11,1,,2029-04-22,2029-08-05,False,2028-02-07,April,Apr
2029-04-17,72,3,2029,11,1,,2029-04-22,2029-08-05,False,2028-02-07,April,Apr
2029-04-18,73,3,2029,11,1,,2029-04-22,2029-08-05,False,2028-02-07,April,Apr
2029-04-19,74,3,2029,11,1,,2029-04-22,2029-08-05,False,2028-02-07,April,Apr
2029-04-20,75,3,2029,11,1,,2029-04-22,2029-08-05,False,2028-02-07,April,Apr
2029-04-21,76,3,2029,11,1,,2029-04-22,2029-08-05,True,2028-02-07,April,Apr
2029-04-22,77,3,2029,11,1,,2029-04-22,2029-08-05,False,2028-02-07,April,Apr
2029-04-23,78,3,2029,12,1,,2029-04-29,2029-08-05,False,2028-02-07,April,Apr
2029-04-24,79,3,2029,12,1,,2029-04-29,2029-08-05,False,2028-02-07,April,Apr
2029-04-25,80,3,2029,12,1,,2029-04-29,2029-08-05,False,2028-02-07,April,Apr
2029-04-26,81,3,2029,12,1,,2029-04-29,2029-08-05,False,2028-02-07,April,Apr
2029-04-27,82,3,2029,12,1,,2029-04-29,2029-08-05,False,2028-02-07,April,Apr
2029-04-28,83,3,2029,12,1,,2029-04-29,2029-08-05,True,2028-02-07,April,Apr
2029-04-29,84,3,2029,12,1,,2029-04-29,2029-08-05,False,2028-02-07,April,Apr
2029-04-30,85,3,2029,13,1,2029-05-06,2029-05-06,2029-08-05,False,2028-02-07,April,Apr
2029-05-01,86,3,2029,13,1,2029-05-06,2029-05-06,2029-08-05,False,2028-02-07,May,May
2029-05-02,87,3,2029,13,1,2029-05-06,2029-05-06,2029-08-05,False,2028-02-07,May,May
2029-05-03,88,3,2029,13,1,2029-05-06,2029-05-06,2029-08-05,False,2028-02-07,May,May
2029-05-04,89,3,2029,13,1,2029-05-06,2029-05-06,2029-08-05,False,2028-02-07,May,May
2029-05-05,90,3,2029,13,1,2029-05-06,2029-05-06,2029-08-05,True,2028-02-07,May,May
2029-05-06,91,3,2029,13,1,2029-05-06,2029-05-06,2029-08-05,False,2028-02-07,May,May
2029-05-07,92,4,2029,14,1,,2029-05-13,2029-08-05,False,2028-02-07,May,May
2029-05-08,93,4,2029,14,1,,2029-05-13,2029-08-05,False,2028-02-07,May,May
2029-05-09,94,4,2029,14,1,,2029-05-13,2029-08-05,False,2028-02-07,May,May
2029-05-10,95,4,2029,14,1,,2029-05-13,2029-08-05,False,2028-02-07,May,May
2029-05-11,96,4,2029,14,1,,2029-05-13,2029-08-05,False,2028-02-07,May,May
2029-05-12,97,4,2029,14,1,,2029-05-13,2029-08-05,True,2028-02-07,May,May
2029-05-13,98,4,2029,14,1,,2029-05-13,2029-08-05,False,2028-02-07,May,May
2029-05-14,99,4,2029,15,1,,2029-05-20,2029-08-05,False,2028-02-07,May,May
2029-05-15,100,4,2029,15,1,,2029-05-20,2029-08-05,False,2028-02-07,May,May
2029-05-16,101,4,2029,15,1,,2029-05-20,2029-08-05,False,2028-02-07,May,May
2029-05-17,102,4,2029,15,1,,2029-05-20,2029-08-05,False,2028-02-07,May,May
2029-05-18,103,4,2029,15,1,,2029-05-20,2029-08-05,False,2028-02-07,May,May
2029-05-19,104,4,2029,15,1,,2029-05-20,2029-08-05,True,2028-02-07,May,May
2029-05-20,105,4,2029,15,1,,2029-05-20,2029-08-05,False,2028-02-07,May,May
2029-05-21,106,4,2029,16,1,,2029-05-27,2029-08-05,False,2028-02-07,May,May
2029-05-22,107,4,2029,16,1,,2029-05-27,2029-08-05,False,2028-02-07,May,May
2029-05-23,108,4,2029,16,1,,2029-05-27,2029-08-05,False,2028-02-07,May,May
2029-05-24,109,4,2029,16,1,,2029-05-27,2029-08-05,False,2028-02-07,May,May
2029-05-25,110,4,2029,16,1,,2029-05-27,2029-08-05,False,2028-02-07,May,May
2029-05-26,111,4,2029,16,1,,2029-05-27,2029-08-05,True,2028-02-07,May,May
2029-05-27,112,4,2029,16,1,,2029-05-27,2029-08-05,False,2028-02-07,May,May
2029-05-28,113,4,2029,17,1,2029-06-03,2029-06-03,2029-08-05,False,2028-02-07,May,May
2029-05-29,114,4,2029,17,1,2029-06-03,2029-06-03,2029-08-05,False,2028-02-07,May,May
2029-05-30,115,4,2029,17,1,2029-06-03,2029-06-03,2029-08-05,False,2028-02-07,May,May
2029-05-31,116,4,2029,17,1,2029-06-03,2029-06-03,2029-08-05,False,2028-02-07,May,May
2029-06-01,117,4,2029,17,1,2029-06-03,2029-06-03,2029-08-05,False,2028-02-07,June,Jun
2029-06-02,118,4,2029,17,1,2029-06-03,2029-06-03,2029-08-05,True,2028-02-07,June,Jun
2029-06-03,119,4,2029,17,1,2029-06-03,2029-06-03,2029-08-05,False,2028-02-07,June,Jun
2029-06-04,120,5,2029,18,1,,2029-06-10,2029-08-05,False,2028-02-07,June,Jun
2029-06-05,121,5,2029,18,1,,2029-06-10,2029-08-05,False,2028-02-07,June,Jun
2029-06-06,122,5,2029,18,1,,2029-06-10,2029-08-05,False,2028-02-07,June,Jun
2029-06-07,123,5,2029,18,1,,2029-06-10,2029-08-05,False,2028-02-07,June,Jun
2029-06-08,124,5,2029,18,1,,2029-06-10,2029-08-05,False,2028-02-07,June,Jun
2029-06-09,125,5,2029,18,1,,2029-06-10,2029-08-05,True,2028-02-07,June,Jun
2029-06-10,126,5,2029,18,1,,2029-06-10,2029-08-05,False,2028-02-07,June,Jun
2029-06-11,127,5,2029,19,1,,2029-06-17,2029-08-05,False,2028-02-07,June,Jun
2029-06-12,128,5,2029,19,1,,2029-06-17,2029-08-05,False,2028-02-07,June,Jun
2029-06-13,129,5,2029,19,1,,2029-06-17,2029-08-05,False,2028-02-07,June,Jun
2029-06-14,130,5,2029,19,1,,2029-06-17,2029-08-05,False,2028-02-07,June,Jun
2029-06-15,131,5,2029,19,1,,2029-06-17,2029-08-05,False,2028-02-07,June,Jun
2029-06-16,132,5,2029,19,1,,2029-06-17,2029-08-05,True,2028-02-07,June,Jun
2029-06-17,133,5,2029,19,1,,2029-06-17,2029-08-05,False,2028-02-07,June,Jun
2029-06-18,134,5,2029,20,1,,2029-06-24,2029-08-05,False,2028-02-07,June,Jun
2029-06-19,135,5,2029,20,1,,2029-06-24,2029-08-05,False,2028-02-07,June,Jun
2029-06-20,136,5,2029,20,1,,2029-06-24,2029-08-05,False,2028-02-07,June,Jun
2029-06-21,137,5,2029,20,1,,2029-06-24,2029-08-05,False,2028-02-07,June,Jun
2029-06-22,138,5,2029,20,1,,2029-06-24,2029-08-05,False,2028-02-07,June,Jun
2029-06-23,139,5,2029,20,1,,2029-06-24,2029-08-05,True,2028-02-07,June,Jun
2029-06-24,140,5,2029,20,1,,2029-06-24,2029-08-05,False,2028-02-07,June,Jun
2029-06-25,141,5,2029,21,1,2029-07-01,2029-07-01,2029-08-05,False,2028-02-07,June,Jun
2029-06-26,142,5,2029,21,1,2029-07-01,2029-07-01,2029-08-05,False,2028-02-07,June,Jun
2029-06-27,143,5,2029,21,1,2029-07-01,2029-07-01,2029-08-05,False,2028-02-07,June,Jun
2029-06-28,144,5,2029,21,1,2029-07-01,2029-07-01,2029-08-05,False,2028-02-07,June,Jun
2029-06-29,145,5,2029,21,1,2029-07-01,2029-07-01,2029-08-05,False,2028-02-07,June,Jun
2029-06-30,146,5,2029,21,1,2029-07-01,2029-07-01,2029-08-05,True,2028-02-07,June,Jun
2029-07-01,147,5,2029,21,1,2029-07-01,2029-07-01,2029-08-05,False,2028-02-07,July,Jul
2029-07-02,148,6,2029,22,1,,2029-07-08,2029-08-05,False,2028-02-07,July,Jul
2029-07-03,149,6,2029,22,1,,2029-07-08,2029-08-05,False,2028-02-07,July,Jul
2029-07-04,150,6,2029,22,1,,2029-07-08,2029-08-05,False,2028-02-07,July,Jul
2029-07-05,151,6,2029,22,1,,2029-07-08,2029-08-05,False,2028-02-07,July,Jul
2029-07-06,152,6,2029,22,1,,2029-07-08,2029-08-05,False,2028-02-07,July,Jul
2029-07-07,153,6,2029,22,1,,2029-07-08,2029-08-05,True,2028-02-07,July,Jul
2029-07-08,154,6,2029,22,1,,2029-07-08,2029-08-05,False,2028-02-07,July,Jul
2029-07-09,155,6,2029,23,1,,2029-07-15,2029-08-05,False,2028-02-07,July,Jul
2029-07-10,156,6,2029,23,1,,2029-07-15,2029-08-05,False,2028-02-07,July,Jul
2029-07-11,157,6,2029,23,1,,2029-07-15,2029-08-05,False,2028-02-07,July,Jul
2029-07-12,158,6,2029,23,1,,2029-07-15,2029-08-05,False,2028-02-07,July,Jul
2029-07-13,159,6,2029,23,1,,2029-07-15,2029-08-05,False,2028-02-07,July,Jul
2029-07-14,160,6,2029,23,1,,2029-07-15,2029-08-05,True,2028-02-07,July,Jul
2029-07-15,161,6,2029,23,1,,2029-07-15,2029-08-05,False,2028-02-07,July,Jul
2029-07-16,162,6,2029,24,1,,2029-07-22,2029-08-05,False,2028-02-07,July,Jul
2029-07-17,163,6,2029,24,1,,2029-07-22,2029-08-05,False,2028-02-07,July,Jul
2029-07-18,164,6,2029,24,1,,2029-07-22,2029-08-05,False,2028-02-07,July,Jul
2029-07-19,165,6,2029,24,1,,2029-07-22,2029-08-05,False,2028-02-07,July,Jul
2029-07-20,166,6,2029,24,1,,2029-07-22,2029-08-05,False,2028-02-07,July,Jul
2029-07-21,167,6,2029,24,1,,2029-07-22,2029-08-05,True,2028-02-07,July,Jul
2029-07-22,168,6,2029,24,1,,2029-07-22,2029-08-05,False,2028-02-07,July,Jul
2029-07-23,169,6,2029,25,1,,2029-07-29,2029-08-05,False,2028-02-07,July,Jul
2029-07-24,170,6,2029,25,1,,2029-07-29,2029-08-05,False,2028-02-07,July,Jul
2029-07-25,171,6,2029,25,1,,2029-07-29,2029-08-05,False,2028-02-07,July,Jul
2029-07-26,172,6,2029,25,1,,2029-07-29,2029-08-05,False,2028-02-07,July,Jul
2029-07-27,173,6,2029,25,1,,2029-07-29,2029-08-05,False,2028-02-07,July,Jul
2029-07-28,174,6,2029,25,1,,2029-07-29,2029-08-05,True,2028-02-07,July,Jul
2029-07-29,175,6,2029,25,1,,2029-07-29,2029-08-05,False,2028-02-07,July,Jul
2029-07-30,176,6,2029,26,1,2029-08-05,2029-08-05,2029-08-05,False,2028-02-07,July,Jul
2029-07-31,177,6,2029,26,1,2029-08-05,2029-08-05,2029-08-05,False,2028-02-07,July,Jul
2029-08-01,178,6,2029,26,1,2029-08-05,2029-08-05,2029-08-05,False,2028-02-07,August,Aug
2029-08-02,179,6,2029,26,1,2029-08-05,2029-08-05,2029-08-05,False,2028-02-07,August,Aug
2029-08-03,180,6,2029,26,1,2029-08-05,2029-08-05,2029-08-05,False,2028-02-07,August,Aug
2029-08-04,181,6,2029,26,1,2029-08-05,2029-08-05,2029-08-05,True,2028-02-07,August,Aug
2029-08-05,182,6,2029,26,1,2029-08-05,2029-08-05,2029-08-05,False,2028-02-07,August,Aug
2029-08-06,183,7,2029,27,2,,2029-08-12,2030-02-03,False,2028-02-07,August,Aug
2029-08-07,184,7,2029,27,2,,2029-08-12,2030-02-03,False,2028-02-07,August,Aug
2029-08-08,185,7,2029,27,2,,2029-08-12,2030-02-03,False,2028-02-07,August,Aug
2029-08-09,186,7,2029,27,2,,2029-08-12,2030-02-03,False,2028-02-07,August,Aug
2029-08-10,187,7,2029,27,2,,2029-08-12,2030-02-03,False,2028-02-07,August,Aug
2029-08-11,188,7,2029,27,2,,2029-08-12,2030-02-03,True,2028-02-07,August,Aug
2029-08-12,189,7,2029,27,2,,2029-08-12,2030-02-03,False,2028-02-07,August,Aug
2029-08-13,190,7,2029,28,2,,2029-08-19,2030-02-03,False,2028-02-07,August,Aug
2029-08-14,191,7,2029,28,2,,2029-08-19,2030-02-03,False,2028-02-07,August,Aug
2029-08-15,192,7,2029,28,2,,2029-08-19,2030-02-03,False,2028-02-07,August,Aug
2029-08-16,193,7,2029,28,2,,2029-08-19,2030-02-03,False,2028-02-07,August,Aug
2029-08-17,194,7,2029,28,2,,2029-08-19,2030-02-03,False,2028-02-07,August,Aug
2029-08-18,195,7,2029,28,2,,2029-08-19,2030-02-03,True,2028-02-07,August,Aug
2029-08-19,196,7,2029,28,2,,2029-08-19,2030-02-03,False,2028-02-07,August,Aug
2029-08-20,197,7,2029,29,2,,2029-08-26,2030-02-03,False,2028-02-07,August,Aug
2029-08-21,198,7,2029,29,2,,2029-08-26,2030-02-03,False,2028-02-07,August,Aug
2029-08-22,199,7,2029,29,2,,2029-08-26,2030-02-03,False,2028-02-07,August,Aug
2029-08-23,200,7,2029,29,2,,2029-08-26,2030-02-03,False,2028-02-07,August,Aug
2029-08-24,201,7,2029,29,2,,2029-08-26,2030-02-03,False,2028-02-07,August,Aug
2029-08-25,202,7,2029,29,2,,2029-08-26,2030-02-03,True,2028-02-07,August,Aug
2029-08-26,203,7,2029,29,2,,2029-08-26,2030-02-03,False,2028-02-07,August,Aug
2029-08-27,204,7,2029,30,2,2029-09-02,2029-09-02,2030-02-03,False,2028-02-07,August,Aug
2029-08-28,205,7,2029,30,2,2029-09-02,2029-09-02,2030-02-03,False,2028-02-07,August,Aug
2029-08-29,206,7,2029,30,2,2029-09-02,2029-09-02,2030-02-03,False,2028-02-07,August,Aug
2029-08-30,207,7,2029,30,2,2029-09-02,2029-09-02,2030-02-03,False,2028-02-07,August,Aug
2029-08-31,208,7,2029,30,2,2029-09-02,2029-09-02,2030-02-03,False,2028-02-07,August,Aug
2029-09-01,209,7,2029,30,2,2029-09-02,2029-09-02,2030-02-03,True,2028-02-07,September,Sep
2029-09-02,210,7,2029,30,2,2029-09-02,2029-09-02,2030-02-03,False,2028-02-07,September,Sep
2029-09-03,211,8,2029,31,2,,2029-09-09,2030-02-03,False,2028-02-07,September,Sep
2029-09-04,212,8,2029,31,2,,2029-09-09,2030-02-03,False,2028-02-07,September,Sep
2029-09-05,213,8,2029,31,2,,2029-09-09,2030-02-03,False,2028-02-07,September,Sep
2029-09-06,214,8,2029,31,2,,2029-09-09,2030-02-03,False,2028-02-07,September,Sep
2029-09-07,215,8,2029,31,2,,2029-09-09,2030-02-03,False,2028-02-07,September,Sep
2029-09-08,216,8,2029,31,2,,2029-09-09,2030-02-03,True,2028-02-07,September,Sep
2029-09-09,217,8,2029,31,2,,2029-09-09,2030-02-03,False,2028-02-07,September,Sep
2029-09-10,218,8,2029,32,2,,2029-09-16,2030-02-03,False,2028-02-07,September,Sep
2029-09-11,219,8,2029,32,2,,2029-09-16,2030-02-03,False,2028-02-07,September,Sep
2029-09-12,220,8,2029,32,2,,2029-09-16,2030-02-03,False,2028-02-07,September,Sep
2029-09-13,221,8,2029,32,2,,2029-09-16,2030-02-03,False,2028-02-07,September,Sep
2029-09-14,222,8,2029,32,2,,2029-09-16,2030-02-03,False,2028-02-07,September,Sep
2029-09-15,223,8,2029,32,2,,2029-09-16,2030-02-03,True,2028-02-07,September,Sep
2029-09-16,224,8,2029,32,2,,2029-09-16,2030-02-03,False,2028-02-07,September,Sep
2029-09-17,225,8,2029,33,2,,2029-09-23,2030-02-03,False,2028-02-07,September,Sep
2029-09-18,226,8,2029,33,2,,2029-09-23,2030-02-03,False,2028-02-07,September,Sep
2029-09-19,227,8,2029,33,2,,2029-09-23,2030-02-03,False,2028-02-07,September,Sep
2029-09-20,228,8,2029,33,2,,2029-09-23,2030-02-03,False,2028-02-07,September,Sep
2029-09-21,229,8,2029,33,2,,2029-09-23,2030-02-03,False,2028-02-07,September,Sep
2029-09-22,230,8,2029,33,2,,2029-09-23,2030-02-03,True,2028-02-07,September,Sep
2029-09-23,231,8,2029,33,2,,2029-09-23,2030-02-03,False,2028-02-07,September,Sep
2029-09-24,232,8,2029,34,2,2029-09-30,2029-09-30,2030-02-03,False,2028-02-07,September,Sep
2029-09-25,233,8,2029,34,2,2029-09-30,2029-09-30,2030-02-03,False,2028-02-07,September,Sep
2029-09-26,234,8,2029,34,2,2029-09-30,2029-09-30,2030-02-03,False,2028-02-07,September,Sep
2029-09-27,235,8,2029,34,2,2029-09-30,2029-09-30,2030-02-03,False,2028-02-07,September,Sep
2029-09-28,236,8,2029,34,2,2029-09-30,2029-09-30,2030-02-03,False,2028-02-07,September,Sep
2029-09-29,237,8,2029,34,2,2029-09-30,2029-09-30,2030-02-03,True,2028-02-07,September,Sep
2029-09-30,238,8,2029,34,2,2029-09-30,2029-09-30,2030-02-03,False,2028-02-07,September,Sep
2029-10-01,239,9,2029,35,2,,2029-10-07,2030-02-03,False,2028-02-07,October,Oct
2029-10-02,240,9,2029,35,2,,2029-10-07,2030-02-03,False,2028-02-07,October,Oct
2029-10-03,241,9,2029,35,2,,2029-10-07,2030-02-03,False,2028-02-07,October,Oct
2029-10-04,242,9,2029,35,2,,2029-10-07,2030-02-03,False,2028-02-07,October,Oct
2029-10-05,243,9,2029,35,2,,2029-10-07,2030-02-03,False,2028-02-07,October,Oct
2029-10-06,244,9,2029,35,2,,2029-10-07,2030-02-03,True,2028-02-07,October,Oct
2029-10-07,245,9,2029,35,2,,2029-10-07,2030-02-03,False,2028-02-07,October,Oct
2029-10-08,246,9,2029,36,2,,2029-10-14,2030-02-03,False,2028-02-07,October,Oct
2029-10-09,247,9,2029,36,2,,2029-10-14,2030-02-03,False,2028-02-07,October,Oct
2029-10-10,248,9,2029,36,2,,2029-10-14,2030-02-03,False,2028-02-07,October,Oct
2029-10-11,249,9,2029,36,2,,2029-10-14,2030-02-03,False,2028-02-07,October,Oct
2029-10-12,250,9,2029,36,2,,2029-10-14,2030-02-03,False,2028-02-07,October,Oct
2029-10-13,251,9,2029,36,2,,2029-10-14,2030-02-03,True,2028-02-07,October,Oct
2029-10-14,252,9,2029,36,2,,2029-10-14,2030-02-03,False,2028-02-07,October,Oct
2029-10-15,253,9,2029,37,2,,2029-10-21,2030-02-03,False,2028-02-07,October,Oct
2029-10-16,254,9,2029,37,2,,2029-10-21,2030-02-03,False,2028-02-07,October,Oct
2029-10-17,255,9,2029,37,2,,2029-10-21,2030-02-03,False,2028-02-07,October,Oct
2029-10-18,256,9,2029,37,2,,2029-10-21,2030-02-03,False,2028-02-07,October,Oct
2029-10-19,257,9,2029,37,2,,2029-10-21,2030-02-03,False,2028-02-07,October,Oct
2029-10-20,258,9,2029,37,2,,2029-10-21,2030-02-03,True,2028-02-07,October,Oct
2029-10-21,259,9,2029,37,2,,2029-10-21,2030-02-03,False,2028-02-07,October,Oct
2029-10-22,260,9,2029,38,2,,2029-10-28,2030-02-03,False,2028-02-07,October,Oct
2029-10-23,261,9,2029,38,2,,2029-10-28,2030-02-03,False,2028-02-07,October,Oct
2029-10-24,262,9,2029,38,2,,2029-10-28,2030-02-03,False,2028-02-07,October,Oct
2029-10-25,263,9,2029,38,2,,2029-10-28,2030-02-03,False,2028-02-07,October,Oct
2029-10-26,264,9,2029,38,2,,2029-10-28,2030-02-03,False,2028-02-07,October,Oct
2029-10-27,265,9,2029,38,2,,2029-10-28,2030-02-03,True,2028-02-07,October,Oct
2029-10-28,266,9,2029,38,2,,2029-10-28,2030-02-03,False,2028-02-07,October,Oct
2029-10-29,267,9,2029,39,2,2029-11-04,2029-11-04,2030-02-03,False,2028-02-07,October,Oct
2029-10-30,268,9,2029,39,2,2029-11-04,2029-11-04,2030-02-03,False,2028-02-07,October,Oct
2029-10-31,269,9,2029,39,2,2029-11-04,2029-11-04,2030-02-03,False,2028-02-07,October,Oct
2029-11-01,270,9,2029,39,2,2029-11-04,2029-11-04,2030-02-03,False,2028-02-07,November,Nov
2029-11-02,271,9,2029,39,2,2029-11-04,2029-11-04,2030-02-03,False,2028-02-07,November,Nov
2029-11-03,272,9,2029,39,2,2029-11-04,2029-11-04,2030-02-03,True,2028-02-07,November,Nov
2029-11-04,273,9,2029,39,2,2029-11-04,2029-11-04,2030-02-03,False,2028-02-07,November,Nov
2029-11-05,274,10,2029,40,2,,2029-11-11,2030-02-03,False,2028-02-07,November,Nov
2029-11-06,275,10,2029,40,2,,2029-11-11,2030-02-03,False,2028-02-07,November,Nov
2029-11-07,276,10,2029,40,2,,2029-11-11,2030-02-03,False,2028-02-07,November,Nov
2029-11-08,277,10,2029,40,2,,2029-11-11,2030-02-03,False,2028-02-07,November,Nov
2029-11-09,278,10,2029,40,2,,2029-11-11,2030-02-03,False,2028-02-07,November,Nov
2029-11-10,279,10,2029,40,2,,2029-11-11,2030-02-03,True,2028-02-07,November,Nov
2029-11-11,280,10,2029,40,2,,2029-11-11,2030-02-03,False,2028-02-07,November,Nov
2029-11-12,281,10,2029,41,2,,2029-11-18,2030-02-03,False,2028-02-07,November,Nov
2029-11-13,282,10,2029,41,2,,2029-11-18,2030-02-03,False,2028-02-07,November,Nov
2029-11-14,283,10,2029,41,2,,2029-11-18,2030-02-03,False,2028-02-07,November,Nov
2029-11-15,284,10,2029,41,2,,2029-11-18,2030-02-03,False,2028-02-07,November,Nov
2029-11-16,285,10,2029,41,2,,2029-11-18,2030-02-03,False,2028-02-07,November,Nov
2029-11-17,286,10,2029,41,2,,2029-11-18,2030-02-03,True,2028-02-07,November,Nov
2029-11-18,287,10,2029,41,2,,2029-11-18,2030-02-03,False,2028-02-07,November,Nov
2029-11-19,288,10,2029,42,2,,2029-11-25,2030-02-03,False,2028-02-07,November,Nov
2029-11-20,289,10,2029,42,2,,2029-11-25,2030-02-03,False,2028-02-07,November,Nov
2029-11-21,290,10,2029,42,2,,2029-11-25,2030-02-03,False,2028-02-07,November,Nov
2029-11-22,291,10,2029,42,2,,2029-11-25,2030-02-03,False,2028-02-07,November,Nov
2029-11-23,292,10,2029,42,2,,2029-11-25,2030-02-03,False,2028-02-07,November,Nov
2029-11-24,293,10,2029,42,2,,2029-11-25,2030-02-03,True,2028-02-07,November,Nov
2029-11-25,294,10,2029,42,2,,2029-11-25,2030-02-03,False,2028-02-07,November,Nov
2029-11-26,295,10,2029,43,2,2029-12-02,2029-12-02,2030-02-03,False,2028-02-07,November,Nov
2029-11-27,296,10,2029,43,2,2029-12-02,2029-12-02,2030-02-03,False,2028-02-07,November,Nov
2029-11-28,297,10,2029,43,2,2029-12-02,2029-12-02,2030-02-03,False,2028-02-07,November,Nov
2029-11-29,298,10,2029,43,2,2029-12-02,2029-12-02,2030-02-03,False,2028-02-07,November,Nov
2029-11-30,299,10,2029,43,2,2029-12-02,2029-12-02,2030-02-03,False,2028-02-07,November,Nov
2029-12-01,300,10,2029,43,2,2029-12-02,2029-12-02,2030-02-03,True,2028-02-07,December,Dec
2029-12-02,301,10,2029,43,2,2029-12-02,2029-12-02,2030-02-03,False,2028-02-07,December,Dec
2029-12-03,302,11,2029,44,2,,2029-12-09,2030-02-03,False,2028-02-07,December,Dec
2029-12-04,303,11,2029,44,2,,2029-12-09,2030-02-03,False,2028-02-07,December,Dec
2029-12-05,304,11,2029,44,2,,2029-12-09,2030-02-03,False,2028-02-07,December,Dec
2029-12-06,305,11,2029,44,2,,2029-12-09,2030-02-03,False,2028-02-07,December,Dec
2029-12-07,306,11,2029,44,2,,2029-12-09,2030-02-03,False,2028-02-07,December,Dec
2029-12-08,307,11,2029,44,2,,2029-12-09,2030-02-03,True,2028-02-07,December,Dec
2029-12-09,308,11,2029,44,2,,2029-12-09,2030-02-03,False,2028-02-07,December,Dec
2029-12-10,309,11,2029,45,2,,2029-12-16,2030-02-03,False,2028-02-07,December,Dec
2029-12-11,310,11,2029,45,2,,2029-12-16,2030-02-03,False,2028-02-07,December,Dec
2029-12-12,311,11,2029,45,2,,2029-12-16,2030-02-03,False,2028-02-07,December,Dec
2029-12-13,312,11,2029,45,2,,2029-12-16,2030-02-03,False,2028-02-07,December,Dec
2029-12-14,313,11,2029,45,2,,2029-12-16,2030-02-03,False,2028-02-07,December,Dec
2029-12-15,314,11,2029,45,2,,2029-12-16,2030-02-03,True,2028-02-07,December,Dec
2029-12-16,315,11,2029,45,2,,2029-12-16,2030-02-03,False,2028-02-07,December,Dec
2029-12-17,316,11,2029,46,2,,2029-12-23,2030-02-03,False,2028-02-07,December,Dec
2029-12-18,317,11,2029,46,2,,2029-12-23,2030-02-03,False,2028-02-07,December,Dec
2029-12-19,318,11,2029,46,2,,2029-12-23,2030-02-03,False,2028-02-07,December,Dec
2029-12-20,319,11,2029,46,2,,2029-12-23,2030-02-03,False,2028-02-07,December,Dec
2029-12-21,320,11,2029,46,2,,2029-12-23,2030-02-03,False,2028-02-07,December,Dec
2029-12-22,321,11,2029,46,2,,2029-12-23,2030-02-03,True,2028-02-07,December,Dec
2029-12-23,322,11,2029,46,2,,2029-12-23,2030-02-03,False,2028-02-07,December,Dec
2029-12-24,323,11,2029,47,2,2029-12-30,2029-12-30,2030-02-03,False,2028-02-07,December,Dec
2029-12-25,324,11,2029,47,2,2029-12-30,2029-12-30,2030-02-03,False,2028-02-07,December,Dec
2029-12-26,325,11,2029,47,2,2029-12-30,2029-12-30,2030-02-03,False,2028-02-07,December,Dec
2029-12-27,326,11,2029,47,2,2029-12-30,2029-12-30,2030-02-03,False,2028-02-07,December,Dec
2029-12-28,327,11,2029,47,2,2029-12-30,2029-12-30,2030-02-03,False,2028-02-07,December,Dec
2029-12-29,328,11,2029,47,2,2029-12-30,2029-12-30,2030-02-03,True,2028-02-07,December,Dec
2029-12-30,329,11,2029,47,2,2029-12-30,2029-12-30,2030-02-03,False,2028-02-07,December,Dec
2029-12-31,330,12,2029,48,2,,2030-01-06,2030-02-03,False,2028-02-07,December,Dec
2030-01-01,331,12,2029,48,2,,2030-01-06,2030-02-03,False,2028-02-07,January,Jan
2030-01-02,332,12,2029,48,2,,2030-01-06,2030-02-03,False,2028-02-07,January,Jan
2030-01-03,333,12,2029,48,2,,2030-01-06,2030-02-03,False,2028-02-07,January,Jan
2030-01-04,334,12,2029,48,2,,2030-01-06,2030-02-03,False,2028-02-07,January,Jan
2030-01-05,335,12,2029,48,2,,2030-01-06,2030-02-03,True,2028-02-07,January,Jan
2030-01-06,336,12,2029,48,2,,2030-01-06,2030-02-03,False,2028-02-07,January,Jan
2030-01-07,337,12,2029,49,2,,2030-01-13,2030-02-03,False,2028-02-07,January,Jan
2030-01-08,338,12,2029,49,2,,2030-01-13,2030-02-03,False,2028-02-07,January,Jan
2030-01-09,339,12,2029,49,2,,2030-01-13,2030-02-03,False,2028-02-07,January,Jan
2030-01-10,340,12,2029,49,2,,2030-01-13,2030-02-03,False,2028-02-07,January,Jan
2030-01-11,341,12,2029,49,2,,2030-01-13,2030-02-03,False,2028-02-07,January,Jan
2030-01-12,342,12,2029,49,2,,2030-01-13,2030-02-03,True,2028-02-07,January,Jan
2030-01-13,343,12,2029,49,2,,2030-01-13,2030-02-03,False,2028-02-07,January,Jan
2030-01-14,344,12,2029,50,2,,2030-01-20,2030-02-03,False,2028-02-07,January,Jan
2030-01-15,345,12,2029,50,2,,2030-01-20,2030-02-03,False,2028-02-07,January,Jan
2030-01-16,346,12,2029,50,2,,2030-01-20,2030-02-03,False,2028-02-07,January,Jan
2030-01-17,347,12,2029,50,2,,2030-01-20,2030-02-03,False,2028-02-07,January,Jan
2030-01-18,348,12,2029,50,2,,2030-01-20,2030-02-03,False,2028-02-07,January,Jan
2030-01-19,349,12,2029,50,2,,2030-01-20,2030-02-03,True,2028-02-07,January,Jan
2030-01-20,350,12,2029,50,2,,2030-01-20,2030-02-03,False,2028-02-07,January,Jan
2030-01-21,351,12,2029,51,2,,2030-01-27,2030-02-03,False,2028-02-07,January,Jan
2030-01-22,352,12,2029,51,2,,2030-01-27,2030-02-03,False,2028-02-07,January,Jan
2030-01-23,353,12,2029,51,2,,2030-01-27,2030-02-03,False,2028-02-07,January,Jan
2030-01-24,354,12,2029,51,2,,2030-01-27,2030-02-03,False,2028-02-07,January,Jan
2030-01-25,355,12,2029,51,2,,2030-01-27,2030-02-03,False,2028-02-07,January,Jan
2030-01-26,356,12,2029,51,2,,2030-01-27,2030-02-03,True,2028-02-07,January,Jan
2030-01-27,357,12,2029,51,2,,2030-01-27,2030-02-03,False,2028-02-07,January,Jan
2030-01-28,358,12,2029,52,2,2030-02-03,2030-02-03,2030-02-03,False,2028-02-07,January,Jan
2030-01-29,359,12,2029,52,2,2030-02-03,2030-02-03,2030-02-03,False,2028-02-07,January,Jan
2030-01-30,360,12,2029,52,2,2030-02-03,2030-02-03,2030-02-03,False,2028-02-07,January,Jan
2030-01-31,361,12,2029,52,2,2030-02-03,2030-02-03,2030-02-03,False,2028-02-07,January,Jan
2030-02-01,362,12,2029,52,2,2030-02-03,2030-02-03,2030-02-03,False,2028-02-07,February,Feb
2030-02-02,363,12,2029,52,2,2030-02-03,2030-02-03,2030-02-03,True,2028-02-07,February,Feb
2030-02-03,364,12,2029,52,2,2030-02-03,2030-02-03,2030-02-03,False,2028-02-07,February,Feb
2030-02-04,1,1,2030,1,1,,2030-02-10,2030-08-04,False,2029-02-05,February,Feb
2030-02-05,2,1,2030,1,1,,2030-02-10,2030-08-04,False,2029-02-05,February,Feb
2030-02-06,3,1,2030,1,1,,2030-02-10,2030-08-04,False,2029-02-05,February,Feb
2030-02-07,4,1,2030,1,1,,2030-02-10,2030-08-04,False,2029-02-05,February,Feb
2030-02-08,5,1,2030,1,1,,2030-02-10,2030-08-04,False,2029-02-05,February,Feb
2030-02-09,6,1,2030,1,1,,2030-02-10,2030-08-04,True,2029-02-05,February,Feb
2030-02-10,7,1,2030,1,1,,2030-02-10,2030-08-04,False,2029-02-05,February,Feb
2030-02-11,8,1,2030,2,1,,2030-02-17,2030-08-04,False,2029-02-05,February,Feb
2030-02-12,9,1,2030,2,1,,2030-02-17,2030-08-04,False,2029-02-05,February,Feb
2030-02-13,10,1,2030,2,1,,2030-02-17,2030-08-04,False,2029-02-05,February,Feb
2030-02-14,11,1,2030,2,1,,2030-02-17,2030-08-04,False,2029-02-05,February,Feb
2030-02-15,12,1,2030,2,1,,2030-02-17,2030-08-04,False,2029-02-05,February,Feb
2030-02-16,13,1,2030,2,1,,2030-02-17,2030-08-04,True,2029-02-05,February,Feb
2030-02-17,14,1,2030,2,1,,2030-02-17,2030-08-04,False,2029-02-05,February,Feb
2030-02-18,15,1,2030,3,1,,2030-02-24,2030-08-04,False,2029-02-05,February,Feb
2030-02-19,16,1,2030,3,1,,2030-02-24,2030-08-04,False,2029-02-05,February,Feb
2030-02-20,17,1,2030,3,1,,2030-02-24,2030-08-04,False,2029-02-05,February,Feb
2030-02-21,18,1,2030,3,1,,2030-02-24,2030-08-04,False,2029-02-05,February,Feb
2030-02-22,19,1,2030,3,1,,2030-02-24,2030-08-04,False,2029-02-05,February,Feb
2030-02-23,20,1,2030,3,1,,2030-02-24,2030-08-04,True,2029-02-05,February,Feb
2030-02-24,21,1,2030,3,1,,2030-02-24,2030-08-04,False,2029-02-05,February,Feb
2030-02-25,22,1,2030,4,1,2030-03-03,2030-03-03,2030-08-04,False,2029-02-05,February,Feb
2030-02-26,23,1,2030,4,1,2030-03-03,2030-03-03,2030-08-04,False,2029-02-05,February,Feb
2030-02-27,24,1,2030,4,1,2030-03-03,2030-03-03,2030-08-04,False,2029-02-05,February,Feb
2030-02-28,25,1,2030,4,1,2030-03-03,2030-03-03,2030-08-04,False,2029-02-05,February,Feb
2030-03-01,26,1,2030,4,1,2030-03-03,2030-03-03,2030-08-04,False,2029-02-05,March,Mar
2030-03-02,27,1,2030,4,1,2030-03-03,2030-03-03,2030-08-04,True,2029-02-05,March,Mar
2030-03-03,28,1,2030,4,1,2030-03-03,2030-03-03,2030-08-04,False,2029-02-05,March,Mar
2030-03-04,29,2,2030,5,1,,2030-03-10,2030-08-04,False,2029-02-05,March,Mar
2030-03-05,30,2,2030,5,1,,2030-03-10,2030-08-04,False,2029-02-05,March,Mar
2030-03-06,31,2,2030,5,1,,2030-03-10,2030-08-04,False,2029-02-05,March,Mar
2030-03-07,32,2,2030,5,1,,2030-03-10,2030-08-04,False,2029-02-05,March,Mar
2030-03-08,33,2,2030,5,1,,2030-03-10,2030-08-04,False,2029-02-05,March,Mar
2030-03-09,34,2,2030,5,1,,2030-03-10,2030-08-04,True,2029-02-05,March,Mar
2030-03-10,35,2,2030,5,1,,2030-03-10,2030-08-04,False,2029-02-05,March,Mar
2030-03-11,36,2,2030,6,1,,2030-03-17,2030-08-04,False,2029-02-05,March,Mar
2030-03-12,37,2,2030,6,1,,2030-03-17,2030-08-04,False,2029-02-05,March,Mar
2030-03-13,38,2,2030,6,1,,2030-03-17,2030-08-04,False,2029-02-05,March,Mar
2030-03-14,39,2,2030,6,1,,2030-03-17,2030-08-04,False,2029-02-05,March,Mar
2030-03-15,40,2,2030,6,1,,2030-03-17,2030-08-04,False,2029-02-05,March,Mar
2030-03-16,41,2,2030,6,1,,2030-03-17,2030-08-04,True,2029-02-05,March,Mar
2030-03-17,42,2,2030,6,1,,2030-03-17,2030-08-04,False,2029-02-05,March,Mar
2030-03-18,43,2,2030,7,1,,2030-03-24,2030-08-04,False,2029-02-05,March,Mar
2030-03-19,44,2,2030,7,1,,2030-03-24,2030-08-04,False,2029-02-05,March,Mar
2030-03-20,45,2,2030,7,1,,2030-03-24,2030-08-04,False,2029-02-05,March,Mar
2030-03-21,46,2,2030,7,1,,2030-03-24,2030-08-04,False,2029-02-05,March,Mar
2030-03-22,47,2,2030,7,1,,2030-03-24,2030-08-04,False,2029-02-05,March,Mar
2030-03-23,48,2,2030,7,1,,2030-03-24,2030-08-04,True,2029-02-05,March,Mar
2030-03-24,49,2,2030,7,1,,2030-03-24,2030-08-04,False,2029-02-05,March,Mar
2030-03-25,50,2,2030,8,1,2030-03-31,2030-03-31,2030-08-04,False,2029-02-05,March,Mar
2030-03-26,51,2,2030,8,1,2030-03-31,2030-03-31,2030-08-04,False,2029-02-05,March,Mar
2030-03-27,52,2,2030,8,1,2030-03-31,2030-03-31,2030-08-04,False,2029-02-05,March,Mar
2030-03-28,53,2,2030,8,1,2030-03-31,2030-03-31,2030-08-04,False,2029-02-05,March,Mar
2030-03-29,54,2,2030,8,1,2030-03-31,2030-03-31,2030-08-04,False,2029-02-05,March,Mar
2030-03-30,55,2,2030,8,1,2030-03-31,2030-03-31,2030-08-04,True,2029-02-05,March,Mar
2030-03-31,56,2,2030,8,1,2030-03-31,2030-03-31,2030-08-04,False,2029-02-05,March,Mar
2030-04-01,57,3,2030,9,1,,2030-04-07,2030-08-04,False,2029-02-05,April,Apr
2030-04-02,58,3,2030,9,1,,2030-04-07,2030-08-04,False,2029-02-05,April,Apr
2030-04-03,59,3,2030,9,1,,2030-04-07,2030-08-04,False,2029-02-05,April,Apr
2030-04-04,60,3,2030,9,1,,2030-04-07,2030-08-04,False,2029-02-05,April,Apr
2030-04-05,61,3,2030,9,1,,2030-04-07,2030-08-04,False,2029-02-05,April,Apr
2030-04-06,62,3,2030,9,1,,2030-04-07,2030-08-04,True,2029-02-05,April,Apr
2030-04-07,63,3,2030,9,1,,2030-04-07,2030-08-04,False,2029-02-05,April,Apr
2030-04-08,64,3,2030,10,1,,2030-04-14,2030-08-04,False,2029-02-05,April,Apr
2030-04-09,65,3,2030,10,1,,2030-04-14,2030-08-04,False,2029-02-05,April,Apr
2030-04-10,66,3,2030,10,1,,2030-04-14,2030-08-04,False,2029-02-05,April,Apr
2030-04-11,67,3,2030,10,1,,2030-04-14,2030-08-04,False,2029-02-05,April,Apr
2030-04-12,68,3,2030,10,1,,2030-04-14,2030-08-04,False,2029-02-05,April,Apr
2030-04-13,69,3,2030,10,1,,2030-04-14,2030-08-04,True,2029-02-05,April,Apr
2030-04-14,70,3,2030,10,1,,2030-04-14,2030-08-04,False,2029-02-05,April,Apr
2030-04-15,71,3,2030,11,1,,2030-04-21,2030-08-04,False,2029-02-05,April,Apr
2030-04-16,72,3,2030,11,1,,2030-04-21,2030-08-04,False,2029-02-05,April,Apr
2030-04-17,73,3,2030,11,1,,2030-04-21,2030-08-04,False,2029-02-05,April,Apr
2030-04-18,74,3,2030,11,1,,2030-04-21,2030-08-04,False,2029-02-05,April,Apr
2030-04-19,75,3,2030,11,1,,2030-04-21,2030-08-04,False,2029-02-05,April,Apr
2030-04-20,76,3,2030,11,1,,2030-04-21,2030-08-04,True,2029-02-05,April,Apr
2030-04-21,77,3,2030,11,1,,2030-04-21,2030-08-04,False,2029-02-05,April,Apr
2030-04-22,78,3,2030,12,1,,2030-04-28,2030-08-04,False,2029-02-05,April,Apr
2030-04-23,79,3,2030,12,1,,2030-04-28,2030-08-04,False,2029-02-05,April,Apr
2030-04-24,80,3,2030,12,1,,2030-04-28,2030-08-04,False,2029-02-05,April,Apr
2030-04-25,81,3,2030,12,1,,2030-04-28,2030-08-04,False,2029-02-05,April,Apr
2030-04-26,82,3,2030,12,1,,2030-04-28,2030-08-04,False,2029-02-05,April,Apr
2030-04-27,83,3,2030,12,1,,2030-04-28,2030-08-04,True,2029-02-05,April,Apr
2030-04-28,84,3,2030,12,1,,2030-04-28,2030-08-04,False,2029-02-05,April,Apr
2030-04-29,85,3,2030,13,1,2030-05-05,2030-05-05,2030-08-04,False,2029-02-05,April,Apr
2030-04-30,86,3,2030,13,1,2030-05-05,2030-05-05,2030-08-04,False,2029-02-05,April,Apr
2030-05-01,87,3,2030,13,1,2030-05-05,2030-05-05,2030-08-04,False,2029-02-05,May,May
2030-05-02,88,3,2030,13,1,2030-05-05,2030-05-05,2030-08-04,False,2029-02-05,May,May
2030-05-03,89,3,2030,13,1,2030-05-05,2030-05-05,2030-08-04,False,2029-02-05,May,May
2030-05-04,90,3,2030,13,1,2030-05-05,2030-05-05,2030-08-04,True,2029-02-05,May,May
2030-05-05,91,3,2030,13,1,2030-05-05,2030-05-05,2030-08-04,False,2029-02-05,May,May
2030-05-06,92,4,2030,14,1,,2030-05-12,2030-08-04,False,2029-02-05,May,May
2030-05-07,93,4,2030,14,1,,2030-05-12,2030-08-04,False,2029-02-05,May,May
2030-05-08,94,4,2030,14,1,,2030-05-12,2030-08-04,False,2029-02-05,May,May
2030-05-09,95,4,2030,14,1,,2030-05-12,2030-08-04,False,2029-02-05,May,May
2030-05-10,96,4,2030,14,1,,2030-05-12,2030-08-04,False,2029-02-05,May,May
2030-05-11,97,4,2030,14,1,,2030-05-12,2030-08-04,True,2029-02-05,May,May
2030-05-12,98,4,2030,14,1,,2030-05-12,2030-08-04,False,2029-02-05,May,May
2030-05-13,99,4,2030,15,1,,2030-05-19,2030-08-04,False,2029-02-05,May,May
2030-05-14,100,4,2030,15,1,,2030-05-19,2030-08-04,False,2029-02-05,May,May
2030-05-15,101,4,2030,15,1,,2030-05-19,2030-08-04,False,2029-02-05,May,May
2030-05-16,102,4,2030,15,1,,2030-05-19,2030-08-04,False,2029-02-05,May,May
2030-05-17,103,4,2030,15,1,,2030-05-19,2030-08-04,False,2029-02-05,May,May
2030-05-18,104,4,2030,15,1,,2030-05-19,2030-08-04,True,2029-02-05,May,May
2030-05-19,105,4,2030,15,1,,2030-05-19,2030-08-04,False,2029-02-05,May,May
2030-05-20,106,4,2030,16,1,,2030-05-26,2030-08-04,False,2029-02-05,May,May
2030-05-21,107,4,2030,16,1,,2030-05-26,2030-08-04,False,2029-02-05,May,May
2030-05-22,108,4,2030,16,1,,2030-05-26,2030-08-04,False,2029-02-05,May,May
2030-05-23,109,4,2030,16,1,,2030-05-26,2030-08-04,False,2029-02-05,May,May
2030-05-24,110,4,2030,16,1,,2030-05-26,2030-08-04,False,2029-02-05,May,May
2030-05-25,111,4,2030,16,1,,2030-05-26,2030-08-04,True,2029-02-05,May,May
2030-05-26,112,4,2030,16,1,,2030-05-26,2030-08-04,False,2029-02-05,May,May
2030-05-27,113,4,2030,17,1,2030-06-02,2030-06-02,2030-08-04,False,2029-02-05,May,May
2030-05-28,114,4,2030,17,1,2030-06-02,2030-06-02,2030-08-04,False,2029-02-05,May,May
2030-05-29,115,4,2030,17,1,2030-06-02,2030-06-02,2030-08-04,False,2029-02-05,May,May
2030-05-30,116,4,2030,17,1,2030-06-02,2030-06-02,2030-08-04,False,2029-02-05,May,May
2030-05-31,117,4,2030,17,1,2030-06-02,2030-06-02,2030-08-04,False,2029-02-05,May,May
2030-06-01,118,4,2030,17,1,2030-06-02,2030-06-02,2030-08-04,True,2029-02-05,June,Jun
2030-06-02,119,4,2030,17,1,2030-06-02,2030-06-02,2030-08-04,False,2029-02-05,June,Jun
2030-06-03,120,5,2030,18,1,,2030-06-09,2030-08-04,False,2029-02-05,June,Jun
2030-06-04,121,5,2030,18,1,,2030-06-09,2030-08-04,False,2029-02-05,June,Jun
2030-06-05,122,5,2030,18,1,,2030-06-09,2030-08-04,False,2029-02-05,June,Jun
2030-06-06,123,5,2030,18,1,,2030-06-09,2030-08-04,False,2029-02-05,June,Jun
2030-06-07,124,5,2030,18,1,,2030-06-09,2030-08-04,False,2029-02-05,June,Jun
2030-06-08,125,5,2030,18,1,,2030-06-09,2030-08-04,True,2029-02-05,June,Jun
2030-06-09,126,5,2030,18,1,,2030-06-09,2030-08-04,False,2029-02-05,June,Jun
2030-06-10,127,5,2030,19,1,,2030-06-16,2030-08-04,False,2029-02-05,June,Jun
2030-06-11,128,5,2030,19,1,,2030-06-16,2030-08-04,False,2029-02-05,June,Jun
2030-06-12,129,5,2030,19,1,,2030-06-16,2030-08-04,False,2029-02-05,June,Jun
2030-06-13,130,5,2030,19,1,,2030-06-16,2030-08-04,False,2029-02-05,June,Jun
2030-06-14,131,5,2030,19,1,,2030-06-16,2030-08-04,False,2029-02-05,June,Jun
2030-06-15,132,5,2030,19,1,,2030-06-16,2030-08-04,True,2029-02-05,June,Jun
2030-06-16,133,5,2030,19,1,,2030-06-16,2030-08-04,False,2029-02-05,June,Jun
2030-06-17,134,5,2030,20,1,,2030-06-23,2030-08-04,False,2029-02-05,June,Jun
2030-06-18,135,5,2030,20,1,,2030-06-23,2030-08-04,False,2029-02-05,June,Jun
2030-06-19,136,5,2030,20,1,,2030-06-23,2030-08-04,False,2029-02-05,June,Jun
2030-06-20,137,5,2030,20,1,,2030-06-23,2030-08-04,False,2029-02-05,June,Jun
2030-06-21,138,5,2030,20,1,,2030-06-23,2030-08-04,False,2029-02-05,June,Jun
2030-06-22,139,5,2030,20,1,,2030-06-23,2030-08-04,True,2029-02-05,June,Jun
2030-06-23,140,5,2030,20,1,,2030-06-23,2030-08-04,False,2029-02-05,June,Jun
2030-06-24,141,5,2030,21,1,2030-06-30,2030-06-30,2030-08-04,False,2029-02-05,June,Jun
2030-06-25,142,5,2030,21,1,2030-06-30,2030-06-30,2030-08-04,False,2029-02-05,June,Jun
2030-06-26,143,5,2030,21,1,2030-06-30,2030-06-30,2030-08-04,False,2029-02-05,June,Jun
2030-06-27,144,5,2030,21,1,2030-06-30,2030-06-30,2030-08-04,False,2029-02-05,June,Jun
2030-06-28,145,5,2030,21,1,2030-06-30,2030-06-30,2030-08-04,False,2029-02-05,June,Jun
2030-06-29,146,5,2030,21,1,2030-06-30,2030-06-30,2030-08-04,True,2029-02-05,June,Jun
2030-06-30,147,5,2030,21,1,2030-06-30,2030-06-30,2030-08-04,False,2029-02-05,June,Jun
2030-07-01,148,6,2030,22,1,,2030-07-07,2030-08-04,False,2029-02-05,July,Jul
2030-07-02,149,6,2030,22,1,,2030-07-07,2030-08-04,False,2029-02-05,July,Jul
2030-07-03,150,6,2030,22,1,,2030-07-07,2030-08-04,False,2029-02-05,July,Jul
2030-07-04,151,6,2030,22,1,,2030-07-07,2030-08-04,False,2029-02-05,July,Jul
2030-07-05,152,6,2030,22,1,,2030-07-07,2030-08-04,False,2029-02-05,July,Jul
2030-07-06,153,6,2030,22,1,,2030-07-07,2030-08-04,True,2029-02-05,July,Jul
2030-07-07,154,6,2030,22,1,,2030-07-07,2030-08-04,False,2029-02-05,July,Jul
2030-07-08,155,6,2030,23,1,,2030-07-14,2030-08-04,False,2029-02-05,July,Jul
2030-07-09,156,6,2030,23,1,,2030-07-14,2030-08-04,False,2029-02-05,July,Jul
2030-07-10,157,6,2030,23,1,,2030-07-14,2030-08-04,False,2029-02-05,July,Jul
2030-07-11,158,6,2030,23,1,,2030-07-14,2030-08-04,False,2029-02-05,July,Jul
2030-07-12,159,6,2030,23,1,,2030-07-14,2030-08-04,False,2029-02-05,July,Jul
2030-07-13,160,6,2030,23,1,,2030-07-14,2030-08-04,True,2029-02-05,July,Jul
2030-07-14,161,6,2030,23,1,,2030-07-14,2030-08-04,False,2029-02-05,July,Jul
2030-07-15,162,6,2030,24,1,,2030-07-21,2030-08-04,False,2029-02-05,July,Jul
2030-07-16,163,6,2030,24,1,,2030-07-21,2030-08-04,False,2029-02-05,July,Jul
2030-07-17,164,6,2030,24,1,,2030-07-21,2030-08-04,False,2029-02-05,July,Jul
2030-07-18,165,6,2030,24,1,,2030-07-21,2030-08-04,False,2029-02-05,July,Jul
2030-07-19,166,6,2030,24,1,,2030-07-21,2030-08-04,False,2029-02-05,July,Jul
2030-07-20,167,6,2030,24,1,,2030-07-21,2030-08-04,True,2029-02-05,July,Jul
2030-07-21,168,6,2030,24,1,,2030-07-21,2030-08-04,False,2029-02-05,July,Jul
2030-07-22,169,6,2030,25,1,,2030-07-28,2030-08-04,False,2029-02-05,July,Jul
2030-07-23,170,6,2030,25,1,,2030-07-28,2030-08-04,False,2029-02-05,July,Jul
2030-07-24,171,6,2030,25,1,,2030-07-28,2030-08-04,False,2029-02-05,July,Jul
2030-07-25,172,6,2030,25,1,,2030-07-28,2030-08-04,False,2029-02-05,July,Jul
2030-07-26,173,6,2030,25,1,,2030-07-28,2030-08-04,False,2029-02-05,July,Jul
2030-07-27,174,6,2030,25,1,,2030-07-28,2030-08-04,True,2029-02-05,July,Jul
2030-07-28,175,6,2030,25,1,,2030-07-28,2030-08-04,False,2029-02-05,July,Jul
2030-07-29,176,6,2030,26,1,2030-08-04,2030-08-04,2030-08-04,False,2029-02-05,July,Jul
2030-07-30,177,6,2030,26,1,2030-08-04,2030-08-04,2030-08-04,False,2029-02-05,July,Jul
2030-07-31,178,6,2030,26,1,2030-08-04,2030-08-04,2030-08-04,False,2029-02-05,July,Jul
2030-08-01,179,6,2030,26,1,2030-08-04,2030-08-04,2030-08-04,False,2029-02-05,August,Aug
2030-08-02,180,6,2030,26,1,2030-08-04,2030-08-04,2030-08-04,False,2029-02-05,August,Aug
2030-08-03,181,6,2030,26,1,2030-08-04,2030-08-04,2030-08-04,True,2029-02-05,August,Aug
2030-08-04,182,6,2030,26,1,2030-08-04,2030-08-04,2030-08-04,False,2029-02-05,August,Aug
2030-08-05,183,7,2030,27,2,,2030-08-11,2031-02-02,False,2029-02-05,August,Aug
2030-08-06,184,7,2030,27,2,,2030-08-11,2031-02-02,False,2029-02-05,August,Aug
2030-08-07,185,7,2030,27,2,,2030-08-11,2031-02-02,False,2029-02-05,August,Aug
2030-08-08,186,7,2030,27,2,,2030-08-11,2031-02-02,False,2029-02-05,August,Aug
2030-08-09,187,7,2030,27,2,,2030-08-11,2031-02-02,False,2029-02-05,August,Aug
2030-08-10,188,7,2030,27,2,,2030-08-11,2031-02-02,True,2029-02-05,August,Aug
2030-08-11,189,7,2030,27,2,,2030-08-11,2031-02-02,False,2029-02-05,August,Aug
2030-08-12,190,7,2030,28,2,,2030-08-18,2031-02-02,False,2029-02-05,August,Aug
2030-08-13,191,7,2030,28,2,,2030-08-18,2031-02-02,False,2029-02-05,August,Aug
2030-08-14,192,7,2030,28,2,,2030-08-18,2031-02-02,False,2029-02-05,August,Aug
2030-08-15,193,7,2030,28,2,,2030-08-18,2031-02-02,False,2029-02-05,August,Aug
2030-08-16,194,7,2030,28,2,,2030-08-18,2031-02-02,False,2029-02-05,August,Aug
2030-08-17,195,7,2030,28,2,,2030-08-18,2031-02-02,True,2029-02-05,August,Aug
2030-08-18,196,7,2030,28,2,,2030-08-18,2031-02-02,False,2029-02-05,August,Aug
2030-08-19,197,7,2030,29,2,,2030-08-25,2031-02-02,False,2029-02-05,August,Aug
2030-08-20,198,7,2030,29,2,,2030-08-25,2031-02-02,False,2029-02-05,August,Aug
2030-08-21,199,7,2030,29,2,,2030-08-25,2031-02-02,False,2029-02-05,August,Aug
2030-08-22,200,7,2030,29,2,,2030-08-25,2031-02-02,False,2029-02-05,August,Aug
2030-08-23,201,7,2030,29,2,,2030-08-25,2031-02-02,False,2029-02-05,August,Aug
2030-08-24,202,7,2030,29,2,,2030-08-25,2031-02-02,True,2029-02-05,August,Aug
2030-08-25,203,7,2030,29,2,,2030-08-25,2031-02-02,False,2029-02-05,August,Aug
2030-08-26,204,7,2030,30,2,2030-09-01,2030-09-01,2031-02-02,False,2029-02-05,August,Aug
2030-08-27,205,7,2030,30,2,2030-09-01,2030-09-01,2031-02-02,False,2029-02-05,August,Aug
2030-08-28,206,7,2030,30,2,2030-09-01,2030-09-01,2031-02-02,False,2029-02-05,August,Aug
2030-08-29,207,7,2030,30,2,2030-09-01,2030-09-01,2031-02-02,False,2029-02-05,August,Aug
2030-08-30,208,7,2030,30,2,2030-09-01,2030-09-01,2031-02-02,False,2029-02-05,August,Aug
2030-08-31,209,7,2030,30,2,2030-09-01,2030-09-01,2031-02-02,True,2029-02-05,August,Aug
2030-09-01,210,7,2030,30,2,2030-09-01,2030-09-01,2031-02-02,False,2029-02-05,September,Sep
2030-09-02,211,8,2030,31,2,,2030-09-08,2031-02-02,False,2029-02-05,September,Sep
2030-09-03,212,8,2030,31,2,,2030-09-08,2031-02-02,False,2029-02-05,September,Sep
2030-09-04,213,8,2030,31,2,,2030-09-08,2031-02-02,False,2029-02-05,September,Sep
2030-09-05,214,8,2030,31,2,,2030-09-08,2031-02-02,False,2029-02-05,September,Sep
2030-09-06,215,8,2030,31,2,,2030-09-08,2031-02-02,False,2029-02-05,September,Sep
2030-09-07,216,8,2030,31,2,,2030-09-08,2031-02-02,True,2029-02-05,September,Sep
2030-09-08,217,8,2030,31,2,,2030-09-08,2031-02-02,False,2029-02-05,September,Sep
2030-09-09,218,8,2030,32,2,,2030-09-15,2031-02-02,False,2029-02-05,September,Sep
2030-09-10,219,8,2030,32,2,,2030-09-15,2031-02-02,False,2029-02-05,September,Sep
2030-09-11,220,8,2030,32,2,,2030-09-15,2031-02-02,False,2029-02-05,September,Sep
2030-09-12,221,8,2030,32,2,,2030-09-15,2031-02-02,False,2029-02-05,September,Sep
2030-09-13,222,8,2030,32,2,,2030-09-15,2031-02-02,False,2029-02-05,September,Sep
2030-09-14,223,8,2030,32,2,,2030-09-15,2031-02-02,True,2029-02-05,September,Sep
2030-09-15,224,8,2030,32,2,,2030-09-15,2031-02-02,False,2029-02-05,September,Sep
2030-09-16,225,8,2030,33,2,,2030-09-22,2031-02-02,False,2029-02-05,September,Sep
2030-09-17,226,8,2030,33,2,,2030-09-22,2031-02-02,False,2029-02-05,September,Sep
2030-09-18,227,8,2030,33,2,,2030-09-22,2031-02-02,False,2029-02-05,September,Sep
2030-09-19,228,8,2030,33,2,,2030-09-22,2031-02-02,False,2029-02-05,September,Sep
2030-09-20,229,8,2030,33,2,,2030-09-22,2031-02-02,False,2029-02-05,September,Sep
2030-09-21,230,8,2030,33,2,,2030-09-22,2031-02-02,True,2029-02-05,September,Sep
2030-09-22,231,8,2030,33,2,,2030-09-22,2031-02-02,False,2029-02-05,September,Sep
2030-09-23,232,8,2030,34,2,2030-09-29,2030-09-29,2031-02-02,False,2029-02-05,September,Sep
2030-09-24,233,8,2030,34,2,2030-09-29,2030-09-29,2031-02-02,False,2029-02-05,September,Sep
2030-09-25,234,8,2030,34,2,2030-09-29,2030-09-29,2031-02-02,False,2029-02-05,September,Sep
2030-09-26,235,8,2030,34,2,2030-09-29,2030-09-29,2031-02-02,False,2029-02-05,September,Sep
2030-09-27,236,8,2030,34,2,2030-09-29,2030-09-29,2031-02-02,False,2029-02-05,September,Sep
2030-09-28,237,8,2030,34,2,2030-09-29,2030-09-29,2031-02-02,True,2029-02-05,September,Sep
2030-09-29,238,8,2030,34,2,2030-09-29,2030-09-29,2031-02-02,False,2029-02-05,September,Sep
2030-09-30,239,9,2030,35,2,,2030-10-06,2031-02-02,False,2029-02-05,September,Sep
2030-10-01,240,9,2030,35,2,,2030-10-06,2031-02-02,False,2029-02-05,October,Oct
2030-10-02,241,9,2030,35,2,,2030-10-06,2031-02-02,False,2029-02-05,October,Oct
2030-10-03,242,9,2030,35,2,,2030-10-06,2031-02-02,False,2029-02-05,October,Oct
2030-10-04,243,9,2030,35,2,,2030-10-06,2031-02-02,False,2029-02-05,October,Oct
2030-10-05,244,9,2030,35,2,,2030-10-06,2031-02-02,True,2029-02-05,October,Oct
2030-10-06,245,9,2030,35,2,,2030-10-06,2031-02-02,False,2029-02-05,October,Oct
2030-10-07,246,9,2030,36,2,,2030-10-13,2031-02-02,False,2029-02-05,October,Oct
2030-10-08,247,9,2030,36,2,,2030-10-13,2031-02-02,False,2029-02-05,October,Oct
2030-10-09,248,9,2030,36,2,,2030-10-13,2031-02-02,False,2029-02-05,October,Oct
2030-10-10,249,9,2030,36,2,,2030-10-13,2031-02-02,False,2029-02-05,October,Oct
2030-10-11,250,9,2030,36,2,,2030-10-13,2031-02-02,False,2029-02-05,October,Oct
2030-10-12,251,9,2030,36,2,,2030-10-13,2031-02-02,True,2029-02-05,October,Oct
2030-10-13,252,9,2030,36,2,,2030-10-13,2031-02-02,False,2029-02-05,October,Oct
2030-10-14,253,9,2030,37,2,,2030-10-20,2031-02-02,False,2029-02-05,October,Oct
2030-10-15,254,9,2030,37,2,,2030-10-20,2031-02-02,False,2029-02-05,October,Oct
2030-10-16,255,9,2030,37,2,,2030-10-20,2031-02-02,False,2029-02-05,October,Oct
2030-10-17,256,9,2030,37,2,,2030-10-20,2031-02-02,False,2029-02-05,October,Oct
2030-10-18,257,9,2030,37,2,,2030-10-20,2031-02-02,False,2029-02-05,October,Oct
2030-10-19,258,9,2030,37,2,,2030-10-20,2031-02-02,True,2029-02-05,October,Oct
2030-10-20,259,9,2030,37,2,,2030-10-20,2031-02-02,False,2029-02-05,October,Oct
2030-10-21,260,9,2030,38,2,,2030-10-27,2031-02-02,False,2029-02-05,October,Oct
2030-10-22,261,9,2030,38,2,,2030-10-27,2031-02-02,False,2029-02-05,October,Oct
2030-10-23,262,9,2030,38,2,,2030-10-27,2031-02-02,False,2029-02-05,October,Oct
2030-10-24,263,9,2030,38,2,,2030-10-27,2031-02-02,False,2029-02-05,October,Oct
2030-10-25,264,9,2030,38,2,,2030-10-27,2031-02-02,False,2029-02-05,October,Oct
2030-10-26,265,9,2030,38,2,,2030-10-27,2031-02-02,True,2029-02-05,October,Oct
2030-10-27,266,9,2030,38,2,,2030-10-27,2031-02-02,False,2029-02-05,October,Oct
2030-10-28,267,9,2030,39,2,2030-11-03,2030-11-03,2031-02-02,False,2029-02-05,October,Oct
2030-10-29,268,9,2030,39,2,2030-11-03,2030-11-03,2031-02-02,False,2029-02-05,October,Oct
2030-10-30,269,9,2030,39,2,2030-11-03,2030-11-03,2031-02-02,False,2029-02-05,October,Oct
2030-10-31,270,9,2030,39,2,2030-11-03,2030-11-03,2031-02-02,False,2029-02-05,October,Oct
2030-11-01,271,9,2030,39,2,2030-11-03,2030-11-03,2031-02-02,False,2029-02-05,November,Nov
2030-11-02,272,9,2030,39,2,2030-11-03,2030-11-03,2031-02-02,True,2029-02-05,November,Nov
2030-11-03,273,9,2030,39,2,2030-11-03,2030-11-03,2031-02-02,False,2029-02-05,November,Nov
2030-11-04,274,10,2030,40,2,,2030-11-10,2031-02-02,False,2029-02-05,November,Nov
2030-11-05,275,10,2030,40,2,,2030-11-10,2031-02-02,False,2029-02-05,November,Nov
2030-11-06,276,10,2030,40,2,,2030-11-10,2031-02-02,False,2029-02-05,November,Nov
2030-11-07,277,10,2030,40,2,,2030-11-10,2031-02-02,False,2029-02-05,November,Nov
2030-11-08,278,10,2030,40,2,,2030-11-10,2031-02-02,False,2029-02-05,November,Nov
2030-11-09,279,10,2030,40,2,,2030-11-10,2031-02-02,True,2029-02-05,November,Nov
2030-11-10,280,10,2030,40,2,,2030-11-10,2031-02-02,False,2029-02-05,November,Nov
2030-11-11,281,10,2030,41,2,,2030-11-17,2031-02-02,False,2029-02-05,November,Nov
2030-11-12,282,10,2030,41,2,,2030-11-17,2031-02-02,False,2029-02-05,November,Nov
2030-11-13,283,10,2030,41,2,,2030-11-17,2031-02-02,False,2029-02-05,November,Nov
2030-11-14,284,10,2030,41,2,,2030-11-17,2031-02-02,False,2029-02-05,November,Nov
2030-11-15,285,10,2030,41,2,,2030-11-17,2031-02-02,False,2029-02-05,November,Nov
2030-11-16,286,10,2030,41,2,,2030-11-17,2031-02-02,True,2029-02-05,November,Nov
2030-11-17,287,10,2030,41,2,,2030-11-17,2031-02-02,False,2029-02-05,November,Nov
2030-11-18,288,10,2030,42,2,,2030-11-24,2031-02-02,False,2029-02-05,November,Nov
2030-11-19,289,10,2030,42,2,,2030-11-24,2031-02-02,False,2029-02-05,November,Nov
2030-11-20,290,10,2030,42,2,,2030-11-24,2031-02-02,False,2029-02-05,November,Nov
2030-11-21,291,10,2030,42,2,,2030-11-24,2031-02-02,False,2029-02-05,November,Nov
2030-11-22,292,10,2030,42,2,,2030-11-24,2031-02-02,False,2029-02-05,November,Nov
2030-11-23,293,10,2030,42,2,,2030-11-24,2031-02-02,True,2029-02-05,November,Nov
2030-11-24,294,10,2030,42,2,,2030-11-24,2031-02-02,False,2029-02-05,November,Nov
2030-11-25,295,10,2030,43,2,2030-12-01,2030-12-01,2031-02-02,False,2029-02-05,November,Nov
2030-11-26,296,10,2030,43,2,2030-12-01,2030-12-01,2031-02-02,False,2029-02-05,November,Nov
2030-11-27,297,10,2030,43,2,2030-12-01,2030-12-01,2031-02-02,False,2029-02-05,November,Nov
2030-11-28,298,10,2030,43,2,2030-12-01,2030-12-01,2031-02-02,False,2029-02-05,November,Nov
2030-11-29,299,10,2030,43,2,2030-12-01,2030-12-01,2031-02-02,False,2029-02-05,November,Nov
2030-11-30,300,10,2030,43,2,2030-12-01,2030-12-01,2031-02-02,True,2029-02-05,November,Nov
2030-12-01,301,10,2030,43,2,2030-12-01,2030-12-01,2031-02-02,False,2029-02-05,December,Dec
2030-12-02,302,11,2030,44,2,,2030-12-08,2031-02-02,False,2029-02-05,December,Dec
2030-12-03,303,11,2030,44,2,,2030-12-08,2031-02-02,False,2029-02-05,December,Dec
2030-12-04,304,11,2030,44,2,,2030-12-08,2031-02-02,False,2029-02-05,December,Dec
2030-12-05,305,11,2030,44,2,,2030-12-08,2031-02-02,False,2029-02-05,December,Dec
2030-12-06,306,11,2030,44,2,,2030-12-08,2031-02-02,False,2029-02-05,December,Dec
2030-12-07,307,11,2030,44,2,,2030-12-08,2031-02-02,True,2029-02-05,December,Dec
2030-12-08,308,11,2030,44,2,,2030-12-08,2031-02-02,False,2029-02-05,December,Dec
2030-12-09,309,11,2030,45,2,,2030-12-15,2031-02-02,False,2029-02-05,December,Dec
2030-12-10,310,11,2030,45,2,,2030-12-15,2031-02-02,False,2029-02-05,December,Dec
2030-12-11,311,11,2030,45,2,,2030-12-15,2031-02-02,False,2029-02-05,December,Dec
2030-12-12,312,11,2030,45,2,,2030-12-15,2031-02-02,False,2029-02-05,December,Dec
2030-12-13,313,11,2030,45,2,,2030-12-15,2031-02-02,False,2029-02-05,December,Dec
2030-12-14,314,11,2030,45,2,,2030-12-15,2031-02-02,True,2029-02-05,December,Dec
2030-12-15,315,11,2030,45,2,,2030-12-15,2031-02-02,False,2029-02-05,December,Dec
2030-12-16,316,11,2030,46,2,,2030-12-22,2031-02-02,False,2029-02-05,December,Dec
2030-12-17,317,11,2030,46,2,,2030-12-22,2031-02-02,False,2029-02-05,December,Dec
2030-12-18,318,11,2030,46,2,,2030-12-22,2031-02-02,False,2029-02-05,December,Dec
2030-12-19,319,11,2030,46,2,,2030-12-22,2031-02-02,False,2029-02-05,December,Dec
2030-12-20,320,11,2030,46,2,,2030-12-22,2031-02-02,False,2029-02-05,December,Dec
2030-12-21,321,11,2030,46,2,,2030-12-22,2031-02-02,True,2029-02-05,December,Dec
2030-12-22,322,11,2030,46,2,,2030-12-22,2031-02-02,False,2029-02-05,December,Dec
2030-12-23,323,11,2030,47,2,2030-12-29,2030-12-29,2031-02-02,False,2029-02-05,December,Dec
2030-12-24,324,11,2030,47,2,2030-12-29,2030-12-29,2031-02-02,False,2029-02-05,December,Dec
2030-12-25,325,11,2030,47,2,2030-12-29,2030-12-29,2031-02-02,False,2029-02-05,December,Dec
2030-12-26,326,11,2030,47,2,2030-12-29,2030-12-29,2031-02-02,False,2029-02-05,December,Dec
2030-12-27,327,11,2030,47,2,2030-12-29,2030-12-29,2031-02-02,False,2029-02-05,December,Dec
2030-12-28,328,11,2030,47,2,2030-12-29,2030-12-29,2031-02-02,True,2029-02-05,December,Dec
2030-12-29,329,11,2030,47,2,2030-12-29,2030-12-29,2031-02-02,False,2029-02-05,December,Dec
2030-12-30,330,12,2030,48,2,,2031-01-05,2031-02-02,False,2029-02-05,December,Dec
2030-12-31,331,12,2030,48,2,,2031-01-05,2031-02-02,False,2029-02-05,December,Dec
2031-01-01,332,12,2030,48,2,,2031-01-05,2031-02-02,False,2029-02-05,January,Jan
2031-01-02,333,12,2030,48,2,,2031-01-05,2031-02-02,False,2029-02-05,January,Jan
2031-01-03,334,12,2030,48,2,,2031-01-05,2031-02-02,False,2029-02-05,January,Jan
2031-01-04,335,12,2030,48,2,,2031-01-05,2031-02-02,True,2029-02-05,January,Jan
2031-01-05,336,12,2030,48,2,,2031-01-05,2031-02-02,False,2029-02-05,January,Jan
2031-01-06,337,12,2030,49,2,,2031-01-12,2031-02-02,False,2029-02-05,January,Jan
2031-01-07,338,12,2030,49,2,,2031-01-12,2031-02-02,False,2029-02-05,January,Jan
2031-01-08,339,12,2030,49,2,,2031-01-12,2031-02-02,False,2029-02-05,January,Jan
2031-01-09,340,12,2030,49,2,,2031-01-12,2031-02-02,False,2029-02-05,January,Jan
2031-01-10,341,12,2030,49,2,,2031-01-12,2031-02-02,False,2029-02-05,January,Jan
2031-01-11,342,12,2030,49,2,,2031-01-12,2031-02-02,True,2029-02-05,January,Jan
2031-01-12,343,12,2030,49,2,,2031-01-12,2031-02-02,False,2029-02-05,January,Jan
2031-01-13,344,12,2030,50,2,,2031-01-19,2031-02-02,False,2029-02-05,January,Jan
2031-01-14,345,12,2030,50,2,,2031-01-19,2031-02-02,False,2029-02-05,January,Jan
2031-01-15,346,12,2030,50,2,,2031-01-19,2031-02-02,False,2029-02-05,January,Jan
2031-01-16,347,12,2030,50,2,,2031-01-19,2031-02-02,False,2029-02-05,January,Jan
2031-01-17,348,12,2030,50,2,,2031-01-19,2031-02-02,False,2029-02-05,January,Jan
2031-01-18,349,12,2030,50,2,,2031-01-19,2031-02-02,True,2029-02-05,January,Jan
2031-01-19,350,12,2030,50,2,,2031-01-19,2031-02-02,False,2029-02-05,January,Jan
2031-01-20,351,12,2030,51,2,,2031-01-26,2031-02-02,False,2029-02-05,January,Jan
2031-01-21,352,12,2030,51,2,,2031-01-26,2031-02-02,False,2029-02-05,January,Jan
2031-01-22,353,12,2030,51,2,,2031-01-26,2031-02-02,False,2029-02-05,January,Jan
2031-01-23,354,12,2030,51,2,,2031-01-26,2031-02-02,False,2029-02-05,January,Jan
2031-01-24,355,12,2030,51,2,,2031-01-26,2031-02-02,False,2029-02-05,January,Jan
2031-01-25,356,12,2030,51,2,,2031-01-26,2031-02-02,True,2029-02-05,January,Jan
2031-01-26,357,12,2030,51,2,,2031-01-26,2031-02-02,False,2029-02-05,January,Jan
2031-01-27,358,12,2030,52,2,2031-02-02,2031-02-02,2031-02-02,False,2029-02-05,January,Jan
2031-01-28,359,12,2030,52,2,2031-02-02,2031-02-02,2031-02-02,False,2029-02-05,January,Jan
2031-01-29,360,12,2030,52,2,2031-02-02,2031-02-02,2031-02-02,False,2029-02-05,January,Jan
2031-01-30,361,12,2030,52,2,2031-02-02,2031-02-02,2031-02-02,False,2029-02-05,January,Jan
2031-01-31,362,12,2030,52,2,2031-02-02,2031-02-02,2031-02-02,False,2029-02-05,January,Jan
2031-02-01,363,12,2030,52,2,2031-02-02,2031-02-02,2031-02-02,True,2029-02-05,February,Feb
2031-02-02,364,12,2030,52,2,2031-02-02,2031-02-02,2031-02-02,False,2029-02-05,February,Feb
